<?xml version="1.0" encoding="UTF-8"?>
<gpx creator="Garmin Connect" version="1.1"
  xsi:schemaLocation="http://www.topografix.com/GPX/1/1 http://www.topografix.com/GPX/11.xsd"
  xmlns:ns3="http://www.garmin.com/xmlschemas/TrackPointExtension/v1"
  xmlns="http://www.topografix.com/GPX/1/1"
  xmlns:xsi="http://www.w3.org/2001/XMLSchema-instance" xmlns:ns2="http://www.garmin.com/xmlschemas/GpxExtensions/v3">
  <metadata>
    <name>원주 마무트마운틴레이스  15 (17)</name>
    <link href="connect.garmin.com">
      <text>Garmin Connect</text>
    </link>
    <time>2026-06-09T09:38:36.000Z</time>
  </metadata>
  <trk>
    <name>원주 마무트마운틴레이스  15 (17)</name>
    <trkseg>
      <trkpt lat="37.25807189941406" lon="128.16346705891192">
        <ele>428.4</ele>
      </trkpt>
      <trkpt lat="37.25809520110488" lon="128.16338726319373">
        <ele>428.2</ele>
      </trkpt>
      <trkpt lat="37.25811095908284" lon="128.16335013136268">
        <ele>428.4</ele>
      </trkpt>
      <trkpt lat="37.25813048891723" lon="128.1633142568171">
        <ele>428.4</ele>
      </trkpt>
      <trkpt lat="37.25815488025546" lon="128.16327687352896">
        <ele>428.6</ele>
      </trkpt>
      <trkpt lat="37.258183462545276" lon="128.16323596984148">
        <ele>428.8</ele>
      </trkpt>
      <trkpt lat="37.258215732872486" lon="128.16319230012596">
        <ele>429.0</ele>
      </trkpt>
      <trkpt lat="37.258250433951616" lon="128.1631435174495">
        <ele>429.2</ele>
      </trkpt>
      <trkpt lat="37.258287481963634" lon="128.16308953799307">
        <ele>429.6</ele>
      </trkpt>
      <trkpt lat="37.25832536816597" lon="128.16303430125117">
        <ele>430.2</ele>
      </trkpt>
      <trkpt lat="37.25836409255862" lon="128.16297789104283">
        <ele>430.8</ele>
      </trkpt>
      <trkpt lat="37.25840290077031" lon="128.1629218161106">
        <ele>431.4</ele>
      </trkpt>
      <trkpt lat="37.25844011642039" lon="128.1628633942455">
        <ele>432.0</ele>
      </trkpt>
      <trkpt lat="37.25847448222339" lon="128.16280212253332">
        <ele>432.6</ele>
      </trkpt>
      <trkpt lat="37.258505411446095" lon="128.16273716278374">
        <ele>433.2</ele>
      </trkpt>
      <trkpt lat="37.25853223353624" lon="128.16266868263483">
        <ele>433.6</ele>
      </trkpt>
      <trkpt lat="37.25855302065611" lon="128.16259508952498">
        <ele>434.0</ele>
      </trkpt>
      <trkpt lat="37.25856483913958" lon="128.16252049058676">
        <ele>434.6</ele>
      </trkpt>
      <trkpt lat="37.25857028737664" lon="128.16244513727725">
        <ele>435.0</ele>
      </trkpt>
      <trkpt lat="37.25857120938599" lon="128.16237162798643">
        <ele>435.6</ele>
      </trkpt>
      <trkpt lat="37.258570874109864" lon="128.16230691969395">
        <ele>436.2</ele>
      </trkpt>
      <trkpt lat="37.25857456214726" lon="128.16225134767592">
        <ele>437.0</ele>
      </trkpt>
      <trkpt lat="37.25858587771654" lon="128.16220340318978">
        <ele>437.6</ele>
      </trkpt>
      <trkpt lat="37.25860130041838" lon="128.16216073930264">
        <ele>438.2</ele>
      </trkpt>
      <trkpt lat="37.258625607937574" lon="128.16212587058544">
        <ele>438.8</ele>
      </trkpt>
      <trkpt lat="37.258655447512865" lon="128.16209569573402">
        <ele>439.2</ele>
      </trkpt>
      <trkpt lat="37.25868796929717" lon="128.16206200048327">
        <ele>439.6</ele>
      </trkpt>
      <trkpt lat="37.25871931761503" lon="128.16201866604388">
        <ele>439.6</ele>
      </trkpt>
      <trkpt lat="37.258745888248086" lon="128.1619640160352">
        <ele>439.6</ele>
      </trkpt>
      <trkpt lat="37.258768267929554" lon="128.16190081648529">
        <ele>439.2</ele>
      </trkpt>
      <trkpt lat="37.25879014469683" lon="128.1618324201554">
        <ele>439.0</ele>
      </trkpt>
      <trkpt lat="37.25881453603506" lon="128.1617594975978">
        <ele>438.8</ele>
      </trkpt>
      <trkpt lat="37.25884278304875" lon="128.16167928278446">
        <ele>439.0</ele>
      </trkpt>
      <trkpt lat="37.25887354463339" lon="128.16159764304757">
        <ele>439.4</ele>
      </trkpt>
      <trkpt lat="37.25890723988414" lon="128.16151575185359">
        <ele>439.8</ele>
      </trkpt>
      <trkpt lat="37.25894403643906" lon="128.16143427975476">
        <ele>440.2</ele>
      </trkpt>
      <trkpt lat="37.25898519158363" lon="128.16135180182755">
        <ele>440.6</ele>
      </trkpt>
      <trkpt lat="37.25903045386076" lon="128.1612739339471">
        <ele>441.0</ele>
      </trkpt>
      <trkpt lat="37.25907898508012" lon="128.16119925118983">
        <ele>441.2</ele>
      </trkpt>
      <trkpt lat="37.25912961177528" lon="128.16112406551838">
        <ele>441.6</ele>
      </trkpt>
      <trkpt lat="37.25918258540332" lon="128.16104921512306">
        <ele>442.0</ele>
      </trkpt>
      <trkpt lat="37.25924167782068" lon="128.1609758734703">
        <ele>442.8</ele>
      </trkpt>
      <trkpt lat="37.259305799379945" lon="128.16090647131205">
        <ele>443.8</ele>
      </trkpt>
      <trkpt lat="37.25937344133854" lon="128.16084151156247">
        <ele>444.6</ele>
      </trkpt>
      <trkpt lat="37.25944301113486" lon="128.16077906638384">
        <ele>445.6</ele>
      </trkpt>
      <trkpt lat="37.259511072188616" lon="128.16072064451873">
        <ele>446.2</ele>
      </trkpt>
      <trkpt lat="37.25957594811916" lon="128.1606660783291">
        <ele>446.6</ele>
      </trkpt>
      <trkpt lat="37.259636633098125" lon="128.16061620600522">
        <ele>446.8</ele>
      </trkpt>
      <trkpt lat="37.25969145074487" lon="128.16057320684195">
        <ele>447.2</ele>
      </trkpt>
      <trkpt lat="37.25974199362099" lon="128.16053356043994">
        <ele>447.6</ele>
      </trkpt>
      <trkpt lat="37.25979161448777" lon="128.16049575805664">
        <ele>448.0</ele>
      </trkpt>
      <trkpt lat="37.259837966412306" lon="128.16045912913978">
        <ele>448.6</ele>
      </trkpt>
      <trkpt lat="37.259883815422654" lon="128.16041914746165">
        <ele>449.2</ele>
      </trkpt>
      <trkpt lat="37.25992606021464" lon="128.16037891432643">
        <ele>450.0</ele>
      </trkpt>
      <trkpt lat="37.2599658742547" lon="128.16034169867635">
        <ele>451.0</ele>
      </trkpt>
      <trkpt lat="37.2600076161325" lon="128.16030758433044">
        <ele>452.0</ele>
      </trkpt>
      <trkpt lat="37.26005128584802" lon="128.16027824766934">
        <ele>453.0</ele>
      </trkpt>
      <trkpt lat="37.26009503938258" lon="128.16025653854012">
        <ele>454.2</ele>
      </trkpt>
      <trkpt lat="37.260139882564545" lon="128.160242959857">
        <ele>455.4</ele>
      </trkpt>
      <trkpt lat="37.26018413901329" lon="128.16023776307702">
        <ele>456.6</ele>
      </trkpt>
      <trkpt lat="37.260228311643004" lon="128.16023625433445">
        <ele>457.4</ele>
      </trkpt>
      <trkpt lat="37.260271897539496" lon="128.1602392718196">
        <ele>458.4</ele>
      </trkpt>
      <trkpt lat="37.260314309969544" lon="128.16024849191308">
        <ele>459.0</ele>
      </trkpt>
      <trkpt lat="37.26035512983799" lon="128.16026433371007">
        <ele>459.2</ele>
      </trkpt>
      <trkpt lat="37.26039603352547" lon="128.1602892279625">
        <ele>459.4</ele>
      </trkpt>
      <trkpt lat="37.26043484173715" lon="128.16032107919455">
        <ele>459.2</ele>
      </trkpt>
      <trkpt lat="37.2604701295495" lon="128.16036055795848">
        <ele>459.0</ele>
      </trkpt>
      <trkpt lat="37.260500974953175" lon="128.16040229983628">
        <ele>458.8</ele>
      </trkpt>
      <trkpt lat="37.26052846759558" lon="128.16043867729604">
        <ele>458.4</ele>
      </trkpt>
      <trkpt lat="37.26055252365768" lon="128.1604639068246">
        <ele>458.2</ele>
      </trkpt>
      <trkpt lat="37.26057347841561" lon="128.16048000007868">
        <ele>457.8</ele>
      </trkpt>
      <trkpt lat="37.260590912774205" lon="128.16048737615347">
        <ele>457.4</ele>
      </trkpt>
      <trkpt lat="37.2606067545712" lon="128.16048779524863">
        <ele>457.2</ele>
      </trkpt>
      <trkpt lat="37.26062586531043" lon="128.1604816764593">
        <ele>456.8</ele>
      </trkpt>
      <trkpt lat="37.26065134629607" lon="128.16046080552042">
        <ele>456.6</ele>
      </trkpt>
      <trkpt lat="37.26068118587136" lon="128.16042635589838">
        <ele>456.8</ele>
      </trkpt>
      <trkpt lat="37.26071228273213" lon="128.160385703668">
        <ele>457.0</ele>
      </trkpt>
      <trkpt lat="37.2607447206974" lon="128.160340776667">
        <ele>457.4</ele>
      </trkpt>
      <trkpt lat="37.260777074843645" lon="128.16029283218086">
        <ele>457.8</ele>
      </trkpt>
      <trkpt lat="37.26081102155149" lon="128.160242959857">
        <ele>458.4</ele>
      </trkpt>
      <trkpt lat="37.26084756664932" lon="128.16019526682794">
        <ele>459.0</ele>
      </trkpt>
      <trkpt lat="37.26088855415583" lon="128.16015402786434">
        <ele>459.6</ele>
      </trkpt>
      <trkpt lat="37.26093716919422" lon="128.16012217663229">
        <ele>460.2</ele>
      </trkpt>
      <trkpt lat="37.26099131628871" lon="128.16009468398988">
        <ele>461.0</ele>
      </trkpt>
      <trkpt lat="37.26105183362961" lon="128.16007087938488">
        <ele>461.8</ele>
      </trkpt>
      <trkpt lat="37.26111679337919" lon="128.1600492540747">
        <ele>462.6</ele>
      </trkpt>
      <trkpt lat="37.26118594408035" lon="128.1600278802216">
        <ele>463.6</ele>
      </trkpt>
      <trkpt lat="37.26125760935247" lon="128.16000684164464">
        <ele>464.6</ele>
      </trkpt>
      <trkpt lat="37.261330196633935" lon="128.1599842943251">
        <ele>465.8</ele>
      </trkpt>
      <trkpt lat="37.26140412501991" lon="128.1599609926343">
        <ele>467.0</ele>
      </trkpt>
      <trkpt lat="37.26147696375847" lon="128.15993676893413">
        <ele>468.2</ele>
      </trkpt>
      <trkpt lat="37.26155022159219" lon="128.1599137187004">
        <ele>469.6</ele>
      </trkpt>
      <trkpt lat="37.26161979138851" lon="128.1598928477615">
        <ele>470.8</ele>
      </trkpt>
      <trkpt lat="37.26168508641422" lon="128.15987675450742">
        <ele>472.0</ele>
      </trkpt>
      <trkpt lat="37.26174426265061" lon="128.1598661094904">
        <ele>473.2</ele>
      </trkpt>
      <trkpt lat="37.261799247935414" lon="128.1598594877869">
        <ele>474.0</ele>
      </trkpt>
      <trkpt lat="37.261853562667966" lon="128.1598573923111">
        <ele>474.6</ele>
      </trkpt>
      <trkpt lat="37.261909721419215" lon="128.15986116416752">
        <ele>475.2</ele>
      </trkpt>
      <trkpt lat="37.2619694005698" lon="128.15986887551844">
        <ele>475.6</ele>
      </trkpt>
      <trkpt lat="37.26203352212906" lon="128.15987926907837">
        <ele>476.0</ele>
      </trkpt>
      <trkpt lat="37.26210108026862" lon="128.1598904170096">
        <ele>476.6</ele>
      </trkpt>
      <trkpt lat="37.262170650064945" lon="128.1599004752934">
        <ele>477.2</ele>
      </trkpt>
      <trkpt lat="37.26224013604224" lon="128.15990768373013">
        <ele>478.0</ele>
      </trkpt>
      <trkpt lat="37.262304592877626" lon="128.15991112031043">
        <ele>478.6</ele>
      </trkpt>
      <trkpt lat="37.26236200891435" lon="128.15991363488138">
        <ele>479.0</ele>
      </trkpt>
      <trkpt lat="37.26241649128497" lon="128.15991774201393">
        <ele>479.4</ele>
      </trkpt>
      <trkpt lat="37.2624683752656" lon="128.15992327407002">
        <ele>479.8</ele>
      </trkpt>
      <trkpt lat="37.262521013617516" lon="128.15992964431643">
        <ele>480.2</ele>
      </trkpt>
      <trkpt lat="37.26257775910199" lon="128.1599353440106">
        <ele>480.8</ele>
      </trkpt>
      <trkpt lat="37.26263400167227" lon="128.15993651747704">
        <ele>481.6</ele>
      </trkpt>
      <trkpt lat="37.26269032806158" lon="128.15993039868772">
        <ele>482.6</ele>
      </trkpt>
      <trkpt lat="37.26274791173637" lon="128.15991732291877">
        <ele>483.4</ele>
      </trkpt>
      <trkpt lat="37.262803399935365" lon="128.15990055911243">
        <ele>484.2</ele>
      </trkpt>
      <trkpt lat="37.26285796612501" lon="128.15988220274448">
        <ele>485.0</ele>
      </trkpt>
      <trkpt lat="37.26291261613369" lon="128.1598613318056">
        <ele>485.8</ele>
      </trkpt>
      <trkpt lat="37.262968104332685" lon="128.15983685664833">
        <ele>486.6</ele>
      </trkpt>
      <trkpt lat="37.263022838160396" lon="128.15980835817754">
        <ele>487.4</ele>
      </trkpt>
      <trkpt lat="37.26307790726423" lon="128.15977399237454">
        <ele>488.0</ele>
      </trkpt>
      <trkpt lat="37.26313289254904" lon="128.1597345136106">
        <ele>488.8</ele>
      </trkpt>
      <trkpt lat="37.263186955824494" lon="128.15969184972346">
        <ele>489.6</ele>
      </trkpt>
      <trkpt lat="37.263241773471236" lon="128.1596478447318">
        <ele>490.6</ele>
      </trkpt>
      <trkpt lat="37.26329809986055" lon="128.15960425883532">
        <ele>491.4</ele>
      </trkpt>
      <trkpt lat="37.26335627026856" lon="128.15956151112914">
        <ele>492.2</ele>
      </trkpt>
      <trkpt lat="37.26341435685754" lon="128.15951951779425">
        <ele>493.0</ele>
      </trkpt>
      <trkpt lat="37.26347110234201" lon="128.1594752613455">
        <ele>494.0</ele>
      </trkpt>
      <trkpt lat="37.2635249979794" lon="128.15942622721195">
        <ele>495.0</ele>
      </trkpt>
      <trkpt lat="37.263572942465544" lon="128.15937132574618">
        <ele>496.2</ele>
      </trkpt>
      <trkpt lat="37.26361535489559" lon="128.15931223332882">
        <ele>497.4</ele>
      </trkpt>
      <trkpt lat="37.26365424692631" lon="128.1592534761876">
        <ele>498.6</ele>
      </trkpt>
      <trkpt lat="37.26369263604283" lon="128.15919631160796">
        <ele>499.8</ele>
      </trkpt>
      <trkpt lat="37.26373286917806" lon="128.15914350561798">
        <ele>500.8</ele>
      </trkpt>
      <trkpt lat="37.263777293264866" lon="128.15909422002733">
        <ele>501.8</ele>
      </trkpt>
      <trkpt lat="37.263825656846166" lon="128.15905122086406">
        <ele>502.6</ele>
      </trkpt>
      <trkpt lat="37.26387779228389" lon="128.15901333466172">
        <ele>503.4</ele>
      </trkpt>
      <trkpt lat="37.26392992772162" lon="128.15897896885872">
        <ele>504.2</ele>
      </trkpt>
      <trkpt lat="37.26397845894098" lon="128.15894887782633">
        <ele>505.0</ele>
      </trkpt>
      <trkpt lat="37.26402246393263" lon="128.15891585312784">
        <ele>505.6</ele>
      </trkpt>
      <trkpt lat="37.26406236179173" lon="128.15887754783034">
        <ele>506.0</ele>
      </trkpt>
      <trkpt lat="37.264095805585384" lon="128.1588309444487">
        <ele>506.2</ele>
      </trkpt>
      <trkpt lat="37.26412212476134" lon="128.1587716843933">
        <ele>506.4</ele>
      </trkpt>
      <trkpt lat="37.26414098404348" lon="128.15870387479663">
        <ele>506.6</ele>
      </trkpt>
      <trkpt lat="37.264157412573695" lon="128.15862734802067">
        <ele>506.8</ele>
      </trkpt>
      <trkpt lat="37.26417677477002" lon="128.15854436717927">
        <ele>507.2</ele>
      </trkpt>
      <trkpt lat="37.26420116610825" lon="128.15845811739564">
        <ele>507.6</ele>
      </trkpt>
      <trkpt lat="37.264228239655495" lon="128.15837329253554">
        <ele>508.2</ele>
      </trkpt>
      <trkpt lat="37.26425833068788" lon="128.158289892599">
        <ele>509.0</ele>
      </trkpt>
      <trkpt lat="37.2642866615206" lon="128.1582087557763">
        <ele>510.0</ele>
      </trkpt>
      <trkpt lat="37.26431105285883" lon="128.15812770277262">
        <ele>511.2</ele>
      </trkpt>
      <trkpt lat="37.26433108560741" lon="128.15804723650217">
        <ele>512.6</ele>
      </trkpt>
      <trkpt lat="37.26434960961342" lon="128.15796660259366">
        <ele>513.8</ele>
      </trkpt>
      <trkpt lat="37.264369977638125" lon="128.1578898243606">
        <ele>515.2</ele>
      </trkpt>
      <trkpt lat="37.26439311169088" lon="128.15781757235527">
        <ele>516.6</ele>
      </trkpt>
      <trkpt lat="37.26442211307585" lon="128.1577500142157">
        <ele>518.0</ele>
      </trkpt>
      <trkpt lat="37.26445706561208" lon="128.15768773667514">
        <ele>519.0</ele>
      </trkpt>
      <trkpt lat="37.26449780166149" lon="128.1576308235526">
        <ele>520.2</ele>
      </trkpt>
      <trkpt lat="37.26454323157668" lon="128.1575742457062">
        <ele>521.4</ele>
      </trkpt>
      <trkpt lat="37.26459159515798" lon="128.15751674585044">
        <ele>522.6</ele>
      </trkpt>
      <trkpt lat="37.264640713110566" lon="128.1574550550431">
        <ele>523.8</ele>
      </trkpt>
      <trkpt lat="37.26468589156866" lon="128.15739026293159">
        <ele>525.4</ele>
      </trkpt>
      <trkpt lat="37.26472637616098" lon="128.1573234591633">
        <ele>526.8</ele>
      </trkpt>
      <trkpt lat="37.26476049050689" lon="128.15725296735764">
        <ele>528.2</ele>
      </trkpt>
      <trkpt lat="37.26478781551123" lon="128.15717845223844">
        <ele>529.8</ele>
      </trkpt>
      <trkpt lat="37.26480784825981" lon="128.15710293129086">
        <ele>531.0</ele>
      </trkpt>
      <trkpt lat="37.264821929857135" lon="128.15703042782843">
        <ele>532.2</ele>
      </trkpt>
      <trkpt lat="37.26483039557934" lon="128.15696152858436">
        <ele>533.4</ele>
      </trkpt>
      <trkpt lat="37.2648358438164" lon="128.15690436400473">
        <ele>534.4</ele>
      </trkpt>
      <trkpt lat="37.26483936421573" lon="128.15686346031725">
        <ele>535.0</ele>
      </trkpt>
      <trkpt lat="37.264841543510556" lon="128.15683496184647">
        <ele>535.6</ele>
      </trkpt>
      <trkpt lat="37.26484280079603" lon="128.15681358799338">
        <ele>536.0</ele>
      </trkpt>
      <trkpt lat="37.26484573446214" lon="128.15679288469255">
        <ele>536.2</ele>
      </trkpt>
      <trkpt lat="37.26485067978501" lon="128.15677067264915">
        <ele>536.4</ele>
      </trkpt>
      <trkpt lat="37.26485914550722" lon="128.15674963407218">
        <ele>536.6</ele>
      </trkpt>
      <trkpt lat="37.26487196981907" lon="128.15673270262778">
        <ele>536.8</ele>
      </trkpt>
      <trkpt lat="37.264887392520905" lon="128.1567240692675">
        <ele>537.2</ele>
      </trkpt>
      <trkpt lat="37.264903066679835" lon="128.15672599710524">
        <ele>537.8</ele>
      </trkpt>
      <trkpt lat="37.26491748355329" lon="128.15673840232193">
        <ele>538.4</ele>
      </trkpt>
      <trkpt lat="37.26492863148451" lon="128.1567642185837">
        <ele>538.8</ele>
      </trkpt>
      <trkpt lat="37.26493458263576" lon="128.15679891966283">
        <ele>539.2</ele>
      </trkpt>
      <trkpt lat="37.264936259016395" lon="128.15683890134096">
        <ele>539.6</ele>
      </trkpt>
      <trkpt lat="37.26493567228317" lon="128.15688743256032">
        <ele>539.8</ele>
      </trkpt>
      <trkpt lat="37.264934331178665" lon="128.15694585442543">
        <ele>540.2</ele>
      </trkpt>
      <trkpt lat="37.26493307389319" lon="128.1570150051266">
        <ele>540.4</ele>
      </trkpt>
      <trkpt lat="37.264931397512555" lon="128.15708834677935">
        <ele>540.8</ele>
      </trkpt>
      <trkpt lat="37.26492838002741" lon="128.15716504119337">
        <ele>541.2</ele>
      </trkpt>
      <trkpt lat="37.26492427289486" lon="128.1572444178164">
        <ele>541.8</ele>
      </trkpt>
      <trkpt lat="37.26491957902908" lon="128.15732312388718">
        <ele>542.4</ele>
      </trkpt>
      <trkpt lat="37.264913376420736" lon="128.15739738754928">
        <ele>543.0</ele>
      </trkpt>
      <trkpt lat="37.264906922355294" lon="128.15747098065913">
        <ele>543.8</ele>
      </trkpt>
      <trkpt lat="37.2649013902992" lon="128.15754407085478">
        <ele>544.6</ele>
      </trkpt>
      <trkpt lat="37.2648963611573" lon="128.15762034617364">
        <ele>545.4</ele>
      </trkpt>
      <trkpt lat="37.26489250548184" lon="128.1576987169683">
        <ele>546.0</ele>
      </trkpt>
      <trkpt lat="37.26488873362541" lon="128.15777658484876">
        <ele>546.8</ele>
      </trkpt>
      <trkpt lat="37.26488269865513" lon="128.15785286016762">
        <ele>547.4</ele>
      </trkpt>
      <trkpt lat="37.26487448439002" lon="128.1579272914678">
        <ele>547.6</ele>
      </trkpt>
      <trkpt lat="37.26486132480204" lon="128.15800432115793">
        <ele>547.8</ele>
      </trkpt>
      <trkpt lat="37.26484422571957" lon="128.15808151848614">
        <ele>548.0</ele>
      </trkpt>
      <trkpt lat="37.26482477970421" lon="128.15815628506243">
        <ele>548.4</ele>
      </trkpt>
      <trkpt lat="37.26480642333627" lon="128.15822660923004">
        <ele>549.2</ele>
      </trkpt>
      <trkpt lat="37.26479426957667" lon="128.1582904793322">
        <ele>549.6</ele>
      </trkpt>
      <trkpt lat="37.26479141972959" lon="128.15834890119731">
        <ele>550.0</ele>
      </trkpt>
      <trkpt lat="37.26480172947049" lon="128.15840179100633">
        <ele>550.0</ele>
      </trkpt>
      <trkpt lat="37.26482352241874" lon="128.15845241770148">
        <ele>550.0</ele>
      </trkpt>
      <trkpt lat="37.264854703098536" lon="128.15850103273988">
        <ele>549.6</ele>
      </trkpt>
      <trkpt lat="37.26489300839603" lon="128.15854931250215">
        <ele>549.6</ele>
      </trkpt>
      <trkpt lat="37.26493667811155" lon="128.15859591588378">
        <ele>549.8</ele>
      </trkpt>
      <trkpt lat="37.26498286239803" lon="128.15863757394254">
        <ele>550.0</ele>
      </trkpt>
      <trkpt lat="37.265034494921565" lon="128.15867487341166">
        <ele>550.2</ele>
      </trkpt>
      <trkpt lat="37.265083864331245" lon="128.15870446152985">
        <ele>550.2</ele>
      </trkpt>
      <trkpt lat="37.265132647007704" lon="128.1587280984968">
        <ele>550.2</ele>
      </trkpt>
      <trkpt lat="37.26517983712256" lon="128.15874804742634">
        <ele>550.0</ele>
      </trkpt>
      <trkpt lat="37.265226105228066" lon="128.15876523032784">
        <ele>549.8</ele>
      </trkpt>
      <trkpt lat="37.26527170278132" lon="128.15878182649612">
        <ele>550.0</ele>
      </trkpt>
      <trkpt lat="37.26531562395394" lon="128.15879850648344">
        <ele>550.4</ele>
      </trkpt>
      <trkpt lat="37.26535828784108" lon="128.15881552174687">
        <ele>550.4</ele>
      </trkpt>
      <trkpt lat="37.26540028117597" lon="128.1588332913816">
        <ele>551.0</ele>
      </trkpt>
      <trkpt lat="37.26544168777764" lon="128.1588534079492">
        <ele>551.4</ele>
      </trkpt>
      <trkpt lat="37.265482507646084" lon="128.1588761229068">
        <ele>551.8</ele>
      </trkpt>
      <trkpt lat="37.26552148349583" lon="128.15890101715922">
        <ele>552.2</ele>
      </trkpt>
      <trkpt lat="37.265559285879135" lon="128.15892825834453">
        <ele>552.6</ele>
      </trkpt>
      <trkpt lat="37.2655956633389" lon="128.15895734354854">
        <ele>553.0</ele>
      </trkpt>
      <trkpt lat="37.26563053205609" lon="128.1589863449335">
        <ele>553.4</ele>
      </trkpt>
      <trkpt lat="37.265662886202335" lon="128.15901341848075">
        <ele>553.8</ele>
      </trkpt>
      <trkpt lat="37.265696581453085" lon="128.15904032438993">
        <ele>554.2</ele>
      </trkpt>
      <trkpt lat="37.265730779618025" lon="128.15906655974686">
        <ele>554.4</ele>
      </trkpt>
      <trkpt lat="37.2657648101449" lon="128.15909170545638">
        <ele>554.8</ele>
      </trkpt>
      <trkpt lat="37.265800181776285" lon="128.15911517478526">
        <ele>555.2</ele>
      </trkpt>
      <trkpt lat="37.26583655923605" lon="128.15913680009544">
        <ele>555.6</ele>
      </trkpt>
      <trkpt lat="37.26587318815291" lon="128.15915817394853">
        <ele>556.0</ele>
      </trkpt>
      <trkpt lat="37.265909565612674" lon="128.15917837433517">
        <ele>556.6</ele>
      </trkpt>
      <trkpt lat="37.26594569161534" lon="128.15919849090278">
        <ele>557.2</ele>
      </trkpt>
      <trkpt lat="37.26598064415157" lon="128.15921802073717">
        <ele>557.8</ele>
      </trkpt>
      <trkpt lat="37.266016602516174" lon="128.15923780202866">
        <ele>558.6</ele>
      </trkpt>
      <trkpt lat="37.266051387414336" lon="128.1592582538724">
        <ele>559.2</ele>
      </trkpt>
      <trkpt lat="37.26608583703637" lon="128.1592793762684">
        <ele>560.0</ele>
      </trkpt>
      <trkpt lat="37.26611886173487" lon="128.15930125303566">
        <ele>560.8</ele>
      </trkpt>
      <trkpt lat="37.266150042414665" lon="128.15932547673583">
        <ele>561.4</ele>
      </trkpt>
      <trkpt lat="37.26617904379964" lon="128.15935196354985">
        <ele>562.2</ele>
      </trkpt>
      <trkpt lat="37.26620460860431" lon="128.15938322804868">
        <ele>562.8</ele>
      </trkpt>
      <trkpt lat="37.26622606627643" lon="128.15941968932748">
        <ele>563.6</ele>
      </trkpt>
      <trkpt lat="37.26623981259763" lon="128.15946076065302">
        <ele>564.2</ele>
      </trkpt>
      <trkpt lat="37.26624643430114" lon="128.15950518473983">
        <ele>564.6</ele>
      </trkpt>
      <trkpt lat="37.26624375209212" lon="128.15954566933215">
        <ele>565.2</ele>
      </trkpt>
      <trkpt lat="37.26623025722802" lon="128.15958430990577">
        <ele>565.6</ele>
      </trkpt>
      <trkpt lat="37.266208212822676" lon="128.1596148200333">
        <ele>566.0</ele>
      </trkpt>
      <trkpt lat="37.266177870333195" lon="128.15963627770543">
        <ele>566.2</ele>
      </trkpt>
      <trkpt lat="37.266140738502145" lon="128.15964985638857">
        <ele>566.2</ele>
      </trkpt>
      <trkpt lat="37.266098242253065" lon="128.1596581544727">
        <ele>566.2</ele>
      </trkpt>
      <trkpt lat="37.26605063304305" lon="128.15966284833848">
        <ele>566.4</ele>
      </trkpt>
      <trkpt lat="37.26599799469113" lon="128.15966695547104">
        <ele>566.6</ele>
      </trkpt>
      <trkpt lat="37.265943763777614" lon="128.1596710626036">
        <ele>566.8</ele>
      </trkpt>
      <trkpt lat="37.265888107940555" lon="128.1596755888313">
        <ele>567.2</ele>
      </trkpt>
      <trkpt lat="37.26583354175091" lon="128.15967969596386">
        <ele>567.6</ele>
      </trkpt>
      <trkpt lat="37.26577947847545" lon="128.15968330018222">
        <ele>567.8</ele>
      </trkpt>
      <trkpt lat="37.265727845951915" lon="128.15968514420092">
        <ele>568.4</ele>
      </trkpt>
      <trkpt lat="37.265678560361266" lon="128.15968631766737">
        <ele>568.8</ele>
      </trkpt>
      <trkpt lat="37.26563053205609" lon="128.15968732349575">
        <ele>569.0</ele>
      </trkpt>
      <trkpt lat="37.26558183319867" lon="128.15968816168606">
        <ele>569.4</ele>
      </trkpt>
      <trkpt lat="37.26553397253156" lon="128.15968816168606">
        <ele>569.6</ele>
      </trkpt>
      <trkpt lat="37.26548611186445" lon="128.1596858985722">
        <ele>569.8</ele>
      </trkpt>
      <trkpt lat="37.26543934084475" lon="128.15968179143965">
        <ele>570.0</ele>
      </trkpt>
      <trkpt lat="37.26539131253958" lon="128.15967651084065">
        <ele>570.0</ele>
      </trkpt>
      <trkpt lat="37.26534361951053" lon="128.1596729066223">
        <ele>570.2</ele>
      </trkpt>
      <trkpt lat="37.26529500447214" lon="128.15967433154583">
        <ele>570.2</ele>
      </trkpt>
      <trkpt lat="37.26524638943374" lon="128.15968489274383">
        <ele>570.4</ele>
      </trkpt>
      <trkpt lat="37.265196852386" lon="128.15970618277788">
        <ele>570.6</ele>
      </trkpt>
      <trkpt lat="37.265148321166635" lon="128.15973518416286">
        <ele>571.0</ele>
      </trkpt>
      <trkpt lat="37.26509962230921" lon="128.1597675383091">
        <ele>571.2</ele>
      </trkpt>
      <trkpt lat="37.2650483250618" lon="128.15979762934148">
        <ele>571.8</ele>
      </trkpt>
      <trkpt lat="37.26499434560537" lon="128.15982319414616">
        <ele>572.2</ele>
      </trkpt>
      <trkpt lat="37.264938773587346" lon="128.1598423048854">
        <ele>572.8</ele>
      </trkpt>
      <trkpt lat="37.26488487794995" lon="128.15985412336886">
        <ele>573.8</ele>
      </trkpt>
      <trkpt lat="37.2648342512548" lon="128.1598610803485">
        <ele>574.4</ele>
      </trkpt>
      <trkpt lat="37.26478555239737" lon="128.15986359491944">
        <ele>575.2</ele>
      </trkpt>
      <trkpt lat="37.26473777554929" lon="128.15986393019557">
        <ele>576.2</ele>
      </trkpt>
      <trkpt lat="37.26469326764345" lon="128.15986803732812">
        <ele>576.8</ele>
      </trkpt>
      <trkpt lat="37.26465219631791" lon="128.15988178364933">
        <ele>577.2</ele>
      </trkpt>
      <trkpt lat="37.26461892016232" lon="128.15991120412946">
        <ele>577.4</ele>
      </trkpt>
      <trkpt lat="37.26459989324212" lon="128.15995244309306">
        <ele>577.6</ele>
      </trkpt>
      <trkpt lat="37.264598635956645" lon="128.15999954938889">
        <ele>577.6</ele>
      </trkpt>
      <trkpt lat="37.26461003534496" lon="128.16004472784698">
        <ele>577.6</ele>
      </trkpt>
      <trkpt lat="37.26462855935097" lon="128.16008982248604">
        <ele>577.8</ele>
      </trkpt>
      <trkpt lat="37.26464884355664" lon="128.16013391129673">
        <ele>578.4</ele>
      </trkpt>
      <trkpt lat="37.26467063650489" lon="128.16017657518387">
        <ele>579.0</ele>
      </trkpt>
      <trkpt lat="37.264690920710564" lon="128.16021697595716">
        <ele>579.6</ele>
      </trkpt>
      <trkpt lat="37.264708103612065" lon="128.1602601427585">
        <ele>580.4</ele>
      </trkpt>
      <trkpt lat="37.26472050882876" lon="128.16030557267368">
        <ele>581.2</ele>
      </trkpt>
      <trkpt lat="37.264726627618074" lon="128.1603529304266">
        <ele>581.8</ele>
      </trkpt>
      <trkpt lat="37.26472604088485" lon="128.1604012940079">
        <ele>582.4</ele>
      </trkpt>
      <trkpt lat="37.26472017355263" lon="128.16045166924596">
        <ele>583.0</ele>
      </trkpt>
      <trkpt lat="37.26471187546849" lon="128.16050581634045">
        <ele>583.6</ele>
      </trkpt>
      <trkpt lat="37.26470399647951" lon="128.1605612207204">
        <ele>583.8</ele>
      </trkpt>
      <trkpt lat="37.264696871861815" lon="128.1606164574623">
        <ele>584.2</ele>
      </trkpt>
      <trkpt lat="37.26469083689153" lon="128.16067420877516">
        <ele>584.6</ele>
      </trkpt>
      <trkpt lat="37.26468379609287" lon="128.16073472611606">
        <ele>584.8</ele>
      </trkpt>
      <trkpt lat="37.264675833284855" lon="128.16079390235245">
        <ele>585.0</ele>
      </trkpt>
      <trkpt lat="37.26466569118202" lon="128.16085492260754">
        <ele>585.2</ele>
      </trkpt>
      <trkpt lat="37.26465420797467" lon="128.1609137635678">
        <ele>585.4</ele>
      </trkpt>
      <trkpt lat="37.2646407969296" lon="128.1609710957855">
        <ele>585.4</ele>
      </trkpt>
      <trkpt lat="37.26462470367551" lon="128.1610244885087">
        <ele>585.4</ele>
      </trkpt>
      <trkpt lat="37.26460467092693" lon="128.16107779741287">
        <ele>585.4</ele>
      </trkpt>
      <trkpt lat="37.264580614864826" lon="128.16112875938416">
        <ele>585.4</ele>
      </trkpt>
      <trkpt lat="37.26455328986049" lon="128.16117494367063">
        <ele>585.6</ele>
      </trkpt>
      <trkpt lat="37.26452227681875" lon="128.16121492534876">
        <ele>585.6</ele>
      </trkpt>
      <trkpt lat="37.26449143141508" lon="128.1612504646182">
        <ele>585.8</ele>
      </trkpt>
      <trkpt lat="37.26446025073528" lon="128.16128223203123">
        <ele>585.8</ele>
      </trkpt>
      <trkpt lat="37.26442798040807" lon="128.16131165251136">
        <ele>586.2</ele>
      </trkpt>
      <trkpt lat="37.26439428515732" lon="128.16133671440184">
        <ele>586.4</ele>
      </trkpt>
      <trkpt lat="37.26435815915465" lon="128.16135574132204">
        <ele>586.8</ele>
      </trkpt>
      <trkpt lat="37.264319434762" lon="128.1613669730723">
        <ele>587.0</ele>
      </trkpt>
      <trkpt lat="37.26427936926484" lon="128.1613696552813">
        <ele>587.4</ele>
      </trkpt>
      <trkpt lat="37.264238046482205" lon="128.16136739216745">
        <ele>587.6</ele>
      </trkpt>
      <trkpt lat="37.26419630460441" lon="128.1613643746823">
        <ele>587.8</ele>
      </trkpt>
      <trkpt lat="37.2641537245363" lon="128.16136613488197">
        <ele>588.0</ele>
      </trkpt>
      <trkpt lat="37.26411181502044" lon="128.1613786239177">
        <ele>588.2</ele>
      </trkpt>
      <trkpt lat="37.26407149806619" lon="128.16139932721853">
        <ele>588.2</ele>
      </trkpt>
      <trkpt lat="37.264032773673534" lon="128.16142640076578">
        <ele>588.0</ele>
      </trkpt>
      <trkpt lat="37.26399505510926" lon="128.1614574138075">
        <ele>587.8</ele>
      </trkpt>
      <trkpt lat="37.263956582173705" lon="128.16148851066828">
        <ele>587.6</ele>
      </trkpt>
      <trkpt lat="37.26391484029591" lon="128.16151675768197">
        <ele>587.2</ele>
      </trkpt>
      <trkpt lat="37.26387217640877" lon="128.16153863444924">
        <ele>586.8</ele>
      </trkpt>
      <trkpt lat="37.26382532157004" lon="128.16155212931335">
        <ele>586.4</ele>
      </trkpt>
      <trkpt lat="37.263778718188405" lon="128.161559170112">
        <ele>586.0</ele>
      </trkpt>
      <trkpt lat="37.263730857521296" lon="128.16156269051135">
        <ele>585.4</ele>
      </trkpt>
      <trkpt lat="37.2636822424829" lon="128.1615652050823">
        <ele>585.2</ele>
      </trkpt>
      <trkpt lat="37.263633124530315" lon="128.16156880930066">
        <ele>585.0</ele>
      </trkpt>
      <trkpt lat="37.263584677129984" lon="128.16157693974674">
        <ele>585.0</ele>
      </trkpt>
      <trkpt lat="37.26353907957673" lon="128.16159253008664">
        <ele>585.0</ele>
      </trkpt>
      <trkpt lat="37.26349834352732" lon="128.16161985509098">
        <ele>585.2</ele>
      </trkpt>
      <trkpt lat="37.263467498123646" lon="128.16166000440717">
        <ele>585.4</ele>
      </trkpt>
      <trkpt lat="37.263448387384415" lon="128.16171021200716">
        <ele>585.8</ele>
      </trkpt>
      <trkpt lat="37.26344075985253" lon="128.16176670603454">
        <ele>586.2</ele>
      </trkpt>
      <trkpt lat="37.263439586386085" lon="128.16182454116642">
        <ele>586.6</ele>
      </trkpt>
      <trkpt lat="37.26344034075737" lon="128.16188229247928">
        <ele>587.2</ele>
      </trkpt>
      <trkpt lat="37.26343824528158" lon="128.16193870268762">
        <ele>587.8</ele>
      </trkpt>
      <trkpt lat="37.263429779559374" lon="128.16199410706758">
        <ele>588.6</ele>
      </trkpt>
      <trkpt lat="37.263412261381745" lon="128.16204506903887">
        <ele>589.4</ele>
      </trkpt>
      <trkpt lat="37.26338619366288" lon="128.1620937678963">
        <ele>590.2</ele>
      </trkpt>
      <trkpt lat="37.26335224695504" lon="128.1621368508786">
        <ele>590.8</ele>
      </trkpt>
      <trkpt lat="37.26331419311464" lon="128.16217549145222">
        <ele>591.4</ele>
      </trkpt>
      <trkpt lat="37.263272032141685" lon="128.16220868378878">
        <ele>591.8</ele>
      </trkpt>
      <trkpt lat="37.26322744041681" lon="128.16223667934537">
        <ele>592.0</ele>
      </trkpt>
      <trkpt lat="37.26318251341581" lon="128.16226123832166">
        <ele>592.4</ele>
      </trkpt>
      <trkpt lat="37.26313783787191" lon="128.16227967850864">
        <ele>592.8</ele>
      </trkpt>
      <trkpt lat="37.26309349760413" lon="128.1622933410108">
        <ele>593.0</ele>
      </trkpt>
      <trkpt lat="37.26304831914604" lon="128.16230239346623">
        <ele>593.6</ele>
      </trkpt>
      <trkpt lat="37.263002302497625" lon="128.16230658441782">
        <ele>594.0</ele>
      </trkpt>
      <trkpt lat="37.262957291677594" lon="128.16230750642717">
        <ele>594.6</ele>
      </trkpt>
      <trkpt lat="37.26291169412434" lon="128.16230951808393">
        <ele>595.2</ele>
      </trkpt>
      <trkpt lat="37.262865928933024" lon="128.16231764853">
        <ele>595.4</ele>
      </trkpt>
      <trkpt lat="37.26282158866525" lon="128.16233726218343">
        <ele>595.8</ele>
      </trkpt>
      <trkpt lat="37.262780517339706" lon="128.162365173921">
        <ele>595.8</ele>
      </trkpt>
      <trkpt lat="37.26273978129029" lon="128.1623985338956">
        <ele>596.2</ele>
      </trkpt>
      <trkpt lat="37.26270239800215" lon="128.16243491135538">
        <ele>596.8</ele>
      </trkpt>
      <trkpt lat="37.26267163641751" lon="128.16247615031898">
        <ele>597.2</ele>
      </trkpt>
      <trkpt lat="37.262653950601816" lon="128.16252283751965">
        <ele>597.4</ele>
      </trkpt>
      <trkpt lat="37.26265478879213" lon="128.16257413476706">
        <ele>597.8</ele>
      </trkpt>
      <trkpt lat="37.26267222315073" lon="128.16262224689126">
        <ele>598.0</ele>
      </trkpt>
      <trkpt lat="37.26270197890699" lon="128.16266507841647">
        <ele>598.2</ele>
      </trkpt>
      <trkpt lat="37.262742882594466" lon="128.1626990251243">
        <ele>598.6</ele>
      </trkpt>
      <trkpt lat="37.2627913299948" lon="128.16271738149226">
        <ele>599.2</ele>
      </trkpt>
      <trkpt lat="37.26284271106124" lon="128.16272031515837">
        <ele>599.6</ele>
      </trkpt>
      <trkpt lat="37.26289275102317" lon="128.16271503455937">
        <ele>600.2</ele>
      </trkpt>
      <trkpt lat="37.26294203661382" lon="128.16270883195102">
        <ele>600.8</ele>
      </trkpt>
      <trkpt lat="37.262990064918995" lon="128.16270472481847">
        <ele>601.6</ele>
      </trkpt>
      <trkpt lat="37.26303901523352" lon="128.16270338371396">
        <ele>602.2</ele>
      </trkpt>
      <trkpt lat="37.26308796554804" lon="128.1627032160759">
        <ele>602.8</ele>
      </trkpt>
      <trkpt lat="37.26313683204353" lon="128.16270145587623">
        <ele>603.4</ele>
      </trkpt>
      <trkpt lat="37.26318536326289" lon="128.1626984383911">
        <ele>603.6</ele>
      </trkpt>
      <trkpt lat="37.26323649287224" lon="128.16269542090595">
        <ele>603.6</ele>
      </trkpt>
      <trkpt lat="37.263286113739014" lon="128.16269550472498">
        <ele>603.8</ele>
      </trkpt>
      <trkpt lat="37.263335064053535" lon="128.16270153969526">
        <ele>603.8</ele>
      </trkpt>
      <trkpt lat="37.26338351145387" lon="128.16271528601646">
        <ele>603.8</ele>
      </trkpt>
      <trkpt lat="37.26343304850161" lon="128.1627375818789">
        <ele>604.0</ele>
      </trkpt>
      <trkpt lat="37.263482082635164" lon="128.16276624798775">
        <ele>604.2</ele>
      </trkpt>
      <trkpt lat="37.263530446216464" lon="128.16279885359108">
        <ele>604.2</ele>
      </trkpt>
      <trkpt lat="37.263578809797764" lon="128.16283120773733">
        <ele>604.4</ele>
      </trkpt>
      <trkpt lat="37.26362843066454" lon="128.16286037676036">
        <ele>604.4</ele>
      </trkpt>
      <trkpt lat="37.263677632436156" lon="128.16288284026086">
        <ele>604.6</ele>
      </trkpt>
      <trkpt lat="37.26372767239809" lon="128.16289415583014">
        <ele>604.6</ele>
      </trkpt>
      <trkpt lat="37.26377603597939" lon="128.1628929823637">
        <ele>604.8</ele>
      </trkpt>
      <trkpt lat="37.263822723180056" lon="128.16288149915636">
        <ele>604.8</ele>
      </trkpt>
      <trkpt lat="37.26386731490493" lon="128.16286272369325">
        <ele>605.2</ele>
      </trkpt>
      <trkpt lat="37.26391090080142" lon="128.16284126602113">
        <ele>605.4</ele>
      </trkpt>
      <trkpt lat="37.26395356468856" lon="128.16282123327255">
        <ele>605.6</ele>
      </trkpt>
      <trkpt lat="37.26399631239474" lon="128.16280354745686">
        <ele>605.8</ele>
      </trkpt>
      <trkpt lat="37.26404090411961" lon="128.1627875380218">
        <ele>605.8</ele>
      </trkpt>
      <trkpt lat="37.264086585491896" lon="128.16277178004384">
        <ele>606.0</ele>
      </trkpt>
      <trkpt lat="37.26413142867386" lon="128.16275778226554">
        <ele>605.8</ele>
      </trkpt>
      <trkpt lat="37.26417719386518" lon="128.16274646669626">
        <ele>605.6</ele>
      </trkpt>
      <trkpt lat="37.264222372323275" lon="128.1627412699163">
        <ele>605.4</ele>
      </trkpt>
      <trkpt lat="37.264269730076194" lon="128.1627428624779">
        <ele>605.4</ele>
      </trkpt>
      <trkpt lat="37.264319602400064" lon="128.1627492327243">
        <ele>605.2</ele>
      </trkpt>
      <trkpt lat="37.26437022909522" lon="128.16275853663683">
        <ele>605.2</ele>
      </trkpt>
      <trkpt lat="37.264422699809074" lon="128.16276951692998">
        <ele>605.2</ele>
      </trkpt>
      <trkpt lat="37.26447441615164" lon="128.16278100013733">
        <ele>605.2</ele>
      </trkpt>
      <trkpt lat="37.26452554576099" lon="128.1627935729921">
        <ele>605.2</ele>
      </trkpt>
      <trkpt lat="37.264576675370336" lon="128.16280530765653">
        <ele>605.0</ele>
      </trkpt>
      <trkpt lat="37.264629397541285" lon="128.16281544975936">
        <ele>605.0</ele>
      </trkpt>
      <trkpt lat="37.264682203531265" lon="128.16281930543482">
        <ele>605.2</ele>
      </trkpt>
      <trkpt lat="37.26473475806415" lon="128.1628113426268">
        <ele>605.2</ele>
      </trkpt>
      <trkpt lat="37.264783876016736" lon="128.16279298625886">
        <ele>605.4</ele>
      </trkpt>
      <trkpt lat="37.26483131758869" lon="128.16276700235903">
        <ele>605.8</ele>
      </trkpt>
      <trkpt lat="37.26487699896097" lon="128.1627389229834">
        <ele>606.4</ele>
      </trkpt>
      <trkpt lat="37.26492242887616" lon="128.16271126270294">
        <ele>607.0</ele>
      </trkpt>
      <trkpt lat="37.26496811024845" lon="128.16268536262214">
        <ele>607.8</ele>
      </trkpt>
      <trkpt lat="37.265011947602034" lon="128.162658540532">
        <ele>608.6</ele>
      </trkpt>
      <trkpt lat="37.26505394093692" lon="128.1626289524138">
        <ele>609.4</ele>
      </trkpt>
      <trkpt lat="37.265090150758624" lon="128.16259550862014">
        <ele>610.2</ele>
      </trkpt>
      <trkpt lat="37.26512225344777" lon="128.1625578738749">
        <ele>611.0</ele>
      </trkpt>
      <trkpt lat="37.26515209302306" lon="128.16251697018743">
        <ele>611.8</ele>
      </trkpt>
      <trkpt lat="37.26518184877932" lon="128.16247598268092">
        <ele>612.8</ele>
      </trkpt>
      <trkpt lat="37.26521361619234" lon="128.16243792884052">
        <ele>613.8</ele>
      </trkpt>
      <trkpt lat="37.265246976166964" lon="128.16240582615137">
        <ele>614.8</ele>
      </trkpt>
      <trkpt lat="37.265282683074474" lon="128.16238143481314">
        <ele>615.8</ele>
      </trkpt>
      <trkpt lat="37.26532115601003" lon="128.16236542537808">
        <ele>617.0</ele>
      </trkpt>
      <trkpt lat="37.26536021567881" lon="128.16235980950296">
        <ele>617.8</ele>
      </trkpt>
      <trkpt lat="37.2654006164521" lon="128.16236534155905">
        <ele>618.8</ele>
      </trkpt>
      <trkpt lat="37.26544126868248" lon="128.1623813509941">
        <ele>619.6</ele>
      </trkpt>
      <trkpt lat="37.26548284292221" lon="128.16240448504686">
        <ele>620.6</ele>
      </trkpt>
      <trkpt lat="37.26552517153323" lon="128.16243030130863">
        <ele>621.8</ele>
      </trkpt>
      <trkpt lat="37.265570014715195" lon="128.16245435737073">
        <ele>623.0</ele>
      </trkpt>
      <trkpt lat="37.26561921648681" lon="128.16247313283384">
        <ele>624.2</ele>
      </trkpt>
      <trkpt lat="37.265670178458095" lon="128.16248369403183">
        <ele>625.4</ele>
      </trkpt>
      <trkpt lat="37.265722062438726" lon="128.1624872982502">
        <ele>626.6</ele>
      </trkpt>
      <trkpt lat="37.2657751198858" lon="128.16248377785087">
        <ele>627.6</ele>
      </trkpt>
      <trkpt lat="37.26582675240934" lon="128.16247765906155">
        <ele>628.8</ele>
      </trkpt>
      <trkpt lat="37.265877798199654" lon="128.16246919333935">
        <ele>629.8</ele>
      </trkpt>
      <trkpt lat="37.265930185094476" lon="128.1624595541507">
        <ele>630.8</ele>
      </trkpt>
      <trkpt lat="37.26598131470382" lon="128.16245008260012">
        <ele>632.0</ele>
      </trkpt>
      <trkpt lat="37.26603261195123" lon="128.16244589164853">
        <ele>633.0</ele>
      </trkpt>
      <trkpt lat="37.26608399301767" lon="128.16244756802917">
        <ele>634.2</ele>
      </trkpt>
      <trkpt lat="37.26613621227443" lon="128.16245435737073">
        <ele>635.2</ele>
      </trkpt>
      <trkpt lat="37.26618700660765" lon="128.16246357746422">
        <ele>636.2</ele>
      </trkpt>
      <trkpt lat="37.266235537827015" lon="128.16247338429093">
        <ele>637.2</ele>
      </trkpt>
      <trkpt lat="37.26628272794187" lon="128.1624831072986">
        <ele>638.0</ele>
      </trkpt>
      <trkpt lat="37.266328912228346" lon="128.1624965183437">
        <ele>638.8</ele>
      </trkpt>
      <trkpt lat="37.26637216284871" lon="128.16251646727324">
        <ele>639.4</ele>
      </trkpt>
      <trkpt lat="37.26641021668911" lon="128.16254287026823">
        <ele>640.0</ele>
      </trkpt>
      <trkpt lat="37.266444247215986" lon="128.1625755596906">
        <ele>640.2</ele>
      </trkpt>
      <trkpt lat="37.26647676900029" lon="128.1626149546355">
        <ele>640.6</ele>
      </trkpt>
      <trkpt lat="37.26650644093752" lon="128.16266189329326">
        <ele>640.8</ele>
      </trkpt>
      <trkpt lat="37.266531670466065" lon="128.1627130229026">
        <ele>641.2</ele>
      </trkpt>
      <trkpt lat="37.266551200300455" lon="128.1627676729113">
        <ele>641.6</ele>
      </trkpt>
      <trkpt lat="37.26656419225037" lon="128.1628242507577">
        <ele>642.0</ele>
      </trkpt>
      <trkpt lat="37.26657098159194" lon="128.162883175537">
        <ele>642.6</ele>
      </trkpt>
      <trkpt lat="37.26656947284937" lon="128.16294402815402">
        <ele>643.2</ele>
      </trkpt>
      <trkpt lat="37.2665608394891" lon="128.16300680860877">
        <ele>643.6</ele>
      </trkpt>
      <trkpt lat="37.26654357276857" lon="128.16306891851127">
        <ele>644.2</ele>
      </trkpt>
      <trkpt lat="37.26651951670647" lon="128.16312826238573">
        <ele>644.8</ele>
      </trkpt>
      <trkpt lat="37.26649076677859" lon="128.16318802535534">
        <ele>645.4</ele>
      </trkpt>
      <trkpt lat="37.266462771221995" lon="128.16324627958238">
        <ele>645.8</ele>
      </trkpt>
      <trkpt lat="37.266440810635686" lon="128.1633062940091">
        <ele>646.2</ele>
      </trkpt>
      <trkpt lat="37.26643209345639" lon="128.16336588934064">
        <ele>646.6</ele>
      </trkpt>
      <trkpt lat="37.266439720988274" lon="128.1634183600545">
        <ele>646.6</ele>
      </trkpt>
      <trkpt lat="37.26646293886006" lon="128.16345574334264">
        <ele>646.6</ele>
      </trkpt>
      <trkpt lat="37.266497137025" lon="128.16347317770123">
        <ele>646.6</ele>
      </trkpt>
      <trkpt lat="37.26653594523668" lon="128.16346982493997">
        <ele>646.4</ele>
      </trkpt>
      <trkpt lat="37.26657575927675" lon="128.1634543184191">
        <ele>646.4</ele>
      </trkpt>
      <trkpt lat="37.26661842316389" lon="128.16343269310892">
        <ele>646.6</ele>
      </trkpt>
      <trkpt lat="37.266661170870066" lon="128.16341115161777">
        <ele>647.2</ele>
      </trkpt>
      <trkpt lat="37.26670442149043" lon="128.16339279524982">
        <ele>648.0</ele>
      </trkpt>
      <trkpt lat="37.266747672110796" lon="128.16338089294732">
        <ele>648.6</ele>
      </trkpt>
      <trkpt lat="37.266790084540844" lon="128.163374774158">
        <ele>649.4</ele>
      </trkpt>
      <trkpt lat="37.26683191023767" lon="128.16337192431092">
        <ele>650.4</ele>
      </trkpt>
      <trkpt lat="37.26687013171613" lon="128.16337334923446">
        <ele>651.0</ele>
      </trkpt>
      <trkpt lat="37.26690801791847" lon="128.16337754018605">
        <ele>651.6</ele>
      </trkpt>
      <trkpt lat="37.26694364100695" lon="128.16338265314698">
        <ele>652.2</ele>
      </trkpt>
      <trkpt lat="37.26697716861963" lon="128.1633892748505">
        <ele>652.8</ele>
      </trkpt>
      <trkpt lat="37.267010947689414" lon="128.16339639946818">
        <ele>653.4</ele>
      </trkpt>
      <trkpt lat="37.26704439148307" lon="128.16340268589556">
        <ele>654.0</ele>
      </trkpt>
      <trkpt lat="37.26707716472447" lon="128.16340737976134">
        <ele>654.6</ele>
      </trkpt>
      <trkpt lat="37.26711044088006" lon="128.16340855322778">
        <ele>655.2</ele>
      </trkpt>
      <trkpt lat="37.2671462316066" lon="128.163403859362">
        <ele>655.6</ele>
      </trkpt>
      <trkpt lat="37.26718277670443" lon="128.16339162178338">
        <ele>656.2</ele>
      </trkpt>
      <trkpt lat="37.26721856743097" lon="128.1633710861206">
        <ele>656.8</ele>
      </trkpt>
      <trkpt lat="37.26725276559591" lon="128.163340408355">
        <ele>657.4</ele>
      </trkpt>
      <trkpt lat="37.26728428155184" lon="128.16330319270492">
        <ele>658.0</ele>
      </trkpt>
      <trkpt lat="37.26731353439391" lon="128.16326606087387">
        <ele>658.6</ele>
      </trkpt>
      <trkpt lat="37.26734387688339" lon="128.16322976723313">
        <ele>659.4</ele>
      </trkpt>
      <trkpt lat="37.26737488992512" lon="128.16319841891527">
        <ele>660.2</ele>
      </trkpt>
      <trkpt lat="37.267407830804586" lon="128.16317201592028">
        <ele>661.0</ele>
      </trkpt>
      <trkpt lat="37.26744412444532" lon="128.16315164789557">
        <ele>661.8</ele>
      </trkpt>
      <trkpt lat="37.26748377084732" lon="128.1631366442889">
        <ele>662.6</ele>
      </trkpt>
      <trkpt lat="37.26752609945834" lon="128.1631265860051">
        <ele>663.4</ele>
      </trkpt>
      <trkpt lat="37.26757161319256" lon="128.16312197595835">
        <ele>664.2</ele>
      </trkpt>
      <trkpt lat="37.26761762984097" lon="128.16312097012997">
        <ele>665.0</ele>
      </trkpt>
      <trkpt lat="37.26766398176551" lon="128.1631181202829">
        <ele>665.8</ele>
      </trkpt>
      <trkpt lat="37.26771108806133" lon="128.16310479305685">
        <ele>666.4</ele>
      </trkpt>
      <trkpt lat="37.267754171043634" lon="128.16307788714767">
        <ele>667.0</ele>
      </trkpt>
      <trkpt lat="37.26779046468437" lon="128.16303899511695">
        <ele>667.6</ele>
      </trkpt>
      <trkpt lat="37.26782432757318" lon="128.16299457103014">
        <ele>668.4</ele>
      </trkpt>
      <trkpt lat="37.2678579390049" lon="128.16294654272497">
        <ele>669.2</ele>
      </trkpt>
      <trkpt lat="37.26789289154112" lon="128.16289809532464">
        <ele>670.0</ele>
      </trkpt>
      <trkpt lat="37.26792985573411" lon="128.16285274922848">
        <ele>670.8</ele>
      </trkpt>
      <trkpt lat="37.26797226816416" lon="128.1628129351884">
        <ele>671.6</ele>
      </trkpt>
      <trkpt lat="37.26802063174546" lon="128.1627811677754">
        <ele>672.6</ele>
      </trkpt>
      <trkpt lat="37.26807452738285" lon="128.1627605482936">
        <ele>673.4</ele>
      </trkpt>
      <trkpt lat="37.268132362514734" lon="128.1627520825714">
        <ele>674.2</ele>
      </trkpt>
      <trkpt lat="37.26819162257016" lon="128.16275099292397">
        <ele>675.2</ele>
      </trkpt>
      <trkpt lat="37.26825373247266" lon="128.16274856217206">
        <ele>676.2</ele>
      </trkpt>
      <trkpt lat="37.268318608403206" lon="128.1627462990582">
        <ele>677.0</ele>
      </trkpt>
      <trkpt lat="37.26838373579085" lon="128.1627481430769">
        <ele>678.0</ele>
      </trkpt>
      <trkpt lat="37.26844727061689" lon="128.16275778226554">
        <ele>679.0</ele>
      </trkpt>
      <trkpt lat="37.26851130835712" lon="128.16277178004384">
        <ele>680.0</ele>
      </trkpt>
      <trkpt lat="37.268574591726065" lon="128.16278317943215">
        <ele>681.0</ele>
      </trkpt>
      <trkpt lat="37.268636701628566" lon="128.16278737038374">
        <ele>682.0</ele>
      </trkpt>
      <trkpt lat="37.26869696751237" lon="128.16278468817472">
        <ele>683.0</ele>
      </trkpt>
      <trkpt lat="37.26875530555844" lon="128.16278234124184">
        <ele>684.2</ele>
      </trkpt>
      <trkpt lat="37.2688128054142" lon="128.16278343088925">
        <ele>685.4</ele>
      </trkpt>
      <trkpt lat="37.268869299441576" lon="128.16278720274568">
        <ele>686.6</ele>
      </trkpt>
      <trkpt lat="37.268923949450254" lon="128.16278854385018">
        <ele>687.6</ele>
      </trkpt>
      <trkpt lat="37.268976252526045" lon="128.16277982667089">
        <ele>688.8</ele>
      </trkpt>
      <trkpt lat="37.26902436465025" lon="128.16275836899877">
        <ele>689.8</ele>
      </trkpt>
      <trkpt lat="37.26906920783222" lon="128.16272660158575">
        <ele>690.6</ele>
      </trkpt>
      <trkpt lat="37.2691114526242" lon="128.16269114613533">
        <ele>691.8</ele>
      </trkpt>
      <trkpt lat="37.26915394887328" lon="128.16265870817006">
        <ele>693.2</ele>
      </trkpt>
      <trkpt lat="37.269198540598154" lon="128.16262853331864">
        <ele>694.6</ele>
      </trkpt>
      <trkpt lat="37.2692427970469" lon="128.16259953193367">
        <ele>696.0</ele>
      </trkpt>
      <trkpt lat="37.269283114001155" lon="128.16256809979677">
        <ele>697.6</ele>
      </trkpt>
      <trkpt lat="37.26931647397578" lon="128.16253532655537">
        <ele>699.0</ele>
      </trkpt>
      <trkpt lat="37.26933994330466" lon="128.16250112839043">
        <ele>700.2</ele>
      </trkpt>
      <trkpt lat="37.269352013245225" lon="128.16246793605387">
        <ele>701.0</ele>
      </trkpt>
      <trkpt lat="37.269351007416844" lon="128.1624378450215">
        <ele>701.8</ele>
      </trkpt>
      <trkpt lat="37.269344134256244" lon="128.1624141242355">
        <ele>702.2</ele>
      </trkpt>
      <trkpt lat="37.269340278580785" lon="128.16240331158042">
        <ele>702.6</ele>
      </trkpt>
      <trkpt lat="37.26934187114239" lon="128.1623979471624">
        <ele>702.8</ele>
      </trkpt>
      <trkpt lat="37.26934069767594" lon="128.1623961031437">
        <ele>702.8</ele>
      </trkpt>
      <trkpt lat="37.269271379336715" lon="128.1624132860452">
        <ele>702.8</ele>
      </trkpt>
      <trkpt lat="37.269241539761424" lon="128.16242409870028">
        <ele>703.0</ele>
      </trkpt>
      <trkpt lat="37.26921010762453" lon="128.16243491135538">
        <ele>703.4</ele>
      </trkpt>
      <trkpt lat="37.26917481981218" lon="128.16244513727725">
        <ele>704.0</ele>
      </trkpt>
      <trkpt lat="37.269140454009175" lon="128.162455027923">
        <ele>704.6</ele>
      </trkpt>
      <trkpt lat="37.269106255844235" lon="128.1624650862068">
        <ele>705.0</ele>
      </trkpt>
      <trkpt lat="37.269071051850915" lon="128.16247346810997">
        <ele>705.6</ele>
      </trkpt>
      <trkpt lat="37.269037272781134" lon="128.1624772399664">
        <ele>706.0</ele>
      </trkpt>
      <trkpt lat="37.26900324225426" lon="128.16247656941414">
        <ele>706.6</ele>
      </trkpt>
      <trkpt lat="37.268967954441905" lon="128.16247162409127">
        <ele>707.0</ele>
      </trkpt>
      <trkpt lat="37.268930822610855" lon="128.16246441565454">
        <ele>707.2</ele>
      </trkpt>
      <trkpt lat="37.26889327168465" lon="128.1624563690275">
        <ele>707.6</ele>
      </trkpt>
      <trkpt lat="37.26885345764458" lon="128.16244781948626">
        <ele>708.2</ele>
      </trkpt>
      <trkpt lat="37.26881490088999" lon="128.16243826411664">
        <ele>708.6</ele>
      </trkpt>
      <trkpt lat="37.26877567358315" lon="128.16242720000446">
        <ele>709.2</ele>
      </trkpt>
      <trkpt lat="37.268736865371466" lon="128.16241378895938">
        <ele>709.6</ele>
      </trkpt>
      <trkpt lat="37.26869696751237" lon="128.16239811480045">
        <ele>710.2</ele>
      </trkpt>
      <trkpt lat="37.26865975186229" lon="128.16237749531865">
        <ele>711.0</ele>
      </trkpt>
      <trkpt lat="37.26862530224025" lon="128.16235058940947">
        <ele>711.6</ele>
      </trkpt>
      <trkpt lat="37.26859378628433" lon="128.16231798380613">
        <ele>712.2</ele>
      </trkpt>
      <trkpt lat="37.26856503635645" lon="128.16228445619345">
        <ele>713.0</ele>
      </trkpt>
      <trkpt lat="37.26853444240987" lon="128.16224774345756">
        <ele>713.6</ele>
      </trkpt>
      <trkpt lat="37.268500830978155" lon="128.16221530549228">
        <ele>714.0</ele>
      </trkpt>
      <trkpt lat="37.26846151985228" lon="128.16218982450664">
        <ele>714.2</ele>
      </trkpt>
      <trkpt lat="37.26841835305095" lon="128.16217540763319">
        <ele>714.6</ele>
      </trkpt>
      <trkpt lat="37.26837418042123" lon="128.1621725577861">
        <ele>715.0</ele>
      </trkpt>
      <trkpt lat="37.268330259248614" lon="128.16217901185155">
        <ele>715.4</ele>
      </trkpt>
      <trkpt lat="37.26828566752374" lon="128.1621883995831">
        <ele>716.0</ele>
      </trkpt>
      <trkpt lat="37.26824124343693" lon="128.16219653002918">
        <ele>716.6</ele>
      </trkpt>
      <trkpt lat="37.2681962326169" lon="128.1622010562569">
        <ele>717.0</ele>
      </trkpt>
      <trkpt lat="37.26815331727266" lon="128.16220063716173">
        <ele>717.4</ele>
      </trkpt>
      <trkpt lat="37.26810956373811" lon="128.162198709324">
        <ele>717.8</ele>
      </trkpt>
      <trkpt lat="37.26806773804128" lon="128.16219300962985">
        <ele>717.8</ele>
      </trkpt>
      <trkpt lat="37.26802624762058" lon="128.16218378953636">
        <ele>717.8</ele>
      </trkpt>
      <trkpt lat="37.26798760704696" lon="128.16217138431966">
        <ele>717.8</ele>
      </trkpt>
      <trkpt lat="37.26795298978686" lon="128.1621540337801">
        <ele>717.6</ele>
      </trkpt>
      <trkpt lat="37.267920887097716" lon="128.162132659927">
        <ele>717.4</ele>
      </trkpt>
      <trkpt lat="37.26789624430239" lon="128.1621072627604">
        <ele>717.0</ele>
      </trkpt>
      <trkpt lat="37.26788207888603" lon="128.16207717172801">
        <ele>716.6</ele>
      </trkpt>
      <trkpt lat="37.26787956431508" lon="128.16204431466758">
        <ele>716.0</ele>
      </trkpt>
      <trkpt lat="37.26788769476116" lon="128.16200885921717">
        <ele>715.6</ele>
      </trkpt>
      <trkpt lat="37.26790688931942" lon="128.16197834908962">
        <ele>715.2</ele>
      </trkpt>
      <trkpt lat="37.26793371140957" lon="128.1619513593614">
        <ele>714.8</ele>
      </trkpt>
      <trkpt lat="37.26796790957451" lon="128.1619314942509">
        <ele>714.2</ele>
      </trkpt>
      <trkpt lat="37.26800772361457" lon="128.16191892139614">
        <ele>714.0</ele>
      </trkpt>
      <trkpt lat="37.2680513933301" lon="128.16191188059747">
        <ele>713.6</ele>
      </trkpt>
      <trkpt lat="37.26809657178819" lon="128.161908024922">
        <ele>713.0</ele>
      </trkpt>
      <trkpt lat="37.268143594264984" lon="128.1619055941701">
        <ele>712.4</ele>
      </trkpt>
      <trkpt lat="37.268192041665316" lon="128.16190048120916">
        <ele>711.8</ele>
      </trkpt>
      <trkpt lat="37.268243255093694" lon="128.16189218312502">
        <ele>711.2</ele>
      </trkpt>
      <trkpt lat="37.26829195395112" lon="128.16188069991767">
        <ele>710.6</ele>
      </trkpt>
      <trkpt lat="37.268340568989515" lon="128.1618633493781">
        <ele>710.2</ele>
      </trkpt>
      <trkpt lat="37.26838734000921" lon="128.16184231080115">
        <ele>709.6</ele>
      </trkpt>
      <trkpt lat="37.26843218319118" lon="128.16181691363454">
        <ele>709.0</ele>
      </trkpt>
      <trkpt lat="37.2684726677835" lon="128.16178732551634">
        <ele>708.6</ele>
      </trkpt>
      <trkpt lat="37.268510134890676" lon="128.1617563124746">
        <ele>708.4</ele>
      </trkpt>
      <trkpt lat="37.268547266721725" lon="128.16172286868095">
        <ele>708.0</ele>
      </trkpt>
      <trkpt lat="37.26858280599117" lon="128.16168858669698">
        <ele>707.8</ele>
      </trkpt>
      <trkpt lat="37.26861683651805" lon="128.16165363416076">
        <ele>707.6</ele>
      </trkpt>
      <trkpt lat="37.26864919066429" lon="128.16161734052002">
        <ele>707.4</ele>
      </trkpt>
      <trkpt lat="37.2686817124486" lon="128.1615807954222">
        <ele>707.4</ele>
      </trkpt>
      <trkpt lat="37.26871230639517" lon="128.16154399886727">
        <ele>707.6</ele>
      </trkpt>
      <trkpt lat="37.26874164305627" lon="128.1615051906556">
        <ele>707.8</ele>
      </trkpt>
      <trkpt lat="37.26876796223223" lon="128.16146378405392">
        <ele>707.6</ele>
      </trkpt>
      <trkpt lat="37.2687921859324" lon="128.16142028197646">
        <ele>707.4</ele>
      </trkpt>
      <trkpt lat="37.26881381124258" lon="128.16137661226094">
        <ele>707.4</ele>
      </trkpt>
      <trkpt lat="37.26883417926729" lon="128.16133336164057">
        <ele>707.4</ele>
      </trkpt>
      <trkpt lat="37.268856056034565" lon="128.16129094921052">
        <ele>707.8</ele>
      </trkpt>
      <trkpt lat="37.26887960918248" lon="128.16125239245594">
        <ele>708.2</ele>
      </trkpt>
      <trkpt lat="37.268907856196165" lon="128.1612168531865">
        <ele>708.6</ele>
      </trkpt>
      <trkpt lat="37.268942557275295" lon="128.16118240356445">
        <ele>708.6</ele>
      </trkpt>
      <trkpt lat="37.26898295804858" lon="128.16114745102823">
        <ele>708.6</ele>
      </trkpt>
      <trkpt lat="37.26902478374541" lon="128.16111333668232">
        <ele>708.4</ele>
      </trkpt>
      <trkpt lat="37.26906727999449" lon="128.1610762886703">
        <ele>708.4</ele>
      </trkpt>
      <trkpt lat="37.26910952478647" lon="128.16103722900152">
        <ele>708.4</ele>
      </trkpt>
      <trkpt lat="37.26914799772203" lon="128.16099825315177">
        <ele>708.2</ele>
      </trkpt>
      <trkpt lat="37.269183872267604" lon="128.16095860674977">
        <ele>708.0</ele>
      </trkpt>
      <trkpt lat="37.26921656168997" lon="128.16091577522457">
        <ele>707.8</ele>
      </trkpt>
      <trkpt lat="37.26924480870366" lon="128.16086732782423">
        <ele>707.8</ele>
      </trkpt>
      <trkpt lat="37.269266014918685" lon="128.1608175393194">
        <ele>707.6</ele>
      </trkpt>
      <trkpt lat="37.26928303018212" lon="128.16076557151973">
        <ele>707.8</ele>
      </trkpt>
      <trkpt lat="37.26929761469364" lon="128.16071351990104">
        <ele>708.2</ele>
      </trkpt>
      <trkpt lat="37.269311444833875" lon="128.16066683270037">
        <ele>708.6</ele>
      </trkpt>
      <trkpt lat="37.26932871155441" lon="128.1606275215745">
        <ele>709.4</ele>
      </trkpt>
      <trkpt lat="37.26935134269297" lon="128.16059550270438">
        <ele>710.0</ele>
      </trkpt>
      <trkpt lat="37.26938059553504" lon="128.16057127900422">
        <ele>710.8</ele>
      </trkpt>
      <trkpt lat="37.269414626061916" lon="128.16055334173143">
        <ele>711.6</ele>
      </trkpt>
      <trkpt lat="37.26945209316909" lon="128.16053934395313">
        <ele>712.4</ele>
      </trkpt>
      <trkpt lat="37.26949391886592" lon="128.16052635200322">
        <ele>713.2</ele>
      </trkpt>
      <trkpt lat="37.26953976787627" lon="128.1605141144246">
        <ele>713.8</ele>
      </trkpt>
      <trkpt lat="37.26958829909563" lon="128.16049902699888">
        <ele>714.4</ele>
      </trkpt>
      <trkpt lat="37.269634986296296" lon="128.16048360429704">
        <ele>715.0</ele>
      </trkpt>
      <trkpt lat="37.26968117058277" lon="128.16046616993845">
        <ele>715.6</ele>
      </trkpt>
      <trkpt lat="37.269725259393454" lon="128.1604462210089">
        <ele>716.0</ele>
      </trkpt>
      <trkpt lat="37.269766917452216" lon="128.16042442806065">
        <ele>716.4</ele>
      </trkpt>
      <trkpt lat="37.26980706676841" lon="128.16040162928402">
        <ele>717.0</ele>
      </trkpt>
      <trkpt lat="37.26984738372266" lon="128.160380423069">
        <ele>717.8</ele>
      </trkpt>
      <trkpt lat="37.269887616857886" lon="128.16035997122526">
        <ele>718.6</ele>
      </trkpt>
      <trkpt lat="37.26992684416473" lon="128.16034195013344">
        <ele>719.6</ele>
      </trkpt>
      <trkpt lat="37.26996741257608" lon="128.1603251863271">
        <ele>720.6</ele>
      </trkpt>
      <trkpt lat="37.27001141756773" lon="128.1603103503585">
        <ele>721.6</ele>
      </trkpt>
      <trkpt lat="37.27005491964519" lon="128.16029551438987">
        <ele>722.6</ele>
      </trkpt>
      <trkpt lat="37.270098673179746" lon="128.16028176806867">
        <ele>723.6</ele>
      </trkpt>
      <trkpt lat="37.270141588523984" lon="128.1602678541094">
        <ele>724.4</ele>
      </trkpt>
      <trkpt lat="37.2701823245734" lon="128.16025419160724">
        <ele>725.2</ele>
      </trkpt>
      <trkpt lat="37.27022314444184" lon="128.160240361467">
        <ele>726.0</ele>
      </trkpt>
      <trkpt lat="37.270259438082576" lon="128.16022837534547">
        <ele>726.8</ele>
      </trkpt>
      <trkpt lat="37.270293552428484" lon="128.16021555103362">
        <ele>727.8</ele>
      </trkpt>
      <trkpt lat="37.27032364346087" lon="128.1602020561695">
        <ele>728.8</ele>
      </trkpt>
      <trkpt lat="37.27034820243716" lon="128.16018948331475">
        <ele>729.8</ele>
      </trkpt>
      <trkpt lat="37.270368402823806" lon="128.16017632372677">
        <ele>730.4</ele>
      </trkpt>
      <trkpt lat="37.270384998992085" lon="128.16016249358654">
        <ele>731.0</ele>
      </trkpt>
      <trkpt lat="37.27040343917906" lon="128.16014262847602">
        <ele>731.4</ele>
      </trkpt>
      <trkpt lat="37.27042053826153" lon="128.16011471673846">
        <ele>731.8</ele>
      </trkpt>
      <trkpt lat="37.270434871315956" lon="128.16007926128805">
        <ele>732.2</ele>
      </trkpt>
      <trkpt lat="37.27044342085719" lon="128.16003751941025">
        <ele>732.6</ele>
      </trkpt>
      <trkpt lat="37.270445013418794" lon="128.1599930115044">
        <ele>733.2</ele>
      </trkpt>
      <trkpt lat="37.27044140920043" lon="128.15994976088405">
        <ele>733.8</ele>
      </trkpt>
      <trkpt lat="37.27043353021145" lon="128.15990793518722">
        <ele>734.4</ele>
      </trkpt>
      <trkpt lat="37.27042330428958" lon="128.15986711531878">
        <ele>735.0</ele>
      </trkpt>
      <trkpt lat="37.270410815253854" lon="128.15982973203063">
        <ele>735.6</ele>
      </trkpt>
      <trkpt lat="37.27039933204651" lon="128.159793689847">
        <ele>736.2</ele>
      </trkpt>
      <trkpt lat="37.27039002813399" lon="128.1597590725869">
        <ele>737.0</ele>
      </trkpt>
      <trkpt lat="37.270383993163705" lon="128.15972303040326">
        <ele>737.6</ele>
      </trkpt>
      <trkpt lat="37.270383071154356" lon="128.159687994048">
        <ele>738.0</ele>
      </trkpt>
      <trkpt lat="37.270388351753354" lon="128.15965379588306">
        <ele>738.4</ele>
      </trkpt>
      <trkpt lat="37.270401595160365" lon="128.15961934626102">
        <ele>738.8</ele>
      </trkpt>
      <trkpt lat="37.27042087353766" lon="128.15958112478256">
        <ele>739.0</ele>
      </trkpt>
      <trkpt lat="37.27044425904751" lon="128.15954030491412">
        <ele>739.4</ele>
      </trkpt>
      <trkpt lat="37.27046831510961" lon="128.15949680283666">
        <ele>739.6</ele>
      </trkpt>
      <trkpt lat="37.270491532981396" lon="128.1594466790557">
        <ele>740.0</ele>
      </trkpt>
      <trkpt lat="37.27051123045385" lon="128.15939378924668">
        <ele>740.2</ele>
      </trkpt>
      <trkpt lat="37.270526150241494" lon="128.15933528356254">
        <ele>740.6</ele>
      </trkpt>
      <trkpt lat="37.27053654380143" lon="128.15927560441196">
        <ele>740.8</ele>
      </trkpt>
      <trkpt lat="37.2705449257046" lon="128.15921064466238">
        <ele>741.2</ele>
      </trkpt>
      <trkpt lat="37.27055272087455" lon="128.15914576873183">
        <ele>741.6</ele>
      </trkpt>
      <trkpt lat="37.270560348406434" lon="128.15907930023968">
        <ele>742.2</ele>
      </trkpt>
      <trkpt lat="37.27056839503348" lon="128.15900897607207">
        <ele>742.6</ele>
      </trkpt>
      <trkpt lat="37.270577950403094" lon="128.1589405797422">
        <ele>743.0</ele>
      </trkpt>
      <trkpt lat="37.270590187981725" lon="128.158876625821">
        <ele>743.4</ele>
      </trkpt>
      <trkpt lat="37.270606365054846" lon="128.15881946124136">
        <ele>743.6</ele>
      </trkpt>
      <trkpt lat="37.27062941528857" lon="128.15876975655556">
        <ele>743.8</ele>
      </trkpt>
      <trkpt lat="37.2706588357687" lon="128.15872910432518">
        <ele>744.2</ele>
      </trkpt>
      <trkpt lat="37.270691357553005" lon="128.15869767218828">
        <ele>744.8</ele>
      </trkpt>
      <trkpt lat="37.270727567374706" lon="128.1586696766317">
        <ele>745.4</ele>
      </trkpt>
      <trkpt lat="37.27076386101544" lon="128.15864310599864">
        <ele>746.0</ele>
      </trkpt>
      <trkpt lat="37.27079805918038" lon="128.15861569717526">
        <ele>746.8</ele>
      </trkpt>
      <trkpt lat="37.270831083878875" lon="128.1585872825235">
        <ele>747.8</ele>
      </trkpt>
      <trkpt lat="37.27086461149156" lon="128.1585566047579">
        <ele>748.6</ele>
      </trkpt>
      <trkpt lat="37.27089738473296" lon="128.15852601081133">
        <ele>749.4</ele>
      </trkpt>
      <trkpt lat="37.27092957124114" lon="128.1584949977696">
        <ele>750.2</ele>
      </trkpt>
      <trkpt lat="37.27096309885383" lon="128.1584612186998">
        <ele>751.0</ele>
      </trkpt>
      <trkpt lat="37.27099746465683" lon="128.15842450596392">
        <ele>751.4</ele>
      </trkpt>
      <trkpt lat="37.27103216573596" lon="128.15838335081935">
        <ele>752.0</ele>
      </trkpt>
      <trkpt lat="37.271067118272185" lon="128.15833783708513">
        <ele>752.6</ele>
      </trkpt>
      <trkpt lat="37.27110165171325" lon="128.15828855149448">
        <ele>753.0</ele>
      </trkpt>
      <trkpt lat="37.27113517932594" lon="128.15823901444674">
        <ele>753.4</ele>
      </trkpt>
      <trkpt lat="37.271166779100895" lon="128.15818679518998">
        <ele>753.8</ele>
      </trkpt>
      <trkpt lat="37.271194187924266" lon="128.15813197754323">
        <ele>754.2</ele>
      </trkpt>
      <trkpt lat="37.271217070519924" lon="128.1580737233162">
        <ele>754.8</ele>
      </trkpt>
      <trkpt lat="37.271232744678855" lon="128.15801370888948">
        <ele>755.4</ele>
      </trkpt>
      <trkpt lat="37.27124045602977" lon="128.15795729868114">
        <ele>756.0</ele>
      </trkpt>
      <trkpt lat="37.27123584598303" lon="128.15790440887213">
        <ele>756.6</ele>
      </trkpt>
      <trkpt lat="37.271220507100224" lon="128.15785495564342">
        <ele>757.2</ele>
      </trkpt>
      <trkpt lat="37.271195193752646" lon="128.1578137166798">
        <ele>757.8</ele>
      </trkpt>
      <trkpt lat="37.27116082794964" lon="128.15777817741036">
        <ele>758.2</ele>
      </trkpt>
      <trkpt lat="37.27111849933863" lon="128.15774741582572">
        <ele>759.0</ele>
      </trkpt>
      <trkpt lat="37.27107550017536" lon="128.15772017464042">
        <ele>759.6</ele>
      </trkpt>
      <trkpt lat="37.27102889679372" lon="128.1576931849122">
        <ele>760.2</ele>
      </trkpt>
      <trkpt lat="37.27098329924047" lon="128.15766577608883">
        <ele>760.8</ele>
      </trkpt>
      <trkpt lat="37.27093602530658" lon="128.15763602033257">
        <ele>761.2</ele>
      </trkpt>
      <trkpt lat="37.27088917046785" lon="128.15760718658566">
        <ele>761.6</ele>
      </trkpt>
      <trkpt lat="37.270842315629125" lon="128.1575813703239">
        <ele>761.8</ele>
      </trkpt>
      <trkpt lat="37.27079378440976" lon="128.1575618404895">
        <ele>761.8</ele>
      </trkpt>
      <trkpt lat="37.2707450017333" lon="128.15755245275795">
        <ele>761.8</ele>
      </trkpt>
      <trkpt lat="37.270696721971035" lon="128.15755194984376">
        <ele>761.8</ele>
      </trkpt>
      <trkpt lat="37.2706482745707" lon="128.15755748189986">
        <ele>761.8</ele>
      </trkpt>
      <trkpt lat="37.27060158737004" lon="128.15757164731622">
        <ele>762.0</ele>
      </trkpt>
      <trkpt lat="37.2705536428839" lon="128.1575946137309">
        <ele>762.0</ele>
      </trkpt>
      <trkpt lat="37.27050754241645" lon="128.15761841833591">
        <ele>762.6</ele>
      </trkpt>
      <trkpt lat="37.27046345360577" lon="128.15764197148383">
        <ele>763.2</ele>
      </trkpt>
      <trkpt lat="37.27041835896671" lon="128.157660914585">
        <ele>763.6</ele>
      </trkpt>
      <trkpt lat="37.2703755274415" lon="128.15766921266913">
        <ele>763.8</ele>
      </trkpt>
      <trkpt lat="37.27033227682114" lon="128.157666195184">
        <ele>764.0</ele>
      </trkpt>
      <trkpt lat="37.27028852328658" lon="128.15765395760536">
        <ele>764.0</ele>
      </trkpt>
      <trkpt lat="37.27024544030428" lon="128.15763493068516">
        <ele>763.8</ele>
      </trkpt>
      <trkpt lat="37.27020059712231" lon="128.15761087462306">
        <ele>763.4</ele>
      </trkpt>
      <trkpt lat="37.27015516720712" lon="128.15758740529418">
        <ele>763.2</ele>
      </trkpt>
      <trkpt lat="37.27010420523584" lon="128.15757013857365">
        <ele>762.8</ele>
      </trkpt>
      <trkpt lat="37.270052153617144" lon="128.157560499385">
        <ele>762.6</ele>
      </trkpt>
      <trkpt lat="37.269997922703624" lon="128.15755949355662">
        <ele>762.4</ele>
      </trkpt>
      <trkpt lat="37.269944278523326" lon="128.1575639359653">
        <ele>762.2</ele>
      </trkpt>
      <trkpt lat="37.26989113725722" lon="128.15757407806814">
        <ele>762.2</ele>
      </trkpt>
      <trkpt lat="37.26984025910497" lon="128.15759000368416">
        <ele>762.0</ele>
      </trkpt>
      <trkpt lat="37.2697935719043" lon="128.15761037170887">
        <ele>761.6</ele>
      </trkpt>
      <trkpt lat="37.26975199766457" lon="128.15763249993324">
        <ele>761.4</ele>
      </trkpt>
      <trkpt lat="37.26971578784287" lon="128.1576567236334">
        <ele>761.0</ele>
      </trkpt>
      <trkpt lat="37.2696830984205" lon="128.1576780974865">
        <ele>760.8</ele>
      </trkpt>
      <trkpt lat="37.2696537617594" lon="128.1576870661229">
        <ele>760.6</ele>
      </trkpt>
      <trkpt lat="37.26962501183152" lon="128.1576817855239">
        <ele>760.4</ele>
      </trkpt>
      <trkpt lat="37.26960129104555" lon="128.15766309387982">
        <ele>759.8</ele>
      </trkpt>
      <trkpt lat="37.26958159357309" lon="128.15763124264777">
        <ele>759.6</ele>
      </trkpt>
      <trkpt lat="37.2695623151958" lon="128.15758924931288">
        <ele>759.2</ele>
      </trkpt>
      <trkpt lat="37.269543623551726" lon="128.15754021517932">
        <ele>759.2</ele>
      </trkpt>
      <trkpt lat="37.26952375844121" lon="128.15748648718">
        <ele>758.8</ele>
      </trkpt>
      <trkpt lat="37.2695033904165" lon="128.1574346870184">
        <ele>758.6</ele>
      </trkpt>
      <trkpt lat="37.26947983726859" lon="128.1573831383139">
        <ele>758.0</ele>
      </trkpt>
      <trkpt lat="37.26945142261684" lon="128.15733552910388">
        <ele>757.4</ele>
      </trkpt>
      <trkpt lat="37.26941613480449" lon="128.1572943739593">
        <ele>756.4</ele>
      </trkpt>
      <trkpt lat="37.26937472820282" lon="128.1572629418224">
        <ele>755.8</ele>
      </trkpt>
      <trkpt lat="37.2693289630115" lon="128.15724399872124">
        <ele>754.8</ele>
      </trkpt>
      <trkpt lat="37.26927842013538" lon="128.1572372931987">
        <ele>754.0</ele>
      </trkpt>
      <trkpt lat="37.26922678761184" lon="128.1572414841503">
        <ele>753.4</ele>
      </trkpt>
      <trkpt lat="37.269176077097654" lon="128.15725271590054">
        <ele>752.8</ele>
      </trkpt>
      <trkpt lat="37.269129138439894" lon="128.15726495347917">
        <ele>752.2</ele>
      </trkpt>
      <trkpt lat="37.26908362470567" lon="128.15727283246815">
        <ele>751.8</ele>
      </trkpt>
      <trkpt lat="37.269043223932385" lon="128.1572742573917">
        <ele>751.4</ele>
      </trkpt>
      <trkpt lat="37.26900877431035" lon="128.15726445056498">
        <ele>750.8</ele>
      </trkpt>
      <trkpt lat="37.26898228749633" lon="128.15724131651223">
        <ele>750.2</ele>
      </trkpt>
      <trkpt lat="37.268965439870954" lon="128.15720753744245">
        <ele>749.6</ele>
      </trkpt>
      <trkpt lat="37.268957644701004" lon="128.15716470591724">
        <ele>749.0</ele>
      </trkpt>
      <trkpt lat="37.2689563035965" lon="128.15711642615497">
        <ele>748.6</ele>
      </trkpt>
      <trkpt lat="37.2689629253" lon="128.15706412307918">
        <ele>748.0</ele>
      </trkpt>
      <trkpt lat="37.26897650398314" lon="128.1570152565837">
        <ele>747.6</ele>
      </trkpt>
      <trkpt lat="37.26899636909366" lon="128.15697125159204">
        <ele>747.0</ele>
      </trkpt>
      <trkpt lat="37.269022688269615" lon="128.1569296773523">
        <ele>746.2</ele>
      </trkpt>
      <trkpt lat="37.26905269548297" lon="128.15689086914062">
        <ele>745.2</ele>
      </trkpt>
      <trkpt lat="37.269083792343736" lon="128.1568506360054">
        <ele>744.4</ele>
      </trkpt>
      <trkpt lat="37.269113631919026" lon="128.15680604428053">
        <ele>743.4</ele>
      </trkpt>
      <trkpt lat="37.269138526171446" lon="128.15675491467118">
        <ele>742.6</ele>
      </trkpt>
      <trkpt lat="37.26915336214006" lon="128.1566975824535">
        <ele>741.8</ele>
      </trkpt>
      <trkpt lat="37.26916023530066" lon="128.15663957968354">
        <ele>741.2</ele>
      </trkpt>
      <trkpt lat="37.26916568353772" lon="128.15658308565617">
        <ele>740.8</ele>
      </trkpt>
      <trkpt lat="37.26917297579348" lon="128.1565306149423">
        <ele>740.4</ele>
      </trkpt>
      <trkpt lat="37.269184961915016" lon="128.1564800720662">
        <ele>739.8</ele>
      </trkpt>
      <trkpt lat="37.26920222863555" lon="128.15643078647554">
        <ele>739.2</ele>
      </trkpt>
      <trkpt lat="37.26922586560249" lon="128.1563828419894">
        <ele>738.4</ele>
      </trkpt>
      <trkpt lat="37.26925444789231" lon="128.15633615478873">
        <ele>737.4</ele>
      </trkpt>
      <trkpt lat="37.26928638294339" lon="128.15628854557872">
        <ele>736.6</ele>
      </trkpt>
      <trkpt lat="37.26931622251868" lon="128.15623942762613">
        <ele>735.8</ele>
      </trkpt>
      <trkpt lat="37.26934053003788" lon="128.15618268214166">
        <ele>735.2</ele>
      </trkpt>
      <trkpt lat="37.269359305500984" lon="128.15612166188657">
        <ele>734.4</ele>
      </trkpt>
      <trkpt lat="37.26937338709831" lon="128.1560580432415">
        <ele>733.8</ele>
      </trkpt>
      <trkpt lat="37.26938193663955" lon="128.15599333494902">
        <ele>733.2</ele>
      </trkpt>
      <trkpt lat="37.2693826071918" lon="128.15592862665653">
        <ele>733.0</ele>
      </trkpt>
      <trkpt lat="37.26937539875507" lon="128.1558677740395">
        <ele>732.8</ele>
      </trkpt>
      <trkpt lat="37.26935846731067" lon="128.15581203438342">
        <ele>732.6</ele>
      </trkpt>
      <trkpt lat="37.26933063939214" lon="128.15576056949794">
        <ele>732.2</ele>
      </trkpt>
      <trkpt lat="37.26929694414139" lon="128.1557194981724">
        <ele>732.0</ele>
      </trkpt>
      <trkpt lat="37.269257716834545" lon="128.15568814985454">
        <ele>731.8</ele>
      </trkpt>
      <trkpt lat="37.26921983063221" lon="128.1556637585163">
        <ele>731.6</ele>
      </trkpt>
      <trkpt lat="37.269182028248906" lon="128.1556412950158">
        <ele>731.8</ele>
      </trkpt>
      <trkpt lat="37.269148249179125" lon="128.1556164007634">
        <ele>732.0</ele>
      </trkpt>
      <trkpt lat="37.26912310346961" lon="128.15558672882617">
        <ele>732.2</ele>
      </trkpt>
      <trkpt lat="37.26911002770066" lon="128.15555320121348">
        <ele>732.0</ele>
      </trkpt>
      <trkpt lat="37.26911195553839" lon="128.15551858395338">
        <ele>732.0</ele>
      </trkpt>
      <trkpt lat="37.26912813261151" lon="128.15549016930163">
        <ele>731.8</ele>
      </trkpt>
      <trkpt lat="37.26915596053004" lon="128.15546317957342">
        <ele>731.4</ele>
      </trkpt>
      <trkpt lat="37.26919233798981" lon="128.1554366927594">
        <ele>731.0</ele>
      </trkpt>
      <trkpt lat="37.269235672429204" lon="128.15541431307793">
        <ele>730.6</ele>
      </trkpt>
      <trkpt lat="37.26928470656276" lon="128.15539453178644">
        <ele>730.4</ele>
      </trkpt>
      <trkpt lat="37.26933575235307" lon="128.15537399612367">
        <ele>730.0</ele>
      </trkpt>
      <trkpt lat="37.26938512176275" lon="128.15534876659513">
        <ele>729.6</ele>
      </trkpt>
      <trkpt lat="37.26943180896342" lon="128.15531850792468">
        <ele>729.2</ele>
      </trkpt>
      <trkpt lat="37.269478999078274" lon="128.15528271719813">
        <ele>729.0</ele>
      </trkpt>
      <trkpt lat="37.26952333934605" lon="128.15524466335773">
        <ele>728.6</ele>
      </trkpt>
      <trkpt lat="37.26956382393837" lon="128.15520434640348">
        <ele>728.4</ele>
      </trkpt>
      <trkpt lat="37.269602632150054" lon="128.15516126342118">
        <ele>728.0</ele>
      </trkpt>
      <trkpt lat="37.269640350714326" lon="128.15511625260115">
        <ele>727.8</ele>
      </trkpt>
      <trkpt lat="37.269675470888615" lon="128.155070906505">
        <ele>727.4</ele>
      </trkpt>
      <trkpt lat="37.269709166139364" lon="128.15502665005624">
        <ele>727.0</ele>
      </trkpt>
      <trkpt lat="37.269744453951716" lon="128.1549855787307">
        <ele>726.6</ele>
      </trkpt>
      <trkpt lat="37.269783932715654" lon="128.1549525540322">
        <ele>726.2</ele>
      </trkpt>
      <trkpt lat="37.26982760243118" lon="128.15492916852236">
        <ele>725.8</ele>
      </trkpt>
      <trkpt lat="37.269875882193446" lon="128.15491097979248">
        <ele>725.4</ele>
      </trkpt>
      <trkpt lat="37.26992701180279" lon="128.15489337779582">
        <ele>725.2</ele>
      </trkpt>
      <trkpt lat="37.26997956633568" lon="128.1548705790192">
        <ele>725.0</ele>
      </trkpt>
      <trkpt lat="37.27002809755504" lon="128.15484082326293">
        <ele>724.8</ele>
      </trkpt>
      <trkpt lat="37.270071264356375" lon="128.15480075776577">
        <ele>724.8</ele>
      </trkpt>
      <trkpt lat="37.2701027803123" lon="128.1547545734793">
        <ele>724.6</ele>
      </trkpt>
      <trkpt lat="37.270123064517975" lon="128.15470126457512">
        <ele>724.6</ele>
      </trkpt>
      <trkpt lat="37.270131446421146" lon="128.15464552491903">
        <ele>724.6</ele>
      </trkpt>
      <trkpt lat="37.27012482471764" lon="128.15458618104458">
        <ele>724.8</ele>
      </trkpt>
      <trkpt lat="37.27010479196906" lon="128.15452851355076">
        <ele>725.0</ele>
      </trkpt>
      <trkpt lat="37.27007629349828" lon="128.15447369590402">
        <ele>725.4</ele>
      </trkpt>
      <trkpt lat="37.27004335261881" lon="128.1544197164476">
        <ele>725.6</ele>
      </trkpt>
      <trkpt lat="37.27001032792032" lon="128.15436464734375">
        <ele>725.6</ele>
      </trkpt>
      <trkpt lat="37.269978895783424" lon="128.15431016497314">
        <ele>725.2</ele>
      </trkpt>
      <trkpt lat="37.269950062036514" lon="128.15425601787865">
        <ele>724.8</ele>
      </trkpt>
      <trkpt lat="37.269924748688936" lon="128.15419994294643">
        <ele>724.2</ele>
      </trkpt>
      <trkpt lat="37.2699093259871" lon="128.15414479002357">
        <ele>723.6</ele>
      </trkpt>
      <trkpt lat="37.26991016417742" lon="128.15409030765295">
        <ele>723.0</ele>
      </trkpt>
      <trkpt lat="37.269927682355046" lon="128.15404026769102">
        <ele>722.4</ele>
      </trkpt>
      <trkpt lat="37.269956516101956" lon="128.15399332903326">
        <ele>721.8</ele>
      </trkpt>
      <trkpt lat="37.269990211352706" lon="128.15394597128034">
        <ele>721.0</ele>
      </trkpt>
      <trkpt lat="37.270025834441185" lon="128.15389442257583">
        <ele>720.4</ele>
      </trkpt>
      <trkpt lat="37.270059613510966" lon="128.15383608452976">
        <ele>719.8</ele>
      </trkpt>
      <trkpt lat="37.27008727379143" lon="128.1537714600563">
        <ele>719.4</ele>
      </trkpt>
      <trkpt lat="37.27010655216873" lon="128.15370474010706">
        <ele>718.8</ele>
      </trkpt>
      <trkpt lat="37.27011753246188" lon="128.15363634377718">
        <ele>718.2</ele>
      </trkpt>
      <trkpt lat="37.270119627937675" lon="128.1535647623241">
        <ele>717.8</ele>
      </trkpt>
      <trkpt lat="37.270113257691264" lon="128.15349510870874">
        <ele>717.4</ele>
      </trkpt>
      <trkpt lat="37.2700943145901" lon="128.15342889167368">
        <ele>717.0</ele>
      </trkpt>
      <trkpt lat="37.27006279863417" lon="128.153366278857">
        <ele>716.6</ele>
      </trkpt>
      <trkpt lat="37.270020470023155" lon="128.1533121317625">
        <ele>716.2</ele>
      </trkpt>
      <trkpt lat="37.269971100613475" lon="128.1532672047615">
        <ele>715.8</ele>
      </trkpt>
      <trkpt lat="37.26991552859545" lon="128.15322931855917">
        <ele>715.8</ele>
      </trkpt>
      <trkpt lat="37.269858783110976" lon="128.15319964662194">
        <ele>715.6</ele>
      </trkpt>
      <trkpt lat="37.269803462550044" lon="128.15317223779857">
        <ele>715.6</ele>
      </trkpt>
      <trkpt lat="37.26975333876908" lon="128.1531432364136">
        <ele>715.6</ele>
      </trkpt>
      <trkpt lat="37.269704304635525" lon="128.15310803242028">
        <ele>715.2</ele>
      </trkpt>
      <trkpt lat="37.26966138929129" lon="128.15306997857988">
        <ele>714.6</ele>
      </trkpt>
      <trkpt lat="37.26961797103286" lon="128.15302873961627">
        <ele>714.0</ele>
      </trkpt>
      <trkpt lat="37.269570445641875" lon="128.15298582427204">
        <ele>713.4</ele>
      </trkpt>
      <trkpt lat="37.26951881311834" lon="128.15294533967972">
        <ele>712.8</ele>
      </trkpt>
      <trkpt lat="37.269465336576104" lon="128.15290426835418">
        <ele>712.0</ele>
      </trkpt>
      <trkpt lat="37.269411608576775" lon="128.15286210738122">
        <ele>711.4</ele>
      </trkpt>
      <trkpt lat="37.269356958568096" lon="128.15282019786537">
        <ele>710.8</ele>
      </trkpt>
      <trkpt lat="37.269302643835545" lon="128.15278105437756">
        <ele>710.0</ele>
      </trkpt>
      <trkpt lat="37.269250340759754" lon="128.15274434164166">
        <ele>709.4</ele>
      </trkpt>
      <trkpt lat="37.26920608431101" lon="128.15270871855319">
        <ele>708.6</ele>
      </trkpt>
      <trkpt lat="37.269175155088305" lon="128.1526664737612">
        <ele>708.0</ele>
      </trkpt>
      <trkpt lat="37.269158978015184" lon="128.15261802636087">
        <ele>707.2</ele>
      </trkpt>
      <trkpt lat="37.26915688253939" lon="128.15256563946605">
        <ele>706.6</ele>
      </trkpt>
      <trkpt lat="37.26916459389031" lon="128.15250755287707">
        <ele>706.0</ele>
      </trkpt>
      <trkpt lat="37.26918127387762" lon="128.1524455267936">
        <ele>705.4</ele>
      </trkpt>
      <trkpt lat="37.26920222863555" lon="128.15238651819527">
        <ele>705.0</ele>
      </trkpt>
      <trkpt lat="37.26923190057278" lon="128.1523395795375">
        <ele>704.8</ele>
      </trkpt>
      <trkpt lat="37.26927179843187" lon="128.15230588428676">
        <ele>704.8</ele>
      </trkpt>
      <trkpt lat="37.26932032965124" lon="128.15228199586272">
        <ele>704.6</ele>
      </trkpt>
      <trkpt lat="37.26937531493604" lon="128.15225676633418">
        <ele>704.8</ele>
      </trkpt>
      <trkpt lat="37.269430719316006" lon="128.15223111771047">
        <ele>705.2</ele>
      </trkpt>
      <trkpt lat="37.2694880515337" lon="128.1522073969245">
        <ele>705.6</ele>
      </trkpt>
      <trkpt lat="37.269546557217836" lon="128.1521878670901">
        <ele>706.0</ele>
      </trkpt>
      <trkpt lat="37.26960715837777" lon="128.15217210911214">
        <ele>706.6</ele>
      </trkpt>
      <trkpt lat="37.269669100642204" lon="128.1521519087255">
        <ele>707.0</ele>
      </trkpt>
      <trkpt lat="37.26973238401115" lon="128.15212542191148">
        <ele>707.6</ele>
      </trkpt>
      <trkpt lat="37.269788878038526" lon="128.1520895473659">
        <ele>708.0</ele>
      </trkpt>
      <trkpt lat="37.2698384989053" lon="128.15204235725105">
        <ele>708.4</ele>
      </trkpt>
      <trkpt lat="37.2698765527457" lon="128.1519882939756">
        <ele>709.0</ele>
      </trkpt>
      <trkpt lat="37.269902704283595" lon="128.15193003974855">
        <ele>709.4</ele>
      </trkpt>
      <trkpt lat="37.26991628296673" lon="128.15186784602702">
        <ele>709.8</ele>
      </trkpt>
      <trkpt lat="37.26991955190897" lon="128.1518033053726">
        <ele>710.2</ele>
      </trkpt>
      <trkpt lat="37.269913433119655" lon="128.1517377588898">
        <ele>710.8</ele>
      </trkpt>
      <trkpt lat="37.26989985443652" lon="128.15167506225407">
        <ele>711.4</ele>
      </trkpt>
      <trkpt lat="37.269880240783095" lon="128.15161689184606">
        <ele>712.2</ele>
      </trkpt>
      <trkpt lat="37.26985853165388" lon="128.15156224183738">
        <ele>712.8</ele>
      </trkpt>
      <trkpt lat="37.26983807981014" lon="128.15151278860867">
        <ele>713.4</ele>
      </trkpt>
      <trkpt lat="37.26981888525188" lon="128.15146677196026">
        <ele>714.0</ele>
      </trkpt>
      <trkpt lat="37.26979985833168" lon="128.15142016857862">
        <ele>714.6</ele>
      </trkpt>
      <trkpt lat="37.26978217251599" lon="128.15137666650116">
        <ele>715.2</ele>
      </trkpt>
      <trkpt lat="37.26976758800447" lon="128.1513350084424">
        <ele>715.8</ele>
      </trkpt>
      <trkpt lat="37.269760044291615" lon="128.15129318274558">
        <ele>716.4</ele>
      </trkpt>
      <trkpt lat="37.269763983786106" lon="128.15125060267746">
        <ele>717.2</ele>
      </trkpt>
      <trkpt lat="37.26977898739278" lon="128.15121347084641">
        <ele>718.0</ele>
      </trkpt>
      <trkpt lat="37.26980321109295" lon="128.1511830445379">
        <ele>718.6</ele>
      </trkpt>
      <trkpt lat="37.26983372122049" lon="128.15116041339934">
        <ele>719.4</ele>
      </trkpt>
      <trkpt lat="37.26987211033702" lon="128.15114457160234">
        <ele>720.0</ele>
      </trkpt>
      <trkpt lat="37.26991527713835" lon="128.1511341780424">
        <ele>720.6</ele>
      </trkpt>
      <trkpt lat="37.26996045559645" lon="128.1511264666915">
        <ele>721.2</ele>
      </trkpt>
      <trkpt lat="37.2700060531497" lon="128.15112235955894">
        <ele>722.0</ele>
      </trkpt>
      <trkpt lat="37.27005542255938" lon="128.15111867152154">
        <ele>722.8</ele>
      </trkpt>
      <trkpt lat="37.27010772563517" lon="128.15111582167447">
        <ele>723.4</ele>
      </trkpt>
      <trkpt lat="37.270161621272564" lon="128.15111238509417">
        <ele>724.2</ele>
      </trkpt>
      <trkpt lat="37.27021761238575" lon="128.1511082779616">
        <ele>725.0</ele>
      </trkpt>
      <trkpt lat="37.27027519606054" lon="128.15110308118165">
        <ele>726.0</ele>
      </trkpt>
      <trkpt lat="37.270333115011454" lon="128.151096124202">
        <ele>726.8</ele>
      </trkpt>
      <trkpt lat="37.27038910612464" lon="128.15108690410852">
        <ele>727.8</ele>
      </trkpt>
      <trkpt lat="37.27044425904751" lon="128.1510693859309">
        <ele>728.8</ele>
      </trkpt>
      <trkpt lat="37.27049170061946" lon="128.15104071982205">
        <ele>729.8</ele>
      </trkpt>
      <trkpt lat="37.270529670640826" lon="128.15100090578198">
        <ele>730.6</ele>
      </trkpt>
      <trkpt lat="37.270554983988404" lon="128.15095321275294">
        <ele>731.4</ele>
      </trkpt>
      <trkpt lat="37.27056990377605" lon="128.15090174786747">
        <ele>732.2</ele>
      </trkpt>
      <trkpt lat="37.27057836949825" lon="128.15085179172456">
        <ele>733.0</ele>
      </trkpt>
      <trkpt lat="37.270586835220456" lon="128.15080493688583">
        <ele>733.8</ele>
      </trkpt>
      <trkpt lat="37.270602844655514" lon="128.15076344646513">
        <ele>734.8</ele>
      </trkpt>
      <trkpt lat="37.2706242185086" lon="128.15072799101472">
        <ele>735.6</ele>
      </trkpt>
      <trkpt lat="37.2706535551697" lon="128.1506967265159">
        <ele>736.6</ele>
      </trkpt>
      <trkpt lat="37.27068523876369" lon="128.150667976588">
        <ele>737.4</ele>
      </trkpt>
      <trkpt lat="37.2707175090909" lon="128.15063813701272">
        <ele>738.2</ele>
      </trkpt>
      <trkpt lat="37.27074625901878" lon="128.1506103090942">
        <ele>738.8</ele>
      </trkpt>
      <trkpt lat="37.27076889015734" lon="128.150588683784">
        <ele>739.4</ele>
      </trkpt>
      <trkpt lat="37.270788084715605" lon="128.15056848339736">
        <ele>740.0</ele>
      </trkpt>
      <trkpt lat="37.27080652490258" lon="128.1505506299436">
        <ele>740.2</ele>
      </trkpt>
      <trkpt lat="37.27082731202245" lon="128.1505281664431">
        <ele>740.6</ele>
      </trkpt>
      <trkpt lat="37.27084944024682" lon="128.15050000324845">
        <ele>741.0</ele>
      </trkpt>
      <trkpt lat="37.27087190374732" lon="128.15046697854996">
        <ele>741.4</ele>
      </trkpt>
      <trkpt lat="37.27089419960976" lon="128.15042775124311">
        <ele>742.2</ele>
      </trkpt>
      <trkpt lat="37.27091356180608" lon="128.150382488966">
        <ele>743.2</ele>
      </trkpt>
      <trkpt lat="37.27092755958438" lon="128.15033261664212">
        <ele>744.2</ele>
      </trkpt>
      <trkpt lat="37.27093434892595" lon="128.15028408542275">
        <ele>745.2</ele>
      </trkpt>
      <trkpt lat="37.270933678373694" lon="128.15023647621274">
        <ele>746.4</ele>
      </trkpt>
      <trkpt lat="37.270924458280206" lon="128.15018920227885">
        <ele>747.4</ele>
      </trkpt>
      <trkpt lat="37.27090945467353" lon="128.15014477819204">
        <ele>748.2</ele>
      </trkpt>
      <trkpt lat="37.27088984102011" lon="128.15010328777134">
        <ele>749.2</ele>
      </trkpt>
      <trkpt lat="37.27086989209056" lon="128.15006364136934">
        <ele>750.2</ele>
      </trkpt>
      <trkpt lat="37.27085379883647" lon="128.15002659335732">
        <ele>751.2</ele>
      </trkpt>
      <trkpt lat="37.270844327285886" lon="128.14998853951693">
        <ele>752.2</ele>
      </trkpt>
      <trkpt lat="37.27084583602846" lon="128.14995140768588">
        <ele>753.2</ele>
      </trkpt>
      <trkpt lat="37.27085589431226" lon="128.14991494640708">
        <ele>754.2</ele>
      </trkpt>
      <trkpt lat="37.270872574299574" lon="128.14987814985216">
        <ele>755.2</ele>
      </trkpt>
      <trkpt lat="37.27089202031493" lon="128.14984009601176">
        <ele>756.2</ele>
      </trkpt>
      <trkpt lat="37.27090945467353" lon="128.149801120162">
        <ele>757.0</ele>
      </trkpt>
      <trkpt lat="37.27092512883246" lon="128.14976055175066">
        <ele>757.8</ele>
      </trkpt>
      <trkpt lat="37.27093778550625" lon="128.14972266554832">
        <ele>758.6</ele>
      </trkpt>
      <trkpt lat="37.27094650268555" lon="128.14968159422278">
        <ele>759.2</ele>
      </trkpt>
      <trkpt lat="37.270950861275196" lon="128.14964178018272">
        <ele>759.8</ele>
      </trkpt>
      <trkpt lat="37.270952286198735" lon="128.14960146322846">
        <ele>760.4</ele>
      </trkpt>
      <trkpt lat="37.27095111273229" lon="128.14956366084516">
        <ele>761.0</ele>
      </trkpt>
      <trkpt lat="37.27094759233296" lon="128.14952854067087">
        <ele>761.6</ele>
      </trkpt>
      <trkpt lat="37.270940970629454" lon="128.14949166029692">
        <ele>762.2</ele>
      </trkpt>
      <trkpt lat="37.27093015797436" lon="128.14945553429425">
        <ele>762.8</ele>
      </trkpt>
      <trkpt lat="37.27091632783413" lon="128.14941982738674">
        <ele>763.4</ele>
      </trkpt>
      <trkpt lat="37.27089822292328" lon="128.1493893172592">
        <ele>764.0</ele>
      </trkpt>
      <trkpt lat="37.27087433449924" lon="128.14936375245452">
        <ele>764.6</ele>
      </trkpt>
      <trkpt lat="37.27084784768522" lon="128.14934162423015">
        <ele>765.2</ele>
      </trkpt>
      <trkpt lat="37.270822282880545" lon="128.14932427369058">
        <ele>765.8</ele>
      </trkpt>
      <trkpt lat="37.27079856209457" lon="128.14930985681713">
        <ele>766.2</ele>
      </trkpt>
      <trkpt lat="37.27077257819474" lon="128.14929225482047">
        <ele>766.8</ele>
      </trkpt>
      <trkpt lat="37.27074810303748" lon="128.14927414990962">
        <ele>767.4</ele>
      </trkpt>
      <trkpt lat="37.27072488516569" lon="128.14925260841846">
        <ele>768.0</ele>
      </trkpt>
      <trkpt lat="37.27070686407387" lon="128.14922846853733">
        <ele>768.6</ele>
      </trkpt>
      <trkpt lat="37.27069403976202" lon="128.14919913187623">
        <ele>769.2</ele>
      </trkpt>
      <trkpt lat="37.27068733423948" lon="128.14916543662548">
        <ele>769.8</ele>
      </trkpt>
      <trkpt lat="37.27068909443915" lon="128.14912922680378">
        <ele>770.4</ele>
      </trkpt>
      <trkpt lat="37.27069546468556" lon="128.14909117296338">
        <ele>770.8</ele>
      </trkpt>
      <trkpt lat="37.2707053553313" lon="128.14904951490462">
        <ele>771.4</ele>
      </trkpt>
      <trkpt lat="37.27071851491928" lon="128.14900341443717">
        <ele>772.0</ele>
      </trkpt>
      <trkpt lat="37.270733434706926" lon="128.14895630814135">
        <ele>772.8</ele>
      </trkpt>
      <trkpt lat="37.2707486897707" lon="128.14890844747424">
        <ele>773.6</ele>
      </trkpt>
      <trkpt lat="37.27076436392963" lon="128.1488636881113">
        <ele>774.6</ele>
      </trkpt>
      <trkpt lat="37.270780289545655" lon="128.14881892874837">
        <ele>775.4</ele>
      </trkpt>
      <trkpt lat="37.270797388628125" lon="128.14877182245255">
        <ele>776.4</ele>
      </trkpt>
      <trkpt lat="37.270812978968024" lon="128.1487262248993">
        <ele>777.4</ele>
      </trkpt>
      <trkpt lat="37.2708279825747" lon="128.14868012443185">
        <ele>778.2</ele>
      </trkpt>
      <trkpt lat="37.270841393619776" lon="128.14863368868828">
        <ele>779.2</ele>
      </trkpt>
      <trkpt lat="37.27085321210325" lon="128.148585408926">
        <ele>780.4</ele>
      </trkpt>
      <trkpt lat="37.270861342549324" lon="128.1485370453447">
        <ele>781.4</ele>
      </trkpt>
      <trkpt lat="37.27086620405316" lon="128.14848767593503">
        <ele>782.4</ele>
      </trkpt>
      <trkpt lat="37.270866287872195" lon="128.14843855798244">
        <ele>783.8</ele>
      </trkpt>
      <trkpt lat="37.27086218073964" lon="128.14839078113437">
        <ele>784.8</ele>
      </trkpt>
      <trkpt lat="37.27085094898939" lon="128.14834317192435">
        <ele>785.8</ele>
      </trkpt>
      <trkpt lat="37.27083384990692" lon="128.1483007594943">
        <ele>786.8</ele>
      </trkpt>
      <trkpt lat="37.27080929093063" lon="128.1482600234449">
        <ele>787.8</ele>
      </trkpt>
      <trkpt lat="37.27077995426953" lon="128.14822188578546">
        <ele>788.8</ele>
      </trkpt>
      <trkpt lat="37.27074835449457" lon="128.148188944906">
        <ele>789.8</ele>
      </trkpt>
      <trkpt lat="37.270718179643154" lon="128.14816078171134">
        <ele>790.6</ele>
      </trkpt>
      <trkpt lat="37.27068624459207" lon="128.14813337288797">
        <ele>791.6</ele>
      </trkpt>
      <trkpt lat="37.27065640501678" lon="128.14810495823622">
        <ele>792.8</ele>
      </trkpt>
      <trkpt lat="37.270630756393075" lon="128.14807252027094">
        <ele>793.8</ele>
      </trkpt>
      <trkpt lat="37.27061105892062" lon="128.1480340473354">
        <ele>794.8</ele>
      </trkpt>
      <trkpt lat="37.27059882134199" lon="128.14799096435308">
        <ele>795.6</ele>
      </trkpt>
      <trkpt lat="37.27059010416269" lon="128.1479429360479">
        <ele>796.6</ele>
      </trkpt>
      <trkpt lat="37.270581470802426" lon="128.1478913873434">
        <ele>797.4</ele>
      </trkpt>
      <trkpt lat="37.270572585985065" lon="128.14783757552505">
        <ele>798.0</ele>
      </trkpt>
      <trkpt lat="37.270563868805766" lon="128.1477840989828">
        <ele>798.8</ele>
      </trkpt>
      <trkpt lat="37.270556995645165" lon="128.1477338913828">
        <ele>799.4</ele>
      </trkpt>
      <trkpt lat="37.27055121213198" lon="128.14768452197313">
        <ele>799.8</ele>
      </trkpt>
      <trkpt lat="37.270546769723296" lon="128.14763749949634">
        <ele>800.4</ele>
      </trkpt>
      <trkpt lat="37.270544758066535" lon="128.1475898064673">
        <ele>800.8</ele>
      </trkpt>
      <trkpt lat="37.27054316550493" lon="128.14753892831504">
        <ele>801.2</ele>
      </trkpt>
      <trkpt lat="37.27054358460009" lon="128.1474898941815">
        <ele>801.6</ele>
      </trkpt>
      <trkpt lat="37.27054559625685" lon="128.1474389322102">
        <ele>802.0</ele>
      </trkpt>
      <trkpt lat="37.27054744027555" lon="128.14738654531538">
        <ele>802.4</ele>
      </trkpt>
      <trkpt lat="37.27054886519909" lon="128.14733172766864">
        <ele>803.0</ele>
      </trkpt>
      <trkpt lat="37.27054945193231" lon="128.14727682620287">
        <ele>803.4</ele>
      </trkpt>
      <trkpt lat="37.27054777555168" lon="128.14721949398518">
        <ele>804.0</ele>
      </trkpt>
      <trkpt lat="37.27054266259074" lon="128.14715939573944">
        <ele>804.4</ele>
      </trkpt>
      <trkpt lat="37.270534532144666" lon="128.1471022311598">
        <ele>805.0</ele>
      </trkpt>
      <trkpt lat="37.27052204310894" lon="128.14704665914178">
        <ele>805.6</ele>
      </trkpt>
      <trkpt lat="37.270508129149675" lon="128.14699611626565">
        <ele>806.2</ele>
      </trkpt>
      <trkpt lat="37.27049136534333" lon="128.14694900996983">
        <ele>806.6</ele>
      </trkpt>
      <trkpt lat="37.27047300897539" lon="128.1469063460827">
        <ele>807.0</ele>
      </trkpt>
      <trkpt lat="37.270449455827475" lon="128.14686468802392">
        <ele>807.4</ele>
      </trkpt>
      <trkpt lat="37.2704222984612" lon="128.14682663418353">
        <ele>807.8</ele>
      </trkpt>
      <trkpt lat="37.270390866324306" lon="128.1467932742089">
        <ele>808.2</ele>
      </trkpt>
      <trkpt lat="37.27035633288324" lon="128.14676494337618">
        <ele>808.8</ele>
      </trkpt>
      <trkpt lat="37.27031819522381" lon="128.1467419769615">
        <ele>809.2</ele>
      </trkpt>
      <trkpt lat="37.27027636952698" lon="128.14672286622226">
        <ele>810.0</ele>
      </trkpt>
      <trkpt lat="37.27023093961179" lon="128.1467084493488">
        <ele>810.8</ele>
      </trkpt>
      <trkpt lat="37.27018400095403" lon="128.14670031890273">
        <ele>811.4</ele>
      </trkpt>
      <trkpt lat="37.270137732848525" lon="128.14669939689338">
        <ele>812.0</ele>
      </trkpt>
      <trkpt lat="37.27009020745754" lon="128.14670358784497">
        <ele>812.6</ele>
      </trkpt>
      <trkpt lat="37.270041927695274" lon="128.1467102933675">
        <ele>813.0</ele>
      </trkpt>
      <trkpt lat="37.26999289356172" lon="128.14671733416617">
        <ele>813.6</ele>
      </trkpt>
      <trkpt lat="37.26994360797107" lon="128.1467277277261">
        <ele>814.2</ele>
      </trkpt>
      <trkpt lat="37.26989524438977" lon="128.14674088731408">
        <ele>814.8</ele>
      </trkpt>
      <trkpt lat="37.26984729990363" lon="128.14676108770072">
        <ele>815.2</ele>
      </trkpt>
      <trkpt lat="37.26980245672166" lon="128.14678631722927">
        <ele>815.6</ele>
      </trkpt>
      <trkpt lat="37.26976121775806" lon="128.1468125525862">
        <ele>815.8</ele>
      </trkpt>
      <trkpt lat="37.26972266100347" lon="128.1468361057341">
        <ele>816.0</ele>
      </trkpt>
      <trkpt lat="37.26968544535339" lon="128.14685161225498">
        <ele>816.2</ele>
      </trkpt>
      <trkpt lat="37.269651498645544" lon="128.14685127697885">
        <ele>816.4</ele>
      </trkpt>
      <trkpt lat="37.26962291635573" lon="128.14683468081057">
        <ele>816.8</ele>
      </trkpt>
      <trkpt lat="37.26960338652134" lon="128.14680584706366">
        <ele>817.0</ele>
      </trkpt>
      <trkpt lat="37.26959374733269" lon="128.1467665359378">
        <ele>817.4</ele>
      </trkpt>
      <trkpt lat="37.26959617808461" lon="128.14672093838453">
        <ele>817.8</ele>
      </trkpt>
      <trkpt lat="37.269608583301306" lon="128.1466706469655">
        <ele>818.2</ele>
      </trkpt>
      <trkpt lat="37.2696260176599" lon="128.14662060700357">
        <ele>818.8</ele>
      </trkpt>
      <trkpt lat="37.26964940316975" lon="128.1465704832226">
        <ele>819.4</ele>
      </trkpt>
      <trkpt lat="37.269675051793456" lon="128.14652295783162">
        <ele>820.0</ele>
      </trkpt>
      <trkpt lat="37.26970422081649" lon="128.14647224731743">
        <ele>820.8</ele>
      </trkpt>
      <trkpt lat="37.269733138382435" lon="128.14642078243196">
        <ele>821.4</ele>
      </trkpt>
      <trkpt lat="37.2697623912245" lon="128.14636680297554">
        <ele>822.0</ele>
      </trkpt>
      <trkpt lat="37.269791727885604" lon="128.14631047658622">
        <ele>822.4</ele>
      </trkpt>
      <trkpt lat="37.269820142537355" lon="128.14625264145434">
        <ele>822.8</ele>
      </trkpt>
      <trkpt lat="37.26984729990363" lon="128.14619614742696">
        <ele>823.2</ele>
      </trkpt>
      <trkpt lat="37.26987278088927" lon="128.14614015631378">
        <ele>823.6</ele>
      </trkpt>
      <trkpt lat="37.269894825294614" lon="128.14608424901962">
        <ele>823.8</ele>
      </trkpt>
      <trkpt lat="37.26991410367191" lon="128.14602649770677">
        <ele>824.2</ele>
      </trkpt>
      <trkpt lat="37.269929107278585" lon="128.1459639687091">
        <ele>824.6</ele>
      </trkpt>
      <trkpt lat="37.26993723772466" lon="128.14589926041663">
        <ele>825.0</ele>
      </trkpt>
      <trkpt lat="37.26993874646723" lon="128.1458384077996">
        <ele>825.6</ele>
      </trkpt>
      <trkpt lat="37.269935477524996" lon="128.14577981829643">
        <ele>826.2</ele>
      </trkpt>
      <trkpt lat="37.269928101450205" lon="128.14572550356388">
        <ele>826.8</ele>
      </trkpt>
      <trkpt lat="37.269917288795114" lon="128.14567445777357">
        <ele>827.6</ele>
      </trkpt>
      <trkpt lat="37.269903626292944" lon="128.14562559127808">
        <ele>828.4</ele>
      </trkpt>
      <trkpt lat="37.269887030124664" lon="128.1455812510103">
        <ele>829.0</ele>
      </trkpt>
      <trkpt lat="37.26986775174737" lon="128.14553875476122">
        <ele>829.8</ele>
      </trkpt>
      <trkpt lat="37.2698453720659" lon="128.14549868926406">
        <ele>830.6</ele>
      </trkpt>
      <trkpt lat="37.26981930434704" lon="128.1454591266811">
        <ele>831.2</ele>
      </trkpt>
      <trkpt lat="37.26978921331465" lon="128.14542182721198">
        <ele>832.0</ele>
      </trkpt>
      <trkpt lat="37.26975870318711" lon="128.14538863487542">
        <ele>832.6</ele>
      </trkpt>
      <trkpt lat="37.269725846126676" lon="128.14535753801465">
        <ele>833.2</ele>
      </trkpt>
      <trkpt lat="37.26969324052334" lon="128.1453283689916">
        <ele>833.8</ele>
      </trkpt>
      <trkpt lat="37.26966205984354" lon="128.14529987052083">
        <ele>834.4</ele>
      </trkpt>
      <trkpt lat="37.26963414810598" lon="128.14526944421232">
        <ele>835.0</ele>
      </trkpt>
      <trkpt lat="37.269610008224845" lon="128.1452363356948">
        <ele>835.4</ele>
      </trkpt>
      <trkpt lat="37.26958922110498" lon="128.1452012155205">
        <ele>835.8</ele>
      </trkpt>
      <trkpt lat="37.26956960745156" lon="128.14516408368945">
        <ele>836.2</ele>
      </trkpt>
      <trkpt lat="37.269546976312995" lon="128.14512259326875">
        <ele>836.4</ele>
      </trkpt>
      <trkpt lat="37.26952233351767" lon="128.1450827792287">
        <ele>836.2</ele>
      </trkpt>
      <trkpt lat="37.26949257776141" lon="128.14504330046475">
        <ele>836.2</ele>
      </trkpt>
      <trkpt lat="37.269459972158074" lon="128.14500633627176">
        <ele>836.0</ele>
      </trkpt>
      <trkpt lat="37.26942342706025" lon="128.14497222192585">
        <ele>835.6</ele>
      </trkpt>
      <trkpt lat="37.26938545703888" lon="128.14494187943637">
        <ele>835.4</ele>
      </trkpt>
      <trkpt lat="37.269345140084624" lon="128.1449147220701">
        <ele>835.2</ele>
      </trkpt>
      <trkpt lat="37.2693049069494" lon="128.1448909174651">
        <ele>835.0</ele>
      </trkpt>
      <trkpt lat="37.26926433853805" lon="128.1448711361736">
        <ele>835.0</ele>
      </trkpt>
      <trkpt lat="37.26922385394573" lon="128.14485336653888">
        <ele>834.8</ele>
      </trkpt>
      <trkpt lat="37.26918529719114" lon="128.14483844675124">
        <ele>834.8</ele>
      </trkpt>
      <trkpt lat="37.26914699189365" lon="128.14482503570616">
        <ele>834.8</ele>
      </trkpt>
      <trkpt lat="37.26910608820617" lon="128.14481330104172">
        <ele>834.6</ele>
      </trkpt>
      <trkpt lat="37.26906350813806" lon="128.14480567350984">
        <ele>834.8</ele>
      </trkpt>
      <trkpt lat="37.26901967078447" lon="128.14480273984373">
        <ele>834.8</ele>
      </trkpt>
      <trkpt lat="37.26897650398314" lon="128.14480567350984">
        <ele>835.0</ele>
      </trkpt>
      <trkpt lat="37.26893660612404" lon="128.14481263048947">
        <ele>835.0</ele>
      </trkpt>
      <trkpt lat="37.2688957862556" lon="128.14482226967812">
        <ele>835.0</ele>
      </trkpt>
      <trkpt lat="37.26885538548231" lon="128.14483056776226">
        <ele>835.0</ele>
      </trkpt>
      <trkpt lat="37.2688143979758" lon="128.1448354292661">
        <ele>835.0</ele>
      </trkpt>
      <trkpt lat="37.26877408102155" lon="128.1448367703706">
        <ele>834.8</ele>
      </trkpt>
      <trkpt lat="37.2687316685915" lon="128.14483475871384">
        <ele>834.4</ele>
      </trkpt>
      <trkpt lat="37.268689423799515" lon="128.1448328308761">
        <ele>833.8</ele>
      </trkpt>
      <trkpt lat="37.268645418807864" lon="128.14483132213354">
        <ele>833.0</ele>
      </trkpt>
      <trkpt lat="37.268602000549436" lon="128.14483274705708">
        <ele>832.2</ele>
      </trkpt>
      <trkpt lat="37.26855874992907" lon="128.14483936876059">
        <ele>831.2</ele>
      </trkpt>
      <trkpt lat="37.26851658895612" lon="128.14485152252018">
        <ele>830.2</ele>
      </trkpt>
      <trkpt lat="37.268476942554116" lon="128.14487038180232">
        <ele>829.2</ele>
      </trkpt>
      <trkpt lat="37.268441235646605" lon="128.14489376731217">
        <ele>828.4</ele>
      </trkpt>
      <trkpt lat="37.26841005496681" lon="128.14492033794522">
        <ele>827.4</ele>
      </trkpt>
      <trkpt lat="37.26838138885796" lon="128.1449495907873">
        <ele>826.6</ele>
      </trkpt>
      <trkpt lat="37.26835289038718" lon="128.14497984945774">
        <ele>825.6</ele>
      </trkpt>
      <trkpt lat="37.26832305081189" lon="128.1450114492327">
        <ele>824.6</ele>
      </trkpt>
      <trkpt lat="37.268293714150786" lon="128.14504363574088">
        <ele>823.8</ele>
      </trkpt>
      <trkpt lat="37.26826496422291" lon="128.1450762413442">
        <ele>823.0</ele>
      </trkpt>
      <trkpt lat="37.26823487319052" lon="128.14511203207076">
        <ele>822.2</ele>
      </trkpt>
      <trkpt lat="37.26820637471974" lon="128.14515109173954">
        <ele>821.4</ele>
      </trkpt>
      <trkpt lat="37.268178379163146" lon="128.14519576728344">
        <ele>820.4</ele>
      </trkpt>
      <trkpt lat="37.26815214380622" lon="128.14524681307375">
        <ele>819.6</ele>
      </trkpt>
      <trkpt lat="37.2681288421154" lon="128.14530448056757">
        <ele>818.4</ele>
      </trkpt>
      <trkpt lat="37.26810964755714" lon="128.145363740623">
        <ele>817.4</ele>
      </trkpt>
      <trkpt lat="37.268094224855304" lon="128.1454240065068">
        <ele>816.2</ele>
      </trkpt>
      <trkpt lat="37.268082071095705" lon="128.1454834342003">
        <ele>815.0</ele>
      </trkpt>
      <trkpt lat="37.26807142607868" lon="128.1455402635038">
        <ele>814.0</ele>
      </trkpt>
      <trkpt lat="37.268061703071" lon="128.14559172838926">
        <ele>812.8</ele>
      </trkpt>
      <trkpt lat="37.268048794940114" lon="128.14564143307507">
        <ele>811.8</ele>
      </trkpt>
      <trkpt lat="37.26803060621023" lon="128.14568887464702">
        <ele>811.0</ele>
      </trkpt>
      <trkpt lat="37.26800747215748" lon="128.14573363400996">
        <ele>810.2</ele>
      </trkpt>
      <trkpt lat="37.26798006333411" lon="128.14577512443066">
        <ele>809.4</ele>
      </trkpt>
      <trkpt lat="37.26795173250139" lon="128.14581627957523">
        <ele>808.6</ele>
      </trkpt>
      <trkpt lat="37.26792407222092" lon="128.1458608713001">
        <ele>807.8</ele>
      </trkpt>
      <trkpt lat="37.267902195453644" lon="128.1459097377956">
        <ele>806.8</ele>
      </trkpt>
      <trkpt lat="37.26788585074246" lon="128.14596589654684">
        <ele>805.8</ele>
      </trkpt>
      <trkpt lat="37.267875373363495" lon="128.14602565951645">
        <ele>805.0</ele>
      </trkpt>
      <trkpt lat="37.267870930954814" lon="128.14608860760927">
        <ele>804.0</ele>
      </trkpt>
      <trkpt lat="37.26786992512643" lon="128.1461508013308">
        <ele>803.2</ele>
      </trkpt>
      <trkpt lat="37.26787210442126" lon="128.14621324650943">
        <ele>802.4</ele>
      </trkpt>
      <trkpt lat="37.26787176914513" lon="128.14627309329808">
        <ele>801.8</ele>
      </trkpt>
      <trkpt lat="37.26786531507969" lon="128.14632698893547">
        <ele>801.2</ele>
      </trkpt>
      <trkpt lat="37.26784628815949" lon="128.14636789262295">
        <ele>800.6</ele>
      </trkpt>
      <trkpt lat="37.26781737059355" lon="128.14639714546502">
        <ele>800.0</ele>
      </trkpt>
      <trkpt lat="37.26777990348637" lon="128.14641097560525">
        <ele>799.6</ele>
      </trkpt>
      <trkpt lat="37.267738496884704" lon="128.14641675911844">
        <ele>799.2</ele>
      </trkpt>
      <trkpt lat="37.26769432425499" lon="128.1464219558984">
        <ele>798.8</ele>
      </trkpt>
      <trkpt lat="37.26764906197786" lon="128.1464327685535">
        <ele>798.4</ele>
      </trkpt>
      <trkpt lat="37.26760547608137" lon="128.14645439386368">
        <ele>797.8</ele>
      </trkpt>
      <trkpt lat="37.26756281219423" lon="128.14648708328605">
        <ele>797.2</ele>
      </trkpt>
      <trkpt lat="37.267524087801576" lon="128.14652781933546">
        <ele>796.8</ele>
      </trkpt>
      <trkpt lat="37.26749064400792" lon="128.14657408744097">
        <ele>796.4</ele>
      </trkpt>
      <trkpt lat="37.267461977899075" lon="128.14662354066968">
        <ele>796.0</ele>
      </trkpt>
      <trkpt lat="37.267436077818274" lon="128.14667693339288">
        <ele>795.8</ele>
      </trkpt>
      <trkpt lat="37.26741244085133" lon="128.14673175103962">
        <ele>795.8</ele>
      </trkpt>
      <trkpt lat="37.26739006116986" lon="128.1467858981341">
        <ele>795.8</ele>
      </trkpt>
      <trkpt lat="37.267367262393236" lon="128.14683970995247">
        <ele>795.6</ele>
      </trkpt>
      <trkpt lat="37.26734488271177" lon="128.1468884088099">
        <ele>795.6</ele>
      </trkpt>
      <trkpt lat="37.267320239916444" lon="128.1469351798296">
        <ele>795.6</ele>
      </trkpt>
      <trkpt lat="37.26729383692145" lon="128.14697541296482">
        <ele>795.4</ele>
      </trkpt>
      <trkpt lat="37.26726424880326" lon="128.1470110360533">
        <ele>795.4</ele>
      </trkpt>
      <trkpt lat="37.267231894657016" lon="128.14703618176281">
        <ele>795.4</ele>
      </trkpt>
      <trkpt lat="37.26719702593982" lon="128.1470543704927">
        <ele>795.4</ele>
      </trkpt>
      <trkpt lat="37.26716123521328" lon="128.14706593751907">
        <ele>795.2</ele>
      </trkpt>
      <trkpt lat="37.26712418720126" lon="128.14707105048">
        <ele>795.0</ele>
      </trkpt>
      <trkpt lat="37.26708613336086" lon="128.14707012847066">
        <ele>794.8</ele>
      </trkpt>
      <trkpt lat="37.26704698987305" lon="128.1470649316907">
        <ele>794.4</ele>
      </trkpt>
      <trkpt lat="37.26700591854751" lon="128.14705613069236">
        <ele>794.0</ele>
      </trkpt>
      <trkpt lat="37.26696074008942" lon="128.1470456533134">
        <ele>793.6</ele>
      </trkpt>
      <trkpt lat="37.26691396906972" lon="128.1470387801528">
        <ele>793.0</ele>
      </trkpt>
      <trkpt lat="37.266864851117134" lon="128.14703727141023">
        <ele>792.4</ele>
      </trkpt>
      <trkpt lat="37.26681581698358" lon="128.14704389311373">
        <ele>791.8</ele>
      </trkpt>
      <trkpt lat="37.266766615211964" lon="128.14705948345363">
        <ele>791.0</ele>
      </trkpt>
      <trkpt lat="37.26671959273517" lon="128.14708454534411">
        <ele>790.4</ele>
      </trkpt>
      <trkpt lat="37.266675839200616" lon="128.14711765386164">
        <ele>789.8</ele>
      </trkpt>
      <trkpt lat="37.26663736626506" lon="128.14715813845396">
        <ele>789.4</ele>
      </trkpt>
      <trkpt lat="37.266603000462055" lon="128.14720591530204">
        <ele>789.0</ele>
      </trkpt>
      <trkpt lat="37.26657391525805" lon="128.14726115204394">
        <ele>788.8</ele>
      </trkpt>
      <trkpt lat="37.266548266634345" lon="128.14732242375612">
        <ele>788.4</ele>
      </trkpt>
      <trkpt lat="37.266525300219655" lon="128.1473812647164">
        <ele>788.2</ele>
      </trkpt>
      <trkpt lat="37.26650149561465" lon="128.1474328134209">
        <ele>788.2</ele>
      </trkpt>
      <trkpt lat="37.26647140458226" lon="128.14747598022223">
        <ele>788.2</ele>
      </trkpt>
      <trkpt lat="37.26643611676991" lon="128.1475060712546">
        <ele>788.2</ele>
      </trkpt>
      <trkpt lat="37.26639303378761" lon="128.14752174541354">
        <ele>788.4</ele>
      </trkpt>
      <trkpt lat="37.26634609512985" lon="128.14752065576613">
        <ele>788.4</ele>
      </trkpt>
      <trkpt lat="37.26629395969212" lon="128.1475060712546">
        <ele>788.6</ele>
      </trkpt>
      <trkpt lat="37.26624274626374" lon="128.14747623167932">
        <ele>788.8</ele>
      </trkpt>
      <trkpt lat="37.2661913651973" lon="128.14743792638183">
        <ele>789.0</ele>
      </trkpt>
      <trkpt lat="37.266135374084115" lon="128.14739710651338">
        <ele>789.4</ele>
      </trkpt>
      <trkpt lat="37.26607460528612" lon="128.14736659638584">
        <ele>789.4</ele>
      </trkpt>
      <trkpt lat="37.26601182483137" lon="128.147351173684">
        <ele>789.2</ele>
      </trkpt>
      <trkpt lat="37.26594879291952" lon="128.14735150896013">
        <ele>789.2</ele>
      </trkpt>
      <trkpt lat="37.26588970050216" lon="128.14736374653876">
        <ele>789.0</ele>
      </trkpt>
      <trkpt lat="37.2658340446651" lon="128.14738654531538">
        <ele>788.8</ele>
      </trkpt>
      <trkpt lat="37.265779646113515" lon="128.14741579815745">
        <ele>788.8</ele>
      </trkpt>
      <trkpt lat="37.265726923942566" lon="128.14744714647532">
        <ele>789.0</ele>
      </trkpt>
      <trkpt lat="37.26567470468581" lon="128.14747824333608">
        <ele>789.2</ele>
      </trkpt>
      <trkpt lat="37.265622820705175" lon="128.1475049816072">
        <ele>789.6</ele>
      </trkpt>
      <trkpt lat="37.2655713558197" lon="128.14752493053675">
        <ele>789.6</ele>
      </trkpt>
      <trkpt lat="37.265518298372626" lon="128.1475380063057">
        <ele>789.8</ele>
      </trkpt>
      <trkpt lat="37.265465911477804" lon="128.1475427839905">
        <ele>789.8</ele>
      </trkpt>
      <trkpt lat="37.26540966890752" lon="128.14754496328533">
        <ele>789.8</ele>
      </trkpt>
      <trkpt lat="37.26535300724208" lon="128.1475448794663">
        <ele>789.8</ele>
      </trkpt>
      <trkpt lat="37.265291567891836" lon="128.14754814840853">
        <ele>790.0</ele>
      </trkpt>
      <trkpt lat="37.2652330622077" lon="128.14755879342556">
        <ele>790.2</ele>
      </trkpt>
      <trkpt lat="37.26517950184643" lon="128.14757656306028">
        <ele>790.2</ele>
      </trkpt>
      <trkpt lat="37.2651276178658" lon="128.14760556444526">
        <ele>789.8</ele>
      </trkpt>
      <trkpt lat="37.265080427750945" lon="128.14764437265694">
        <ele>789.4</ele>
      </trkpt>
      <trkpt lat="37.26503868587315" lon="128.14769357442856">
        <ele>789.0</ele>
      </trkpt>
      <trkpt lat="37.26500356569886" lon="128.14775031991303">
        <ele>788.4</ele>
      </trkpt>
      <trkpt lat="37.26497548632324" lon="128.1478115916252">
        <ele>788.0</ele>
      </trkpt>
      <trkpt lat="37.26495360955596" lon="128.14787755720317">
        <ele>787.8</ele>
      </trkpt>
      <trkpt lat="37.26494011469185" lon="128.14794511534274">
        <ele>787.4</ele>
      </trkpt>
      <trkpt lat="37.264935756102204" lon="128.14801359549165">
        <ele>787.0</ele>
      </trkpt>
      <trkpt lat="37.26493801921606" lon="128.1480787228793">
        <ele>786.6</ele>
      </trkpt>
      <trkpt lat="37.26494380272925" lon="128.14813865348697">
        <ele>786.2</ele>
      </trkpt>
      <trkpt lat="37.264946568757296" lon="128.1481987517327">
        <ele>786.0</ele>
      </trkpt>
      <trkpt lat="37.2649428807199" lon="128.14825331792235">
        <ele>786.0</ele>
      </trkpt>
      <trkpt lat="37.26493273861706" lon="128.1483005080372">
        <ele>786.0</ele>
      </trkpt>
      <trkpt lat="37.26491547189653" lon="128.14833998680115">
        <ele>785.6</ele>
      </trkpt>
      <trkpt lat="37.26488898508251" lon="128.14837569370866">
        <ele>785.4</ele>
      </trkpt>
      <trkpt lat="37.26485436782241" lon="128.148405700922">
        <ele>785.0</ele>
      </trkpt>
      <trkpt lat="37.264812709763646" lon="128.1484318524599">
        <ele>784.8</ele>
      </trkpt>
      <trkpt lat="37.26476702839136" lon="128.14845238812268">
        <ele>784.6</ele>
      </trkpt>
      <trkpt lat="37.264717910438776" lon="128.1484749354422">
        <ele>784.4</ele>
      </trkpt>
      <trkpt lat="37.264668541029096" lon="128.14850326627493">
        <ele>784.4</ele>
      </trkpt>
      <trkpt lat="37.2646215185523" lon="128.14854240976274">
        <ele>784.2</ele>
      </trkpt>
      <trkpt lat="37.264581536874175" lon="128.14859001897275">
        <ele>783.8</ele>
      </trkpt>
      <trkpt lat="37.26454792544246" lon="128.1486443337053">
        <ele>783.6</ele>
      </trkpt>
      <trkpt lat="37.26451733149588" lon="128.14870426431298">
        <ele>783.4</ele>
      </trkpt>
      <trkpt lat="37.26448690518737" lon="128.14876201562583">
        <ele>783.4</ele>
      </trkpt>
      <trkpt lat="37.264454215765" lon="128.14881482161582">
        <ele>783.2</ele>
      </trkpt>
      <trkpt lat="37.26441725157201" lon="128.14886276610196">
        <ele>783.0</ele>
      </trkpt>
      <trkpt lat="37.26437701843679" lon="128.14890584908426">
        <ele>783.2</ele>
      </trkpt>
      <trkpt lat="37.264335695654154" lon="128.14894700422883">
        <ele>783.2</ele>
      </trkpt>
      <trkpt lat="37.26429730653763" lon="128.14898799173534">
        <ele>782.8</ele>
      </trkpt>
      <trkpt lat="37.26426302455366" lon="128.1490307394415">
        <ele>782.6</ele>
      </trkpt>
      <trkpt lat="37.26423243060708" lon="128.14907608553767">
        <ele>782.4</ele>
      </trkpt>
      <trkpt lat="37.26420585997403" lon="128.14912009052932">
        <ele>782.0</ele>
      </trkpt>
      <trkpt lat="37.26418155245483" lon="128.14916225150228">
        <ele>781.6</ele>
      </trkpt>
      <trkpt lat="37.264158837497234" lon="128.1492022331804">
        <ele>781.4</ele>
      </trkpt>
      <trkpt lat="37.264136876910925" lon="128.14923986792564">
        <ele>781.2</ele>
      </trkpt>
      <trkpt lat="37.26411307230592" lon="128.14927406609058">
        <ele>781.2</ele>
      </trkpt>
      <trkpt lat="37.26408625021577" lon="128.14930457621813">
        <ele>781.0</ele>
      </trkpt>
      <trkpt lat="37.26405364461243" lon="128.14932678826153">
        <ele>781.0</ele>
      </trkpt>
      <trkpt lat="37.264015758410096" lon="128.14933978021145">
        <ele>780.8</ele>
      </trkpt>
      <trkpt lat="37.263974100351334" lon="128.1493422947824">
        <ele>780.8</ele>
      </trkpt>
      <trkpt lat="37.26392900571227" lon="128.14934061840177">
        <ele>780.8</ele>
      </trkpt>
      <trkpt lat="37.2638809774071" lon="128.14934003166854">
        <ele>780.4</ele>
      </trkpt>
      <trkpt lat="37.263831524178386" lon="128.1493454799056">
        <ele>780.2</ele>
      </trkpt>
      <trkpt lat="37.263781148940325" lon="128.1493581365794">
        <ele>779.8</ele>
      </trkpt>
      <trkpt lat="37.263731779530644" lon="128.14937816932797">
        <ele>779.2</ele>
      </trkpt>
      <trkpt lat="37.26368207484484" lon="128.14940264448524">
        <ele>779.0</ele>
      </trkpt>
      <trkpt lat="37.263635555282235" lon="128.14942535944283">
        <ele>779.2</ele>
      </trkpt>
      <trkpt lat="37.2635907959193" lon="128.14944287762046">
        <ele>779.2</ele>
      </trkpt>
      <trkpt lat="37.26354687474668" lon="128.1494509242475">
        <ele>779.2</ele>
      </trkpt>
      <trkpt lat="37.26350303739309" lon="128.1494479905814">
        <ele>779.0</ele>
      </trkpt>
      <trkpt lat="37.26346137933433" lon="128.14943977631629">
        <ele>778.6</ele>
      </trkpt>
      <trkpt lat="37.26341846399009" lon="128.14943181350827">
        <ele>777.8</ele>
      </trkpt>
      <trkpt lat="37.26337378844619" lon="128.14942695200443">
        <ele>777.2</ele>
      </trkpt>
      <trkpt lat="37.26332559250295" lon="128.14942971803248">
        <ele>776.6</ele>
      </trkpt>
      <trkpt lat="37.26327421143651" lon="128.14944229088724">
        <ele>776.2</ele>
      </trkpt>
      <trkpt lat="37.2632213216275" lon="128.14946291036904">
        <ele>775.6</ele>
      </trkpt>
      <trkpt lat="37.2631711140275" lon="128.14948612824082">
        <ele>775.4</ele>
      </trkpt>
      <trkpt lat="37.26311646401882" lon="128.1495121959597">
        <ele>775.4</ele>
      </trkpt>
      <trkpt lat="37.26306022144854" lon="128.14953885041177">
        <ele>775.6</ele>
      </trkpt>
      <trkpt lat="37.26300389505923" lon="128.14956407994032">
        <ele>776.0</ele>
      </trkpt>
      <trkpt lat="37.262951927259564" lon="128.14958453178406">
        <ele>776.2</ele>
      </trkpt>
      <trkpt lat="37.26290373131633" lon="128.14959693700075">
        <ele>776.4</ele>
      </trkpt>
      <trkpt lat="37.262859139591455" lon="128.14959685318172">
        <ele>776.4</ele>
      </trkpt>
      <trkpt lat="37.26282083429396" lon="128.14958327449858">
        <ele>776.0</ele>
      </trkpt>
      <trkpt lat="37.26278956979513" lon="128.14955561421812">
        <ele>775.6</ele>
      </trkpt>
      <trkpt lat="37.262764843180776" lon="128.14951730892062">
        <ele>775.2</ele>
      </trkpt>
      <trkpt lat="37.26274631917477" lon="128.14947062171996">
        <ele>774.8</ele>
      </trkpt>
      <trkpt lat="37.26273072883487" lon="128.14941664226353">
        <ele>774.4</ele>
      </trkpt>
      <trkpt lat="37.262714467942715" lon="128.14935822039843">
        <ele>774.2</ele>
      </trkpt>
      <trkpt lat="37.262697368860245" lon="128.14929803833365">
        <ele>773.8</ele>
      </trkpt>
      <trkpt lat="37.26267943158746" lon="128.14923827536404">
        <ele>773.4</ele>
      </trkpt>
      <trkpt lat="37.26266208104789" lon="128.14917599782348">
        <ele>773.2</ele>
      </trkpt>
      <trkpt lat="37.26264766417444" lon="128.14911623485386">
        <ele>773.2</ele>
      </trkpt>
      <trkpt lat="37.26263517513871" lon="128.14905538223684">
        <ele>773.0</ele>
      </trkpt>
      <trkpt lat="37.2626235242933" lon="128.14899033866823">
        <ele>773.2</ele>
      </trkpt>
      <trkpt lat="37.26261304691434" lon="128.14892462454736">
        <ele>773.0</ele>
      </trkpt>
      <trkpt lat="37.26260583847761" lon="128.14886553213">
        <ele>772.8</ele>
      </trkpt>
      <trkpt lat="37.26260424591601" lon="128.14881113357842">
        <ele>772.4</ele>
      </trkpt>
      <trkpt lat="37.2626097779721" lon="128.14876092597842">
        <ele>772.0</ele>
      </trkpt>
      <trkpt lat="37.26262285374105" lon="128.1487151607871">
        <ele>771.4</ele>
      </trkpt>
      <trkpt lat="37.26264079101384" lon="128.148675262928">
        <ele>770.8</ele>
      </trkpt>
      <trkpt lat="37.26266384124756" lon="128.14864198677242">
        <ele>770.2</ele>
      </trkpt>
      <trkpt lat="37.262692926451564" lon="128.14860879443586">
        <ele>769.6</ele>
      </trkpt>
      <trkpt lat="37.262730561196804" lon="128.14857099205256">
        <ele>769.2</ele>
      </trkpt>
      <trkpt lat="37.26277372799814" lon="128.14853142946959">
        <ele>769.0</ele>
      </trkpt>
      <trkpt lat="37.26281873881817" lon="128.14849060960114">
        <ele>768.6</ele>
      </trkpt>
      <trkpt lat="37.26286475546658" lon="128.14844786189497">
        <ele>768.4</ele>
      </trkpt>
      <trkpt lat="37.26291295140982" lon="128.14840335398912">
        <ele>768.2</ele>
      </trkpt>
      <trkpt lat="37.26296148262918" lon="128.14835842698812">
        <ele>768.0</ele>
      </trkpt>
      <trkpt lat="37.26300951093435" lon="128.14831299707294">
        <ele>767.6</ele>
      </trkpt>
      <trkpt lat="37.26305628195405" lon="128.14826681278646">
        <ele>767.4</ele>
      </trkpt>
      <trkpt lat="37.26310204714537" lon="128.14822029322386">
        <ele>767.2</ele>
      </trkpt>
      <trkpt lat="37.26314621977508" lon="128.14817159436643">
        <ele>766.8</ele>
      </trkpt>
      <trkpt lat="37.26318712346256" lon="128.14812071621418">
        <ele>766.6</ele>
      </trkpt>
      <trkpt lat="37.26322425529361" lon="128.14806941896677">
        <ele>766.2</ele>
      </trkpt>
      <trkpt lat="37.2632575314492" lon="128.14801460132003">
        <ele>766.0</ele>
      </trkpt>
      <trkpt lat="37.26328695192933" lon="128.14795458689332">
        <ele>765.6</ele>
      </trkpt>
      <trkpt lat="37.26331125944853" lon="128.1478927284479">
        <ele>765.6</ele>
      </trkpt>
      <trkpt lat="37.2633299510926" lon="128.14782869070768">
        <ele>765.4</ele>
      </trkpt>
      <trkpt lat="37.263343278318644" lon="128.14776683226228">
        <ele>765.2</ele>
      </trkpt>
      <trkpt lat="37.26335350424051" lon="128.14770547673106">
        <ele>765.0</ele>
      </trkpt>
      <trkpt lat="37.26336213760078" lon="128.14764395356178">
        <ele>764.8</ele>
      </trkpt>
      <trkpt lat="37.26337035186589" lon="128.1475803349167">
        <ele>764.4</ele>
      </trkpt>
      <trkpt lat="37.26337680593133" lon="128.14751621335745">
        <ele>764.0</ele>
      </trkpt>
      <trkpt lat="37.26338133215904" lon="128.14745175652206">
        <ele>763.4</ele>
      </trkpt>
      <trkpt lat="37.26338275708258" lon="128.14738830551505">
        <ele>762.8</ele>
      </trkpt>
      <trkpt lat="37.26337965577841" lon="128.14732694998384">
        <ele>762.2</ele>
      </trkpt>
      <trkpt lat="37.26337051950395" lon="128.14726257696748">
        <ele>761.6</ele>
      </trkpt>
      <trkpt lat="37.26335677318275" lon="128.1471994612366">
        <ele>761.0</ele>
      </trkpt>
      <trkpt lat="37.2633402608335" lon="128.14713517203927">
        <ele>760.4</ele>
      </trkpt>
      <trkpt lat="37.26332098245621" lon="128.1470713019371">
        <ele>760.0</ele>
      </trkpt>
      <trkpt lat="37.2632990218699" lon="128.14700659364462">
        <ele>759.6</ele>
      </trkpt>
      <trkpt lat="37.26327530108392" lon="128.14694188535213">
        <ele>759.2</ele>
      </trkpt>
      <trkpt lat="37.26324889808893" lon="128.14687902107835">
        <ele>758.6</ele>
      </trkpt>
      <trkpt lat="37.2632194776088" lon="128.14681791700423">
        <ele>758.0</ele>
      </trkpt>
      <trkpt lat="37.26318863220513" lon="128.14676192589104">
        <ele>757.4</ele>
      </trkpt>
      <trkpt lat="37.26315460167825" lon="128.1467118859291">
        <ele>756.6</ele>
      </trkpt>
      <trkpt lat="37.26311545819044" lon="128.14666813239455">
        <ele>755.6</ele>
      </trkpt>
      <trkpt lat="37.2630727943033" lon="128.14663209021091">
        <ele>754.8</ele>
      </trkpt>
      <trkpt lat="37.263026190921664" lon="128.1466016639024">
        <ele>754.0</ele>
      </trkpt>
      <trkpt lat="37.26298092864454" lon="128.14657408744097">
        <ele>753.4</ele>
      </trkpt>
      <trkpt lat="37.262939270585775" lon="128.14654391258955">
        <ele>753.0</ele>
      </trkpt>
      <trkpt lat="37.26290146820247" lon="128.14650694839656">
        <ele>752.6</ele>
      </trkpt>
      <trkpt lat="37.26286970078945" lon="128.1464613508433">
        <ele>752.2</ele>
      </trkpt>
      <trkpt lat="37.26285059005022" lon="128.14640963450074">
        <ele>752.0</ele>
      </trkpt>
      <trkpt lat="37.26284455507994" lon="128.14635523594916">
        <ele>751.6</ele>
      </trkpt>
      <trkpt lat="37.262850254774094" lon="128.1463016755879">
        <ele>751.0</ele>
      </trkpt>
      <trkpt lat="37.26286659948528" lon="128.146246438846">
        <ele>750.6</ele>
      </trkpt>
      <trkpt lat="37.262890907004476" lon="128.14618851989508">
        <ele>750.0</ele>
      </trkpt>
      <trkpt lat="37.26291747763753" lon="128.14612825401127">
        <ele>749.4</ele>
      </trkpt>
      <trkpt lat="37.26294388063252" lon="128.14606337808073">
        <ele>748.8</ele>
      </trkpt>
      <trkpt lat="37.26297061890364" lon="128.1459990888834">
        <ele>748.0</ele>
      </trkpt>
      <trkpt lat="37.26300121285021" lon="128.14594133757055">
        <ele>747.0</ele>
      </trkpt>
      <trkpt lat="37.26303968578577" lon="128.1458978354931">
        <ele>745.4</ele>
      </trkpt>
      <trkpt lat="37.26308670826256" lon="128.14586841501296">
        <ele>744.0</ele>
      </trkpt>
      <trkpt lat="37.26313901133835" lon="128.14584469422698">
        <ele>742.4</ele>
      </trkpt>
      <trkpt lat="37.26319273933768" lon="128.145820973441">
        <ele>740.6</ele>
      </trkpt>
      <trkpt lat="37.26324738934636" lon="128.14578945748508">
        <ele>739.2</ele>
      </trkpt>
      <trkpt lat="37.26329851895571" lon="128.14574754796922">
        <ele>737.8</ele>
      </trkpt>
      <trkpt lat="37.26334420032799" lon="128.1456962507218">
        <ele>736.4</ele>
      </trkpt>
      <trkpt lat="37.26338770240545" lon="128.14563900232315">
        <ele>735.2</ele>
      </trkpt>
      <trkpt lat="37.2634248342365" lon="128.14558527432382">
        <ele>733.8</ele>
      </trkpt>
      <trkpt lat="37.263457691296935" lon="128.1455317977816">
        <ele>732.4</ele>
      </trkpt>
      <trkpt lat="37.263487530872226" lon="128.14548645168543">
        <ele>730.6</ele>
      </trkpt>
      <trkpt lat="37.26351250894368" lon="128.1454514991492">
        <ele>729.0</ele>
      </trkpt>
      <trkpt lat="37.26353430189192" lon="128.14542677253485">
        <ele>727.4</ele>
      </trkpt>
      <trkpt lat="37.263554502278566" lon="128.14541176892817">
        <ele>726.0</ele>
      </trkpt>
      <trkpt lat="37.26357134990394" lon="128.14540665596724">
        <ele>724.8</ele>
      </trkpt>
      <trkpt lat="37.263582246378064" lon="128.14540640451014">
        <ele>723.8</ele>
      </trkpt>
      <trkpt lat="37.263585766777396" lon="128.14540900290012">
        <ele>723.2</ele>
      </trkpt>
      <trkpt lat="37.26357713341713" lon="128.14540221355855">
        <ele>722.2</ele>
      </trkpt>
      <trkpt lat="37.26357428357005" lon="128.14539902843535">
        <ele>722.2</ele>
      </trkpt>
      <trkpt lat="37.26357470266521" lon="128.14539324492216">
        <ele>722.2</ele>
      </trkpt>
      <trkpt lat="37.263571014627814" lon="128.14533239230514">
        <ele>722.2</ele>
      </trkpt>
      <trkpt lat="37.26355257444084" lon="128.14531160518527">
        <ele>722.2</ele>
      </trkpt>
      <trkpt lat="37.263527512550354" lon="128.14530397765338">
        <ele>722.2</ele>
      </trkpt>
      <trkpt lat="37.263498762622476" lon="128.14531068317592">
        <ele>722.2</ele>
      </trkpt>
      <trkpt lat="37.2634665761143" lon="128.14533423632383">
        <ele>722.0</ele>
      </trkpt>
      <trkpt lat="37.26343112066388" lon="128.1453674286604">
        <ele>722.0</ele>
      </trkpt>
      <trkpt lat="37.263390719890594" lon="128.14540397375822">
        <ele>722.2</ele>
      </trkpt>
      <trkpt lat="37.26334294304252" lon="128.14544051885605">
        <ele>722.4</ele>
      </trkpt>
      <trkpt lat="37.263291981071234" lon="128.14547320827842">
        <ele>722.6</ele>
      </trkpt>
      <trkpt lat="37.263237750157714" lon="128.14549860544503">
        <ele>722.6</ele>
      </trkpt>
      <trkpt lat="37.26317689754069" lon="128.14551612362266">
        <ele>722.6</ele>
      </trkpt>
      <trkpt lat="37.26311302743852" lon="128.1455260142684">
        <ele>722.4</ele>
      </trkpt>
      <trkpt lat="37.26304957643151" lon="128.1455283612013">
        <ele>722.2</ele>
      </trkpt>
      <trkpt lat="37.2629863768816" lon="128.14552685245872">
        <ele>722.0</ele>
      </trkpt>
      <trkpt lat="37.26292544044554" lon="128.14552274532616">
        <ele>722.0</ele>
      </trkpt>
      <trkpt lat="37.2628687787801" lon="128.14551956020296">
        <ele>722.0</ele>
      </trkpt>
      <trkpt lat="37.262823935598135" lon="128.14551872201264">
        <ele>721.6</ele>
      </trkpt>
      <trkpt lat="37.26279099471867" lon="128.14552039839327">
        <ele>721.0</ele>
      </trkpt>
      <trkpt lat="37.26277372799814" lon="128.1455241702497">
        <ele>720.6</ele>
      </trkpt>
      <trkpt lat="37.26276467554271" lon="128.14552844502032">
        <ele>719.8</ele>
      </trkpt>
      <trkpt lat="37.26275713182986" lon="128.14553540199995">
        <ele>719.2</ele>
      </trkpt>
      <trkpt lat="37.26273852400482" lon="128.14562022686005">
        <ele>718.8</ele>
      </trkpt>
      <trkpt lat="37.26274095475674" lon="128.14567076973617">
        <ele>718.8</ele>
      </trkpt>
      <trkpt lat="37.262739446014166" lon="128.1457247491926">
        <ele>719.0</ele>
      </trkpt>
      <trkpt lat="37.26273072883487" lon="128.14578258432448">
        <ele>719.0</ele>
      </trkpt>
      <trkpt lat="37.26271077990532" lon="128.14583740197122">
        <ele>719.0</ele>
      </trkpt>
      <trkpt lat="37.26268362253904" lon="128.14588660374284">
        <ele>719.0</ele>
      </trkpt>
      <trkpt lat="37.26264690980315" lon="128.1459324527532">
        <ele>718.8</ele>
      </trkpt>
      <trkpt lat="37.262603575363755" lon="128.14597218297422">
        <ele>718.4</ele>
      </trkpt>
      <trkpt lat="37.26255839690566" lon="128.14600772224367">
        <ele>718.2</ele>
      </trkpt>
      <trkpt lat="37.2625098656863" lon="128.14604301005602">
        <ele>718.0</ele>
      </trkpt>
      <trkpt lat="37.26246108300984" lon="128.14608089625835">
        <ele>717.8</ele>
      </trkpt>
      <trkpt lat="37.26241271942854" lon="128.1461193691939">
        <ele>718.0</ele>
      </trkpt>
      <trkpt lat="37.26236519403756" lon="128.14616119489074">
        <ele>718.0</ele>
      </trkpt>
      <trkpt lat="37.262324541807175" lon="128.14620855264366">
        <ele>718.0</ele>
      </trkpt>
      <trkpt lat="37.262292355298996" lon="128.14626345410943">
        <ele>718.0</ele>
      </trkpt>
      <trkpt lat="37.26227114908397" lon="128.14632581546903">
        <ele>718.0</ele>
      </trkpt>
      <trkpt lat="37.2622611746192" lon="128.1463921163231">
        <ele>717.8</ele>
      </trkpt>
      <trkpt lat="37.26226503029466" lon="128.14645833335817">
        <ele>717.8</ele>
      </trkpt>
      <trkpt lat="37.26228221319616" lon="128.14651910215616">
        <ele>717.6</ele>
      </trkpt>
      <trkpt lat="37.262308951467276" lon="128.14657148905098">
        <ele>717.4</ele>
      </trkpt>
      <trkpt lat="37.26234004832804" lon="128.14661373384297">
        <ele>717.2</ele>
      </trkpt>
      <trkpt lat="37.26237257011235" lon="128.1466513685882">
        <ele>717.0</ele>
      </trkpt>
      <trkpt lat="37.26240752264857" lon="128.14668816514313">
        <ele>716.8</ele>
      </trkpt>
      <trkpt lat="37.26244390010834" lon="128.14672705717385">
        <ele>716.6</ele>
      </trkpt>
      <trkpt lat="37.262480361387134" lon="128.14676729030907">
        <ele>716.4</ele>
      </trkpt>
      <trkpt lat="37.262515649199486" lon="128.14681137911975">
        <ele>716.4</ele>
      </trkpt>
      <trkpt lat="37.262548338621855" lon="128.14685965888202">
        <ele>716.4</ele>
      </trkpt>
      <trkpt lat="37.26257759146392" lon="128.1469113752246">
        <ele>716.2</ele>
      </trkpt>
      <trkpt lat="37.26260055787861" lon="128.1469677016139">
        <ele>715.8</ele>
      </trkpt>
      <trkpt lat="37.26261983625591" lon="128.14702914096415">
        <ele>715.6</ele>
      </trkpt>
      <trkpt lat="37.262632912024856" lon="128.14708932302892">
        <ele>715.4</ele>
      </trkpt>
      <trkpt lat="37.262639701366425" lon="128.1471492536366">
        <ele>715.2</ele>
      </trkpt>
      <trkpt lat="37.26264246739447" lon="128.1472002994269">
        <ele>715.4</ele>
      </trkpt>
      <trkpt lat="37.26264079101384" lon="128.1472430471331">
        <ele>715.6</ele>
      </trkpt>
      <trkpt lat="37.26263366639614" lon="128.14727364107966">
        <ele>715.6</ele>
      </trkpt>
      <trkpt lat="37.26262888871133" lon="128.1472901534289">
        <ele>715.6</ele>
      </trkpt>
      <trkpt lat="37.26262629032135" lon="128.14729652367532">
        <ele>715.4</ele>
      </trkpt>
      <trkpt lat="37.26262486539781" lon="128.14729736186564">
        <ele>715.0</ele>
      </trkpt>
      <trkpt lat="37.26262385956943" lon="128.14729660749435">
        <ele>714.2</ele>
      </trkpt>
      <trkpt lat="37.2626116219908" lon="128.14728780649602">
        <ele>714.2</ele>
      </trkpt>
      <trkpt lat="37.26261019706726" lon="128.14728763885796">
        <ele>714.2</ele>
      </trkpt>
      <trkpt lat="37.26260919123888" lon="128.14728830941021">
        <ele>714.0</ele>
      </trkpt>
      <trkpt lat="37.26259930059314" lon="128.14729979261756">
        <ele>713.6</ele>
      </trkpt>
      <trkpt lat="37.2625960316509" lon="128.14731563441455">
        <ele>713.6</ele>
      </trkpt>
      <trkpt lat="37.2625907510519" lon="128.1473376788199">
        <ele>713.6</ele>
      </trkpt>
      <trkpt lat="37.26258521899581" lon="128.14736341126263">
        <ele>713.6</ele>
      </trkpt>
      <trkpt lat="37.26257842965424" lon="128.14739308319986">
        <ele>713.8</ele>
      </trkpt>
      <trkpt lat="37.26257105357945" lon="128.14742418006063">
        <ele>714.0</ele>
      </trkpt>
      <trkpt lat="37.262563928961754" lon="128.14745435491204">
        <ele>714.2</ele>
      </trkpt>
      <trkpt lat="37.26255630142987" lon="128.14748503267765">
        <ele>714.2</ele>
      </trkpt>
      <trkpt lat="37.26254808716476" lon="128.14751571044326">
        <ele>714.4</ele>
      </trkpt>
      <trkpt lat="37.26253928616643" lon="128.14754546619952">
        <ele>714.4</ele>
      </trkpt>
      <trkpt lat="37.26253107190132" lon="128.1475721206516">
        <ele>714.4</ele>
      </trkpt>
      <trkpt lat="37.26252512075007" lon="128.1475934945047">
        <ele>714.2</ele>
      </trkpt>
      <trkpt lat="37.262521432712674" lon="128.14760757610202">
        <ele>714.4</ele>
      </trkpt>
      <trkpt lat="37.26252235472202" lon="128.14760942012072">
        <ele>714.6</ele>
      </trkpt>
      <trkpt lat="37.26253601722419" lon="128.1475858669728">
        <ele>715.2</ele>
      </trkpt>
      <trkpt lat="37.262545404955745" lon="128.14757379703224">
        <ele>715.4</ele>
      </trkpt>
      <trkpt lat="37.262553283944726" lon="128.14756013453007">
        <ele>715.4</ele>
      </trkpt>
      <trkpt lat="37.26256124675274" lon="128.1475457176566">
        <ele>715.2</ele>
      </trkpt>
      <trkpt lat="37.26256870664656" lon="128.14753071404994">
        <ele>715.0</ele>
      </trkpt>
      <trkpt lat="37.26257599890232" lon="128.14751361496747">
        <ele>714.6</ele>
      </trkpt>
      <trkpt lat="37.26258236914873" lon="128.14749567769468">
        <ele>714.2</ele>
      </trkpt>
      <trkpt lat="37.26258848793805" lon="128.14747782424092">
        <ele>714.0</ele>
      </trkpt>
      <trkpt lat="37.26259645074606" lon="128.14745619893074">
        <ele>713.8</ele>
      </trkpt>
      <trkpt lat="37.26260273717344" lon="128.14743851311505">
        <ele>713.8</ele>
      </trkpt>
      <trkpt lat="37.26260835304856" lon="128.1474209111184">
        <ele>713.6</ele>
      </trkpt>
      <trkpt lat="37.26261212490499" lon="128.14740381203592">
        <ele>713.6</ele>
      </trkpt>
      <trkpt lat="37.262616232037544" lon="128.1473873835057">
        <ele>713.6</ele>
      </trkpt>
      <trkpt lat="37.26261958479881" lon="128.14736802130938">
        <ele>713.4</ele>
      </trkpt>
      <trkpt lat="37.2626219317317" lon="128.1473541073501">
        <ele>713.4</ele>
      </trkpt>
      <trkpt lat="37.262624530121684" lon="128.1473411154002">
        <ele>713.2</ele>
      </trkpt>
      <trkpt lat="37.26262729614973" lon="128.1473260279745">
        <ele>713.0</ele>
      </trkpt>
      <trkpt lat="37.26262821815908" lon="128.1473091803491">
        <ele>713.0</ele>
      </trkpt>
      <trkpt lat="37.26262930780649" lon="128.1472940929234">
        <ele>713.0</ele>
      </trkpt>
      <trkpt lat="37.26263073273003" lon="128.14728369936347">
        <ele>712.8</ele>
      </trkpt>
      <trkpt lat="37.26263182237744" lon="128.14727514982224">
        <ele>712.8</ele>
      </trkpt>
      <trkpt lat="37.26263173855841" lon="128.14726911485195">
        <ele>712.8</ele>
      </trkpt>
      <trkpt lat="37.262631906196475" lon="128.14727095887065">
        <ele>712.8</ele>
      </trkpt>
      <trkpt lat="37.26262981072068" lon="128.1472748145461">
        <ele>713.0</ele>
      </trkpt>
      <trkpt lat="37.262629391625524" lon="128.1472774129361">
        <ele>713.2</ele>
      </trkpt>
      <trkpt lat="37.262629391625524" lon="128.14727783203125">
        <ele>713.2</ele>
      </trkpt>
      <trkpt lat="37.262629894539714" lon="128.1472776643932">
        <ele>713.0</ele>
      </trkpt>
      <trkpt lat="37.26263022981584" lon="128.14727758057415">
        <ele>712.6</ele>
      </trkpt>
      <trkpt lat="37.26265596225858" lon="128.14726643264294">
        <ele>712.2</ele>
      </trkpt>
      <trkpt lat="37.26265504024923" lon="128.14726567827165">
        <ele>712.4</ele>
      </trkpt>
      <trkpt lat="37.262655375525355" lon="128.14726517535746">
        <ele>712.6</ele>
      </trkpt>
      <trkpt lat="37.26265219040215" lon="128.14729283563793">
        <ele>713.4</ele>
      </trkpt>
      <trkpt lat="37.26265009492636" lon="128.14729870297015">
        <ele>713.4</ele>
      </trkpt>
      <trkpt lat="37.262647999450564" lon="128.1473023071885">
        <ele>713.6</ele>
      </trkpt>
      <trkpt lat="37.262647496536374" lon="128.1473030615598">
        <ele>713.6</ele>
      </trkpt>
      <trkpt lat="37.26265177130699" lon="128.1473049055785">
        <ele>713.4</ele>
      </trkpt>
      <trkpt lat="37.26265009492636" lon="128.14729996025562">
        <ele>713.2</ele>
      </trkpt>
      <trkpt lat="37.2626494243741" lon="128.147295685485">
        <ele>713.2</ele>
      </trkpt>
      <trkpt lat="37.26264489814639" lon="128.14723290503025">
        <ele>713.4</ele>
      </trkpt>
      <trkpt lat="37.262638695538044" lon="128.1471889000386">
        <ele>713.4</ele>
      </trkpt>
      <trkpt lat="37.262627547606826" lon="128.1471386924386">
        <ele>713.2</ele>
      </trkpt>
      <trkpt lat="37.26261061616242" lon="128.14708462916315">
        <ele>713.2</ele>
      </trkpt>
      <trkpt lat="37.262586476281285" lon="128.14702880568802">
        <ele>712.8</ele>
      </trkpt>
      <trkpt lat="37.262554708868265" lon="128.14697390422225">
        <ele>712.6</ele>
      </trkpt>
      <trkpt lat="37.26251682266593" lon="128.14692394807935">
        <ele>711.8</ele>
      </trkpt>
      <trkpt lat="37.26247474551201" lon="128.146878099069">
        <ele>711.0</ele>
      </trkpt>
      <trkpt lat="37.26242730394006" lon="128.14683535136282">
        <ele>710.0</ele>
      </trkpt>
      <trkpt lat="37.26237676106393" lon="128.146798806265">
        <ele>709.2</ele>
      </trkpt>
      <trkpt lat="37.262324541807175" lon="128.14676594920456">
        <ele>708.4</ele>
      </trkpt>
      <trkpt lat="37.26227198727429" lon="128.1467361934483">
        <ele>707.6</ele>
      </trkpt>
      <trkpt lat="37.2622231207788" lon="128.14670610241592">
        <ele>706.8</ele>
      </trkpt>
      <trkpt lat="37.26217861287296" lon="128.14667492173612">
        <ele>706.2</ele>
      </trkpt>
      <trkpt lat="37.2621401399374" lon="128.14663904719055">
        <ele>705.4</ele>
      </trkpt>
      <trkpt lat="37.262111054733396" lon="128.14659395255148">
        <ele>704.6</ele>
      </trkpt>
      <trkpt lat="37.26209135726094" lon="128.1465411465615">
        <ele>703.8</ele>
      </trkpt>
      <trkpt lat="37.26207886822522" lon="128.1464774440974">
        <ele>703.2</ele>
      </trkpt>
      <trkpt lat="37.26207258179784" lon="128.1464111432433">
        <ele>702.4</ele>
      </trkpt>
      <trkpt lat="37.26207132451236" lon="128.1463434174657">
        <ele>701.8</ele>
      </trkpt>
      <trkpt lat="37.262074425816536" lon="128.14626881852746">
        <ele>701.0</ele>
      </trkpt>
      <trkpt lat="37.262083142995834" lon="128.14619447104633">
        <ele>700.0</ele>
      </trkpt>
      <trkpt lat="37.26210066117346" lon="128.14612263813615">
        <ele>698.8</ele>
      </trkpt>
      <trkpt lat="37.26212605834007" lon="128.14605122432113">
        <ele>697.6</ele>
      </trkpt>
      <trkpt lat="37.26215673610568" lon="128.1459837500006">
        <ele>696.4</ele>
      </trkpt>
      <trkpt lat="37.262189760804176" lon="128.14591862261295">
        <ele>695.0</ele>
      </trkpt>
      <trkpt lat="37.262224880978465" lon="128.1458537466824">
        <ele>693.6</ele>
      </trkpt>
      <trkpt lat="37.262256648391485" lon="128.14578694291413">
        <ele>692.4</ele>
      </trkpt>
      <trkpt lat="37.26227936334908" lon="128.1457194685936">
        <ele>691.0</ele>
      </trkpt>
      <trkpt lat="37.26228766143322" lon="128.14565400592983">
        <ele>689.4</ele>
      </trkpt>
      <trkpt lat="37.26227953098714" lon="128.1455904711038">
        <ele>687.6</ele>
      </trkpt>
      <trkpt lat="37.2622540500015" lon="128.14553598873317">
        <ele>686.2</ele>
      </trkpt>
      <trkpt lat="37.26221482269466" lon="128.14548837952316">
        <ele>685.0</ele>
      </trkpt>
      <trkpt lat="37.26216997951269" lon="128.14544261433184">
        <ele>684.0</ele>
      </trkpt>
      <trkpt lat="37.26212354376912" lon="128.145392825827">
        <ele>683.4</ele>
      </trkpt>
      <trkpt lat="37.262077275663614" lon="128.14533909782767">
        <ele>682.4</ele>
      </trkpt>
      <trkpt lat="37.26203067228198" lon="128.14528377726674">
        <ele>681.4</ele>
      </trkpt>
      <trkpt lat="37.261979123577476" lon="128.1452339887619">
        <ele>680.4</ele>
      </trkpt>
      <trkpt lat="37.26191969588399" lon="128.1451948452741">
        <ele>679.0</ele>
      </trkpt>
      <trkpt lat="37.261854987591505" lon="128.14516777172685">
        <ele>677.4</ele>
      </trkpt>
      <trkpt lat="37.26179279386997" lon="128.1451489124447">
        <ele>676.2</ele>
      </trkpt>
      <trkpt lat="37.26173906587064" lon="128.14512636512518">
        <ele>675.4</ele>
      </trkpt>
      <trkpt lat="37.26169774308801" lon="128.14509510062635">
        <ele>674.6</ele>
      </trkpt>
      <trkpt lat="37.26167310029268" lon="128.14505838789046">
        <ele>673.6</ele>
      </trkpt>
      <trkpt lat="37.26166480220854" lon="128.1450119521469">
        <ele>673.0</ele>
      </trkpt>
      <trkpt lat="37.261670837178826" lon="128.14495855942369">
        <ele>672.6</ele>
      </trkpt>
      <trkpt lat="37.26168617606163" lon="128.1448991317302">
        <ele>672.2</ele>
      </trkpt>
      <trkpt lat="37.26170461624861" lon="128.144835177809">
        <ele>671.4</ele>
      </trkpt>
      <trkpt lat="37.26172280497849" lon="128.1447666976601">
        <ele>670.6</ele>
      </trkpt>
      <trkpt lat="37.261733869090676" lon="128.1446956191212">
        <ele>669.6</ele>
      </trkpt>
      <trkpt lat="37.26173847913742" lon="128.14462236128747">
        <ele>668.2</ele>
      </trkpt>
      <trkpt lat="37.26174250245094" lon="128.14455170184374">
        <ele>666.8</ele>
      </trkpt>
      <trkpt lat="37.26175365038216" lon="128.14448825083673">
        <ele>665.2</ele>
      </trkpt>
      <trkpt lat="37.26177477277815" lon="128.14443184062839">
        <ele>663.8</ele>
      </trkpt>
      <trkpt lat="37.261803187429905" lon="128.14438104629517">
        <ele>662.6</ele>
      </trkpt>
      <trkpt lat="37.26183554157615" lon="128.1443380471319">
        <ele>661.4</ele>
      </trkpt>
      <trkpt lat="37.2618708293885" lon="128.14429672434926">
        <ele>660.0</ele>
      </trkpt>
      <trkpt lat="37.2619088832289" lon="128.14425607211888">
        <ele>658.8</ele>
      </trkpt>
      <trkpt lat="37.261950206011534" lon="128.1442119833082">
        <ele>657.8</ele>
      </trkpt>
      <trkpt lat="37.261991361156106" lon="128.14416881650686">
        <ele>656.8</ele>
      </trkpt>
      <trkpt lat="37.26203368976712" lon="128.14412464387715">
        <ele>655.8</ele>
      </trkpt>
      <trkpt lat="37.26207551546395" lon="128.14408197999">
        <ele>654.8</ele>
      </trkpt>
      <trkpt lat="37.26211675442755" lon="128.14404292032123">
        <ele>653.6</ele>
      </trkpt>
      <trkpt lat="37.26215656846762" lon="128.14401383511722">
        <ele>652.6</ele>
      </trkpt>
      <trkpt lat="37.262198561802506" lon="128.14399841241539">
        <ele>651.4</ele>
      </trkpt>
      <trkpt lat="37.26223628036678" lon="128.144000004977">
        <ele>650.4</ele>
      </trkpt>
      <trkpt lat="37.26227265782654" lon="128.14401869662106">
        <ele>649.4</ele>
      </trkpt>
      <trkpt lat="37.262306939810514" lon="128.14404853619635">
        <ele>648.6</ele>
      </trkpt>
      <trkpt lat="37.26233962923288" lon="128.14408281818032">
        <ele>647.8</ele>
      </trkpt>
      <trkpt lat="37.26237223483622" lon="128.14412011764944">
        <ele>647.0</ele>
      </trkpt>
      <trkpt lat="37.26240525953472" lon="128.1441569980234">
        <ele>646.2</ele>
      </trkpt>
      <trkpt lat="37.26244356483221" lon="128.14419077709317">
        <ele>645.6</ele>
      </trkpt>
      <trkpt lat="37.26248832419515" lon="128.14421826973557">
        <ele>645.0</ele>
      </trkpt>
      <trkpt lat="37.262536184862256" lon="128.14423478208482">
        <ele>644.2</ele>
      </trkpt>
      <trkpt lat="37.26258588954806" lon="128.14423562027514">
        <ele>643.8</ele>
      </trkpt>
      <trkpt lat="37.262630984187126" lon="128.1442207004875">
        <ele>643.2</ele>
      </trkpt>
      <trkpt lat="37.26267113350332" lon="128.1441890168935">
        <ele>642.8</ele>
      </trkpt>
      <trkpt lat="37.262704661116004" lon="128.14414375461638">
        <ele>642.2</ele>
      </trkpt>
      <trkpt lat="37.26272997446358" lon="128.14408902078867">
        <ele>641.8</ele>
      </trkpt>
      <trkpt lat="37.26275084540248" lon="128.14402732998133">
        <ele>641.4</ele>
      </trkpt>
      <trkpt lat="37.26277037523687" lon="128.14396924339235">
        <ele>641.0</ele>
      </trkpt>
      <trkpt lat="37.262793090194464" lon="128.14391300082207">
        <ele>640.8</ele>
      </trkpt>
      <trkpt lat="37.26282267831266" lon="128.14386329613626">
        <ele>640.8</ele>
      </trkpt>
      <trkpt lat="37.26285855285823" lon="128.14381778240204">
        <ele>640.6</ele>
      </trkpt>
      <trkpt lat="37.26289945654571" lon="128.14377754926682">
        <ele>640.4</ele>
      </trkpt>
      <trkpt lat="37.26294337771833" lon="128.14373857341707">
        <ele>640.4</ele>
      </trkpt>
      <trkpt lat="37.26298545487225" lon="128.14369800500572">
        <ele>640.4</ele>
      </trkpt>
      <trkpt lat="37.26302317343652" lon="128.14364788122475">
        <ele>640.0</ele>
      </trkpt>
      <trkpt lat="37.26304907351732" lon="128.14358870498836">
        <ele>639.6</ele>
      </trkpt>
      <trkpt lat="37.26306156255305" lon="128.14352357760072">
        <ele>639.2</ele>
      </trkpt>
      <trkpt lat="37.26306005381048" lon="128.14345551654696">
        <ele>638.6</ele>
      </trkpt>
      <trkpt lat="37.263049744069576" lon="128.14339105971158">
        <ele>638.2</ele>
      </trkpt>
      <trkpt lat="37.263035494834185" lon="128.14332199282944">
        <ele>638.0</ele>
      </trkpt>
      <trkpt lat="37.263024263083935" lon="128.14325468614697">
        <ele>638.0</ele>
      </trkpt>
      <trkpt lat="37.26301906630397" lon="128.14319006167352">
        <ele>638.0</ele>
      </trkpt>
      <trkpt lat="37.26302267052233" lon="128.14313113689423">
        <ele>637.8</ele>
      </trkpt>
      <trkpt lat="37.2630381770432" lon="128.1430779118091">
        <ele>637.2</ele>
      </trkpt>
      <trkpt lat="37.26306449621916" lon="128.1430386006832">
        <ele>636.6</ele>
      </trkpt>
      <trkpt lat="37.26309835910797" lon="128.1430150475353">
        <ele>636.4</ele>
      </trkpt>
      <trkpt lat="37.263136664405465" lon="128.14300490543246">
        <ele>635.8</ele>
      </trkpt>
      <trkpt lat="37.26318050175905" lon="128.14300834201276">
        <ele>635.2</ele>
      </trkpt>
      <trkpt lat="37.263228949159384" lon="128.1430200766772">
        <ele>634.6</ele>
      </trkpt>
      <trkpt lat="37.263281252235174" lon="128.14303482882679">
        <ele>634.0</ele>
      </trkpt>
      <trkpt lat="37.26333816535771" lon="128.14305142499506">
        <ele>633.4</ele>
      </trkpt>
      <trkpt lat="37.26339625194669" lon="128.14306592568755">
        <ele>632.6</ele>
      </trkpt>
      <trkpt lat="37.26345106959343" lon="128.1430755648762">
        <ele>632.2</ele>
      </trkpt>
      <trkpt lat="37.26350538432598" lon="128.14307891763747">
        <ele>631.6</ele>
      </trkpt>
      <trkpt lat="37.26355659775436" lon="128.14307246357203">
        <ele>631.0</ele>
      </trkpt>
      <trkpt lat="37.263601357117295" lon="128.14305511303246">
        <ele>630.2</ele>
      </trkpt>
      <trkpt lat="37.26363714784384" lon="128.14302309416234">
        <ele>629.4</ele>
      </trkpt>
      <trkpt lat="37.263655085116625" lon="128.14297799952328">
        <ele>628.6</ele>
      </trkpt>
      <trkpt lat="37.26365081034601" lon="128.1429328210652">
        <ele>628.0</ele>
      </trkpt>
      <trkpt lat="37.263625245541334" lon="128.14289225265384">
        <ele>627.4</ele>
      </trkpt>
      <trkpt lat="37.263582833111286" lon="128.1428598985076">
        <ele>626.8</ele>
      </trkpt>
      <trkpt lat="37.263531032949686" lon="128.1428332440555">
        <ele>626.6</ele>
      </trkpt>
      <trkpt lat="37.26347269490361" lon="128.1428091879934">
        <ele>626.6</ele>
      </trkpt>
      <trkpt lat="37.26341167464852" lon="128.14278571866453">
        <ele>626.6</ele>
      </trkpt>
      <trkpt lat="37.26334746927023" lon="128.14276258461177">
        <ele>626.4</ele>
      </trkpt>
      <trkpt lat="37.26328200660646" lon="128.14273928292096">
        <ele>626.2</ele>
      </trkpt>
      <trkpt lat="37.263218304142356" lon="128.14271489158273">
        <ele>625.8</ele>
      </trkpt>
      <trkpt lat="37.26315317675471" lon="128.14268832094967">
        <ele>625.2</ele>
      </trkpt>
      <trkpt lat="37.263089809566736" lon="128.14266233704984">
        <ele>624.4</ele>
      </trkpt>
      <trkpt lat="37.26302686147392" lon="128.14263693988323">
        <ele>623.6</ele>
      </trkpt>
      <trkpt lat="37.262966092675924" lon="128.14261271618307">
        <ele>622.8</ele>
      </trkpt>
      <trkpt lat="37.26290934719145" lon="128.1425935216248">
        <ele>621.6</ele>
      </trkpt>
      <trkpt lat="37.26285402663052" lon="128.1425786856562">
        <ele>620.4</ele>
      </trkpt>
      <trkpt lat="37.26280365139246" lon="128.1425694655627">
        <ele>619.2</ele>
      </trkpt>
      <trkpt lat="37.26275436580181" lon="128.14257097430527">
        <ele>618.0</ele>
      </trkpt>
      <trkpt lat="37.262709103524685" lon="128.14258840866387">
        <ele>617.0</ele>
      </trkpt>
      <trkpt lat="37.26267306134105" lon="128.14262721687555">
        <ele>616.0</ele>
      </trkpt>
      <trkpt lat="37.2626494243741" lon="128.1426783464849">
        <ele>615.2</ele>
      </trkpt>
      <trkpt lat="37.2626324929297" lon="128.14274037256837">
        <ele>614.2</ele>
      </trkpt>
      <trkpt lat="37.262616315856576" lon="128.14280373975635">
        <ele>613.2</ele>
      </trkpt>
      <trkpt lat="37.26259150542319" lon="128.1428607366979">
        <ele>612.4</ele>
      </trkpt>
      <trkpt lat="37.262558061629534" lon="128.14290314912796">
        <ele>611.6</ele>
      </trkpt>
      <trkpt lat="37.26251623593271" lon="128.14292452298105">
        <ele>610.8</ele>
      </trkpt>
      <trkpt lat="37.26247231476009" lon="128.14292586408556">
        <ele>610.0</ele>
      </trkpt>
      <trkpt lat="37.26242537610233" lon="128.1429080106318">
        <ele>609.4</ele>
      </trkpt>
      <trkpt lat="37.26237374357879" lon="128.14288035035133">
        <ele>608.8</ele>
      </trkpt>
      <trkpt lat="37.262317752465606" lon="128.14284766092896">
        <ele>608.6</ele>
      </trkpt>
      <trkpt lat="37.262260504066944" lon="128.1428168155253">
        <ele>608.4</ele>
      </trkpt>
      <trkpt lat="37.26220308803022" lon="128.14279192127287">
        <ele>608.2</ele>
      </trkpt>
      <trkpt lat="37.262150114402175" lon="128.14277230761945">
        <ele>608.0</ele>
      </trkpt>
      <trkpt lat="37.26210242137313" lon="128.1427573878318">
        <ele>607.6</ele>
      </trkpt>
      <trkpt lat="37.26205573417246" lon="128.14274774864316">
        <ele>607.2</ele>
      </trkpt>
      <trkpt lat="37.262009382247925" lon="128.14273634925485">
        <ele>606.4</ele>
      </trkpt>
      <trkpt lat="37.261961521580815" lon="128.14272813498974">
        <ele>606.0</ele>
      </trkpt>
      <trkpt lat="37.261913157999516" lon="128.14272872172296">
        <ele>605.4</ele>
      </trkpt>
      <trkpt lat="37.26186781190336" lon="128.14274380914867">
        <ele>605.0</ele>
      </trkpt>
      <trkpt lat="37.261828165501356" lon="128.14277700148523">
        <ele>604.6</ele>
      </trkpt>
      <trkpt lat="37.26179614663124" lon="128.14282536506653">
        <ele>604.0</ele>
      </trkpt>
      <trkpt lat="37.261769408360124" lon="128.1428789254278">
        <ele>603.6</ele>
      </trkpt>
      <trkpt lat="37.2617447655648" lon="128.14293382689357">
        <ele>603.2</ele>
      </trkpt>
      <trkpt lat="37.261718194931746" lon="128.14298260957003">
        <ele>603.0</ele>
      </trkpt>
      <trkpt lat="37.26168600842357" lon="128.14302066341043">
        <ele>602.6</ele>
      </trkpt>
      <trkpt lat="37.26164912804961" lon="128.1430473178625">
        <ele>602.0</ele>
      </trkpt>
      <trkpt lat="37.26160939782858" lon="128.14305720850825">
        <ele>601.4</ele>
      </trkpt>
      <trkpt lat="37.26156656630337" lon="128.1430525984615">
        <ele>600.6</ele>
      </trkpt>
      <trkpt lat="37.261524656787515" lon="128.1430319789797">
        <ele>599.8</ele>
      </trkpt>
      <trkpt lat="37.26148433983326" lon="128.14300088211894">
        <ele>599.0</ele>
      </trkpt>
      <trkpt lat="37.2614461183548" lon="128.14296282827854">
        <ele>598.2</ele>
      </trkpt>
      <trkpt lat="37.261409321799874" lon="128.14292158931494">
        <ele>597.4</ele>
      </trkpt>
      <trkpt lat="37.261370765045285" lon="128.14288202673197">
        <ele>596.8</ele>
      </trkpt>
      <trkpt lat="37.26132399402559" lon="128.14284673891962">
        <ele>596.2</ele>
      </trkpt>
      <trkpt lat="37.26127370260656" lon="128.14282678999007">
        <ele>595.0</ele>
      </trkpt>
      <trkpt lat="37.261220812797546" lon="128.142823940143">
        <ele>594.0</ele>
      </trkpt>
      <trkpt lat="37.261170353740454" lon="128.14283290877938">
        <ele>593.2</ele>
      </trkpt>
      <trkpt lat="37.26112039759755" lon="128.14284950494766">
        <ele>592.2</ele>
      </trkpt>
      <trkpt lat="37.26106985472143" lon="128.14287372864783">
        <ele>591.4</ele>
      </trkpt>
      <trkpt lat="37.261019982397556" lon="128.14290122129023">
        <ele>591.0</ele>
      </trkpt>
      <trkpt lat="37.260968182235956" lon="128.14292712137103">
        <ele>590.4</ele>
      </trkpt>
      <trkpt lat="37.26091361604631" lon="128.14294748939574">
        <ele>589.8</ele>
      </trkpt>
      <trkpt lat="37.26085754111409" lon="128.1429603137076">
        <ele>589.0</ele>
      </trkpt>
      <trkpt lat="37.260800963267684" lon="128.14296592958272">
        <ele>588.0</ele>
      </trkpt>
      <trkpt lat="37.260741367936134" lon="128.14296794123948">
        <ele>586.8</ele>
      </trkpt>
      <trkpt lat="37.26068210788071" lon="128.14296609722078">
        <ele>585.8</ele>
      </trkpt>
      <trkpt lat="37.260623183101416" lon="128.1429621577263">
        <ele>584.8</ele>
      </trkpt>
      <trkpt lat="37.260566437616944" lon="128.14295738004148">
        <ele>584.0</ele>
      </trkpt>
      <trkpt lat="37.260511284694076" lon="128.1429515965283">
        <ele>583.4</ele>
      </trkpt>
      <trkpt lat="37.260458059608936" lon="128.14294195733964">
        <ele>583.0</ele>
      </trkpt>
      <trkpt lat="37.26040692999959" lon="128.14292854629457">
        <ele>582.8</ele>
      </trkpt>
      <trkpt lat="37.2603562194854" lon="128.142913794145">
        <ele>582.4</ele>
      </trkpt>
      <trkpt lat="37.26029989309609" lon="128.1429008860141">
        <ele>581.8</ele>
      </trkpt>
      <trkpt lat="37.26024323143065" lon="128.14289568923414">
        <ele>581.0</ele>
      </trkpt>
      <trkpt lat="37.26018623448908" lon="128.1428997963667">
        <ele>580.2</ele>
      </trkpt>
      <trkpt lat="37.26012831553817" lon="128.14291245304048">
        <ele>579.6</ele>
      </trkpt>
      <trkpt lat="37.26007031276822" lon="128.1429334077984">
        <ele>579.0</ele>
      </trkpt>
      <trkpt lat="37.26001398637891" lon="128.14296022988856">
        <ele>578.6</ele>
      </trkpt>
      <trkpt lat="37.2599592525512" lon="128.14298856072128">
        <ele>577.8</ele>
      </trkpt>
      <trkpt lat="37.25990183651447" lon="128.14301412552595">
        <ele>576.6</ele>
      </trkpt>
      <trkpt lat="37.25984391756356" lon="128.14303440973163">
        <ele>575.4</ele>
      </trkpt>
      <trkpt lat="37.25978692062199" lon="128.14305058680475">
        <ele>574.2</ele>
      </trkpt>
      <trkpt lat="37.259730007499456" lon="128.1430665962398">
        <ele>572.8</ele>
      </trkpt>
      <trkpt lat="37.25967502221465" lon="128.14308713190258">
        <ele>572.0</ele>
      </trkpt>
      <trkpt lat="37.25962137803435" lon="128.14311118796468">
        <ele>571.2</ele>
      </trkpt>
      <trkpt lat="37.25956899113953" lon="128.1431321427226">
        <ele>570.6</ele>
      </trkpt>
      <trkpt lat="37.259515430778265" lon="128.14314354211092">
        <ele>569.8</ele>
      </trkpt>
      <trkpt lat="37.25946136750281" lon="128.14314236864448">
        <ele>569.0</ele>
      </trkpt>
      <trkpt lat="37.25940805859864" lon="128.14313432201743">
        <ele>568.4</ele>
      </trkpt>
      <trkpt lat="37.2593548335135" lon="128.14312359318137">
        <ele>567.8</ele>
      </trkpt>
      <trkpt lat="37.259302362799644" lon="128.14311772584915">
        <ele>566.8</ele>
      </trkpt>
      <trkpt lat="37.259254502132535" lon="128.14312635920942">
        <ele>565.8</ele>
      </trkpt>
      <trkpt lat="37.25921628065407" lon="128.14315712079406">
        <ele>564.6</ele>
      </trkpt>
      <trkpt lat="37.25919364951551" lon="128.14320565201342">
        <ele>563.4</ele>
      </trkpt>
      <trkpt lat="37.25918836891651" lon="128.1432692706585">
        <ele>562.2</ele>
      </trkpt>
      <trkpt lat="37.25919423624873" lon="128.14333993010223">
        <ele>561.2</ele>
      </trkpt>
      <trkpt lat="37.259206641465425" lon="128.14341394230723">
        <ele>560.8</ele>
      </trkpt>
      <trkpt lat="37.259224746376276" lon="128.14349113963544">
        <ele>560.4</ele>
      </trkpt>
      <trkpt lat="37.25924779661" lon="128.1435695104301">
        <ele>559.8</ele>
      </trkpt>
      <trkpt lat="37.259275959804654" lon="128.1436467077583">
        <ele>559.4</ele>
      </trkpt>
      <trkpt lat="37.259306302294135" lon="128.1437235698104">
        <ele>559.0</ele>
      </trkpt>
      <trkpt lat="37.25933723151684" lon="128.1437986716628">
        <ele>558.4</ele>
      </trkpt>
      <trkpt lat="37.25936799310148" lon="128.1438713427633">
        <ele>558.0</ele>
      </trkpt>
      <trkpt lat="37.259397162124515" lon="128.1439429242164">
        <ele>557.6</ele>
      </trkpt>
      <trkpt lat="37.25941987708211" lon="128.14400721341372">
        <ele>557.2</ele>
      </trkpt>
      <trkpt lat="37.259433371946216" lon="128.1440650485456">
        <ele>556.6</ele>
      </trkpt>
      <trkpt lat="37.259431863203645" lon="128.14411399886012">
        <ele>556.2</ele>
      </trkpt>
      <trkpt lat="37.2594185359776" lon="128.1441541481763">
        <ele>555.8</ele>
      </trkpt>
      <trkpt lat="37.25939515046775" lon="128.14417954534292">
        <ele>555.4</ele>
      </trkpt>
      <trkpt lat="37.25936288014054" lon="128.14419010654092">
        <ele>555.4</ele>
      </trkpt>
      <trkpt lat="37.2593254968524" lon="128.14418834634125">
        <ele>555.6</ele>
      </trkpt>
      <trkpt lat="37.25928551517427" lon="128.14417401328683">
        <ele>555.8</ele>
      </trkpt>
      <trkpt lat="37.2592441085726" lon="128.14415263943374">
        <ele>556.0</ele>
      </trkpt>
      <trkpt lat="37.259201696142554" lon="128.14412632025778">
        <ele>556.2</ele>
      </trkpt>
      <trkpt lat="37.259160624817014" lon="128.14409681595862">
        <ele>556.2</ele>
      </trkpt>
      <trkpt lat="37.259117206558585" lon="128.14406622201204">
        <ele>555.8</ele>
      </trkpt>
      <trkpt lat="37.25907437503338" lon="128.1440336164087">
        <ele>555.6</ele>
      </trkpt>
      <trkpt lat="37.25903062149882" lon="128.14399933442473">
        <ele>555.2</ele>
      </trkpt>
      <trkpt lat="37.258989717811346" lon="128.14396002329886">
        <ele>554.6</ele>
      </trkpt>
      <trkpt lat="37.25895065814257" lon="128.1439170241356">
        <ele>554.0</ele>
      </trkpt>
      <trkpt lat="37.25891411304474" lon="128.14386916346848">
        <ele>553.2</ele>
      </trkpt>
      <trkpt lat="37.258878322318196" lon="128.14382121898234">
        <ele>552.4</ele>
      </trkpt>
      <trkpt lat="37.258843118324876" lon="128.14377654343843">
        <ele>551.6</ele>
      </trkpt>
      <trkpt lat="37.258804980665445" lon="128.14373119734228">
        <ele>550.8</ele>
      </trkpt>
      <trkpt lat="37.258767765015364" lon="128.14368761144578">
        <ele>550.0</ele>
      </trkpt>
      <trkpt lat="37.25873147137463" lon="128.1436416786164">
        <ele>549.4</ele>
      </trkpt>
      <trkpt lat="37.25869568064809" lon="128.14359113574028">
        <ele>548.8</ele>
      </trkpt>
      <trkpt lat="37.258661817759275" lon="128.1435346417129">
        <ele>548.0</ele>
      </trkpt>
      <trkpt lat="37.25862879306078" lon="128.14347211271524">
        <ele>547.4</ele>
      </trkpt>
      <trkpt lat="37.25859593600035" lon="128.14341000281274">
        <ele>546.8</ele>
      </trkpt>
      <trkpt lat="37.258564503863454" lon="128.1433488149196">
        <ele>545.8</ele>
      </trkpt>
      <trkpt lat="37.258533239364624" lon="128.14329030923545">
        <ele>544.8</ele>
      </trkpt>
      <trkpt lat="37.25850063376129" lon="128.14323297701776">
        <ele>543.6</ele>
      </trkpt>
      <trkpt lat="37.25846626795828" lon="128.14317815937102">
        <ele>542.4</ele>
      </trkpt>
      <trkpt lat="37.258432572707534" lon="128.14312644302845">
        <ele>541.2</ele>
      </trkpt>
      <trkpt lat="37.25839678198099" lon="128.14307439140975">
        <ele>539.8</ele>
      </trkpt>
      <trkpt lat="37.25836107507348" lon="128.14302619546652">
        <ele>538.6</ele>
      </trkpt>
      <trkpt lat="37.25832528434694" lon="128.142982525751">
        <ele>537.2</ele>
      </trkpt>
      <trkpt lat="37.25829259492457" lon="128.14294388517737">
        <ele>536.0</ele>
      </trkpt>
      <trkpt lat="37.25826384499669" lon="128.1429116986692">
        <ele>534.6</ele>
      </trkpt>
      <trkpt lat="37.25824188441038" lon="128.1428850442171">
        <ele>533.4</ele>
      </trkpt>
      <trkpt lat="37.25822813808918" lon="128.14286610111594">
        <ele>532.2</ele>
      </trkpt>
      <trkpt lat="37.258223528042436" lon="128.142855707556">
        <ele>531.0</ele>
      </trkpt>
      <trkpt lat="37.258223528042436" lon="128.1428520195186">
        <ele>530.0</ele>
      </trkpt>
      <trkpt lat="37.25822461768985" lon="128.14284682273865">
        <ele>528.2</ele>
      </trkpt>
      <trkpt lat="37.25819829851389" lon="128.14287783578038">
        <ele>528.4</ele>
      </trkpt>
      <trkpt lat="37.258188743144274" lon="128.14289233647287">
        <ele>528.2</ele>
      </trkpt>
      <trkpt lat="37.258180445060134" lon="128.14290675334632">
        <ele>528.2</ele>
      </trkpt>
      <trkpt lat="37.258171224966645" lon="128.14292242750525">
        <ele>528.2</ele>
      </trkpt>
      <trkpt lat="37.258162843063474" lon="128.1429394427687">
        <ele>528.2</ele>
      </trkpt>
      <trkpt lat="37.25815638899803" lon="128.1429540272802">
        <ele>528.2</ele>
      </trkpt>
      <trkpt lat="37.258149264380336" lon="128.14296701923013">
        <ele>528.4</ele>
      </trkpt>
      <trkpt lat="37.25814306177199" lon="128.14298269338906">
        <ele>528.6</ele>
      </trkpt>
      <trkpt lat="37.2581388708204" lon="128.14299937337637">
        <ele>528.8</ele>
      </trkpt>
      <trkpt lat="37.25813669152558" lon="128.14301588572562">
        <ele>529.2</ele>
      </trkpt>
      <trkpt lat="37.258136020973325" lon="128.14303021878004">
        <ele>529.4</ele>
      </trkpt>
      <trkpt lat="37.258137529715896" lon="128.14304237253964">
        <ele>529.8</ele>
      </trkpt>
      <trkpt lat="37.25813970901072" lon="128.14305083826184">
        <ele>530.2</ele>
      </trkpt>
      <trkpt lat="37.25814406760037" lon="128.1430576276034">
        <ele>530.6</ele>
      </trkpt>
      <trkpt lat="37.258150186389685" lon="128.14306357875466">
        <ele>531.0</ele>
      </trkpt>
      <trkpt lat="37.25815773010254" lon="128.1430676020682">
        <ele>531.2</ele>
      </trkpt>
      <trkpt lat="37.25816493853927" lon="128.1430705357343">
        <ele>531.6</ele>
      </trkpt>
      <trkpt lat="37.258170219138265" lon="128.1430718768388">
        <ele>532.0</ele>
      </trkpt>
      <trkpt lat="37.258174577727914" lon="128.14307229593396">
        <ele>532.2</ele>
      </trkpt>
      <trkpt lat="37.25818170234561" lon="128.1430716253817">
        <ele>532.6</ele>
      </trkpt>
      <trkpt lat="37.25818849168718" lon="128.1430737208575">
        <ele>532.8</ele>
      </trkpt>
      <trkpt lat="37.258195113390684" lon="128.14307682216167">
        <ele>533.2</ele>
      </trkpt>
      <trkpt lat="37.25820064544678" lon="128.14308101311326">
        <ele>533.6</ele>
      </trkpt>
      <trkpt lat="37.25820718333125" lon="128.14308579079807">
        <ele>533.8</ele>
      </trkpt>
      <trkpt lat="37.25821397267282" lon="128.1430916581303">
        <ele>534.0</ele>
      </trkpt>
      <trkpt lat="37.258220007643104" lon="128.14309651963413">
        <ele>534.4</ele>
      </trkpt>
      <trkpt lat="37.258224450051785" lon="128.14310079440475">
        <ele>534.6</ele>
      </trkpt>
      <trkpt lat="37.25822906009853" lon="128.14310682937503">
        <ele>535.0</ele>
      </trkpt>
      <trkpt lat="37.2582321614027" lon="128.14311353489757">
        <ele>535.4</ele>
      </trkpt>
      <trkpt lat="37.258235262706876" lon="128.14312200061977">
        <ele>535.8</ele>
      </trkpt>
      <trkpt lat="37.25823727436364" lon="128.143130550161">
        <ele>536.2</ele>
      </trkpt>
      <trkpt lat="37.25823936983943" lon="128.14313750714064">
        <ele>536.6</ele>
      </trkpt>
      <trkpt lat="37.25824096240103" lon="128.14314496703446">
        <ele>537.0</ele>
      </trkpt>
      <trkpt lat="37.25824339315295" lon="128.1431511696428">
        <ele>537.2</ele>
      </trkpt>
      <trkpt lat="37.258245907723904" lon="128.1431577913463">
        <ele>537.6</ele>
      </trkpt>
      <trkpt lat="37.258247919380665" lon="128.1431654188782">
        <ele>538.0</ele>
      </trkpt>
      <trkpt lat="37.25825060158968" lon="128.14317103475332">
        <ele>538.4</ele>
      </trkpt>
      <trkpt lat="37.258253283798695" lon="128.14317857846618">
        <ele>538.8</ele>
      </trkpt>
      <trkpt lat="37.25825588218868" lon="128.14318888820708">
        <ele>539.2</ele>
      </trkpt>
      <trkpt lat="37.258259151130915" lon="128.14319936558604">
        <ele>539.6</ele>
      </trkpt>
      <trkpt lat="37.2582649346441" lon="128.14321160316467">
        <ele>540.0</ele>
      </trkpt>
      <trkpt lat="37.258270382881165" lon="128.14322023652494">
        <ele>540.4</ele>
      </trkpt>
      <trkpt lat="37.258278261870146" lon="128.14322995953262">
        <ele>540.8</ele>
      </trkpt>
      <trkpt lat="37.25828781723976" lon="128.14323909580708">
        <ele>541.0</ele>
      </trkpt>
      <trkpt lat="37.25829619914293" lon="128.14324873499572">
        <ele>541.4</ele>
      </trkpt>
      <trkpt lat="37.25830550305545" lon="128.14326013438404">
        <ele>541.8</ele>
      </trkpt>
      <trkpt lat="37.25831447169185" lon="128.14327203668654">
        <ele>542.0</ele>
      </trkpt>
      <trkpt lat="37.25832327269018" lon="128.1432830169797">
        <ele>542.2</ele>
      </trkpt>
      <trkpt lat="37.258330564945936" lon="128.1432925723493">
        <ele>542.6</ele>
      </trkpt>
      <trkpt lat="37.25833852775395" lon="128.14330405555665">
        <ele>542.8</ele>
      </trkpt>
      <trkpt lat="37.25834338925779" lon="128.14331302419305">
        <ele>543.2</ele>
      </trkpt>
      <trkpt lat="37.25834799930453" lon="128.14332325011492">
        <ele>543.4</ele>
      </trkpt>
      <trkpt lat="37.25835436955094" lon="128.14333423040807">
        <ele>543.6</ele>
      </trkpt>
      <trkpt lat="37.258361745625734" lon="128.14334730617702">
        <ele>543.6</ele>
      </trkpt>
      <trkpt lat="37.25836836732924" lon="128.14336163923144">
        <ele>543.8</ele>
      </trkpt>
      <trkpt lat="37.25837264209986" lon="128.14337546937168">
        <ele>544.0</ele>
      </trkpt>
      <trkpt lat="37.258376413956285" lon="128.14338737167418">
        <ele>544.2</ele>
      </trkpt>
      <trkpt lat="37.258381778374314" lon="128.14339994452894">
        <ele>544.2</ele>
      </trkpt>
      <trkpt lat="37.25838638842106" lon="128.14341050572693">
        <ele>544.4</ele>
      </trkpt>
      <trkpt lat="37.258392591029406" lon="128.14342156983912">
        <ele>544.6</ele>
      </trkpt>
      <trkpt lat="37.25839879363775" lon="128.1434328854084">
        <ele>544.6</ele>
      </trkpt>
      <trkpt lat="37.2584065888077" lon="128.1434445362538">
        <ele>544.6</ele>
      </trkpt>
      <trkpt lat="37.25841580890119" lon="128.14345702528954">
        <ele>544.8</ele>
      </trkpt>
      <trkpt lat="37.2584256157279" lon="128.14346867613494">
        <ele>544.8</ele>
      </trkpt>
      <trkpt lat="37.25843634456396" lon="128.14348108135164">
        <ele>545.0</ele>
      </trkpt>
      <trkpt lat="37.25844573229551" lon="128.14349004998803">
        <ele>545.0</ele>
      </trkpt>
      <trkpt lat="37.25845453329384" lon="128.14350044354796">
        <ele>545.0</ele>
      </trkpt>
      <trkpt lat="37.25846350193024" lon="128.14350798726082">
        <ele>545.0</ele>
      </trkpt>
      <trkpt lat="37.258469285443425" lon="128.14351418986917">
        <ele>545.2</ele>
      </trkpt>
      <trkpt lat="37.25847473368049" lon="128.14352240413427">
        <ele>545.6</ele>
      </trkpt>
      <trkpt lat="37.25848068483174" lon="128.14352952875197">
        <ele>546.0</ele>
      </trkpt>
      <trkpt lat="37.258484456688166" lon="128.14353615045547">
        <ele>546.4</ele>
      </trkpt>
      <trkpt lat="37.25848822854459" lon="128.1435417663306">
        <ele>546.8</ele>
      </trkpt>
      <trkpt lat="37.25848906673491" lon="128.14354738220572">
        <ele>547.2</ele>
      </trkpt>
      <trkpt lat="37.25848864763975" lon="128.14355358481407">
        <ele>547.4</ele>
      </trkpt>
      <trkpt lat="37.25848747417331" lon="128.14355903305113">
        <ele>547.8</ele>
      </trkpt>
      <trkpt lat="37.25848512724042" lon="128.14356699585915">
        <ele>548.0</ele>
      </trkpt>
      <trkpt lat="37.25848227739334" lon="128.14357236027718">
        <ele>548.4</ele>
      </trkpt>
      <trkpt lat="37.2584776673466" lon="128.14357495866716">
        <ele>548.8</ele>
      </trkpt>
      <trkpt lat="37.25847205147147" lon="128.1435756292194">
        <ele>549.0</ele>
      </trkpt>
      <trkpt lat="37.25846593268216" lon="128.1435752939433">
        <ele>549.4</ele>
      </trkpt>
      <trkpt lat="37.258459981530905" lon="128.14357328228652">
        <ele>549.8</ele>
      </trkpt>
      <trkpt lat="37.25845671258867" lon="128.14357210882008">
        <ele>550.2</ele>
      </trkpt>
      <trkpt lat="37.25845109671354" lon="128.14357328228652">
        <ele>550.6</ele>
      </trkpt>
      <trkpt lat="37.25844589993358" lon="128.14357236027718">
        <ele>551.0</ele>
      </trkpt>
      <trkpt lat="37.25843911059201" lon="128.14356808550656">
        <ele>551.4</ele>
      </trkpt>
      <trkpt lat="37.258433159440756" lon="128.14355936832726">
        <ele>551.8</ele>
      </trkpt>
      <trkpt lat="37.258424861356616" lon="128.14355039969087">
        <ele>552.0</ele>
      </trkpt>
      <trkpt lat="37.25841756910086" lon="128.143540173769">
        <ele>552.4</ele>
      </trkpt>
      <trkpt lat="37.25840977393091" lon="128.14353028312325">
        <ele>552.8</ele>
      </trkpt>
      <trkpt lat="37.25840105675161" lon="128.14352106302977">
        <ele>553.0</ele>
      </trkpt>
      <trkpt lat="37.258391082286835" lon="128.14351184293628">
        <ele>553.2</ele>
      </trkpt>
      <trkpt lat="37.25837867707014" lon="128.1435044668615">
        <ele>553.4</ele>
      </trkpt>
      <trkpt lat="37.258365685120225" lon="128.14349834807217">
        <ele>553.4</ele>
      </trkpt>
      <trkpt lat="37.25835126824677" lon="128.14349222928286">
        <ele>553.6</ele>
      </trkpt>
      <trkpt lat="37.25833794102073" lon="128.14348611049354">
        <ele>553.6</ele>
      </trkpt>
      <trkpt lat="37.25832402706146" lon="128.14347974024713">
        <ele>553.8</ele>
      </trkpt>
      <trkpt lat="37.25830583833158" lon="128.14347538165748">
        <ele>553.8</ele>
      </trkpt>
      <trkpt lat="37.25828823633492" lon="128.14346901141107">
        <ele>553.8</ele>
      </trkpt>
      <trkpt lat="37.25826979614794" lon="128.1434629764408">
        <ele>553.8</ele>
      </trkpt>
      <trkpt lat="37.25825110450387" lon="128.14345886930823">
        <ele>554.0</ele>
      </trkpt>
      <trkpt lat="37.258232831954956" lon="128.14345467835665">
        <ele>554.0</ele>
      </trkpt>
      <trkpt lat="37.25821405649185" lon="128.1434495653957">
        <ele>554.2</ele>
      </trkpt>
      <trkpt lat="37.25819494575262" lon="128.14344545826316">
        <ele>554.4</ele>
      </trkpt>
      <trkpt lat="37.258177595213056" lon="128.14344244077802">
        <ele>554.6</ele>
      </trkpt>
      <trkpt lat="37.25816234014928" lon="128.14343833364546">
        <ele>554.8</ele>
      </trkpt>
      <trkpt lat="37.25814658217132" lon="128.14343615435064">
        <ele>555.0</ele>
      </trkpt>
      <trkpt lat="37.25813090801239" lon="128.14343573525548">
        <ele>555.0</ele>
      </trkpt>
      <trkpt lat="37.2581148147583" lon="128.14343590289354">
        <ele>555.0</ele>
      </trkpt>
      <trkpt lat="37.25810173898935" lon="128.14343833364546">
        <ele>555.0</ele>
      </trkpt>
      <trkpt lat="37.25809067487717" lon="128.1434405129403">
        <ele>555.0</ele>
      </trkpt>
      <trkpt lat="37.25807944312692" lon="128.14344386570156">
        <ele>555.0</ele>
      </trkpt>
      <trkpt lat="37.25806703791022" lon="128.14344906248152">
        <ele>555.0</ele>
      </trkpt>
      <trkpt lat="37.258052956312895" lon="128.14345543272793">
        <ele>554.8</ele>
      </trkpt>
      <trkpt lat="37.25803920999169" lon="128.14346213825047">
        <ele>554.8</ele>
      </trkpt>
      <trkpt lat="37.25802630186081" lon="128.14346926286817">
        <ele>554.8</ele>
      </trkpt>
      <trkpt lat="37.25801406428218" lon="128.14347529783845">
        <ele>554.8</ele>
      </trkpt>
      <trkpt lat="37.258004089817405" lon="128.14348166808486">
        <ele>555.0</ele>
      </trkpt>
      <trkpt lat="37.257992858067155" lon="128.14348845742643">
        <ele>555.0</ele>
      </trkpt>
      <trkpt lat="37.25798388943076" lon="128.1434944923967">
        <ele>554.8</ele>
      </trkpt>
      <trkpt lat="37.25797349587083" lon="128.14349985681474">
        <ele>554.8</ele>
      </trkpt>
      <trkpt lat="37.25796427577734" lon="128.1435039639473">
        <ele>555.0</ele>
      </trkpt>
      <trkpt lat="37.25795555859804" lon="128.14350781962276">
        <ele>555.0</ele>
      </trkpt>
      <trkpt lat="37.25794658996165" lon="128.1435126811266">
        <ele>555.0</ele>
      </trkpt>
      <trkpt lat="37.25793552584946" lon="128.14351712353528">
        <ele>555.2</ele>
      </trkpt>
      <trkpt lat="37.25792529992759" lon="128.14351804554462">
        <ele>555.4</ele>
      </trkpt>
      <trkpt lat="37.25791582837701" lon="128.14351393841207">
        <ele>555.4</ele>
      </trkpt>
      <trkpt lat="37.25790753029287" lon="128.1435076519847">
        <ele>555.6</ele>
      </trkpt>
      <trkpt lat="37.25789780728519" lon="128.14350019209087">
        <ele>555.6</ele>
      </trkpt>
      <trkpt lat="37.25789093412459" lon="128.14349097199738">
        <ele>555.6</ele>
      </trkpt>
      <trkpt lat="37.25788380950689" lon="128.1434817519039">
        <ele>555.8</ele>
      </trkpt>
      <trkpt lat="37.25787861272693" lon="128.143471442163">
        <ele>555.8</ele>
      </trkpt>
      <trkpt lat="37.25787090137601" lon="128.14345979131758">
        <ele>555.8</ele>
      </trkpt>
      <trkpt lat="37.257862435653806" lon="128.1434482242912">
        <ele>555.8</ele>
      </trkpt>
      <trkpt lat="37.2578542213887" lon="128.14343598671257">
        <ele>556.0</ele>
      </trkpt>
      <trkpt lat="37.25784642621875" lon="128.14342534169555">
        <ele>556.0</ele>
      </trkpt>
      <trkpt lat="37.25783829577267" lon="128.14341587014496">
        <ele>556.0</ele>
      </trkpt>
      <trkpt lat="37.25783091969788" lon="128.14340556040406">
        <ele>556.2</ele>
      </trkpt>
      <trkpt lat="37.257823292165995" lon="128.1433937419206">
        <ele>556.2</ele>
      </trkpt>
      <trkpt lat="37.25781708955765" lon="128.14338209107518">
        <ele>556.4</ele>
      </trkpt>
      <trkpt lat="37.25781138986349" lon="128.14337220042944">
        <ele>556.4</ele>
      </trkpt>
      <trkpt lat="37.25780602544546" lon="128.14336331561208">
        <ele>556.6</ele>
      </trkpt>
      <trkpt lat="37.257798900827765" lon="128.143352502957">
        <ele>556.6</ele>
      </trkpt>
      <trkpt lat="37.257793955504894" lon="128.1433448754251">
        <ele>556.8</ele>
      </trkpt>
      <trkpt lat="37.257788171991706" lon="128.14333758316934">
        <ele>557.0</ele>
      </trkpt>
      <trkpt lat="37.25778297521174" lon="128.14333188347518">
        <ele>557.2</ele>
      </trkpt>
      <trkpt lat="37.25777853280306" lon="128.14332802779973">
        <ele>557.6</ele>
      </trkpt>
      <trkpt lat="37.2577712405473" lon="128.14332517795265">
        <ele>558.0</ele>
      </trkpt>
      <trkpt lat="37.25776193663478" lon="128.14332165755332">
        <ele>558.4</ele>
      </trkpt>
      <trkpt lat="37.25775280036032" lon="128.14331729896367">
        <ele>558.8</ele>
      </trkpt>
      <trkpt lat="37.25774282589555" lon="128.1433105096221">
        <ele>559.2</ele>
      </trkpt>
      <trkpt lat="37.257733857259154" lon="128.14330480992794">
        <ele>559.4</ele>
      </trkpt>
      <trkpt lat="37.257726565003395" lon="128.14330078661442">
        <ele>559.8</ele>
      </trkpt>
      <trkpt lat="37.25771667435765" lon="128.14329919405282">
        <ele>560.0</ele>
      </trkpt>
      <trkpt lat="37.257708460092545" lon="128.1432994455099">
        <ele>560.4</ele>
      </trkpt>
      <trkpt lat="37.2577020060271" lon="128.14330271445215">
        <ele>560.6</ele>
      </trkpt>
      <trkpt lat="37.257697228342295" lon="128.1433079112321">
        <ele>560.8</ele>
      </trkpt>
      <trkpt lat="37.257693875581026" lon="128.1433157902211">
        <ele>561.2</ele>
      </trkpt>
      <trkpt lat="37.25769161246717" lon="128.14332802779973">
        <ele>561.4</ele>
      </trkpt>
      <trkpt lat="37.25769060663879" lon="128.1433414388448">
        <ele>561.6</ele>
      </trkpt>
      <trkpt lat="37.25769018754363" lon="128.14335669390857">
        <ele>561.8</ele>
      </trkpt>
      <trkpt lat="37.25769001990557" lon="128.14336725510657">
        <ele>562.2</ele>
      </trkpt>
      <trkpt lat="37.257690941914916" lon="128.14337781630456">
        <ele>562.4</ele>
      </trkpt>
      <trkpt lat="37.2576919477433" lon="128.14338787458837">
        <ele>562.6</ele>
      </trkpt>
      <trkpt lat="37.25769245065749" lon="128.14339768141508">
        <ele>562.8</ele>
      </trkpt>
      <trkpt lat="37.25769395940006" lon="128.1434069853276">
        <ele>562.8</ele>
      </trkpt>
      <trkpt lat="37.25769647397101" lon="128.1434193905443">
        <ele>562.8</ele>
      </trkpt>
      <trkpt lat="37.25770058110356" lon="128.14343221485615">
        <ele>563.0</ele>
      </trkpt>
      <trkpt lat="37.25770485587418" lon="128.1434461288154">
        <ele>563.0</ele>
      </trkpt>
      <trkpt lat="37.257709465920925" lon="128.14346146769822">
        <ele>563.0</ele>
      </trkpt>
      <trkpt lat="37.25771508179605" lon="128.14347906969488">
        <ele>563.0</ele>
      </trkpt>
      <trkpt lat="37.25772002711892" lon="128.14349507912993">
        <ele>563.0</ele>
      </trkpt>
      <trkpt lat="37.25772480480373" lon="128.1435100827366">
        <ele>563.2</ele>
      </trkpt>
      <trkpt lat="37.25772882811725" lon="128.14352332614362">
        <ele>563.2</ele>
      </trkpt>
      <trkpt lat="37.25773301906884" lon="128.14353933557868">
        <ele>563.2</ele>
      </trkpt>
      <trkpt lat="37.25773519836366" lon="128.14355006441474">
        <ele>563.2</ele>
      </trkpt>
      <trkpt lat="37.25773704238236" lon="128.14356037415564">
        <ele>563.4</ele>
      </trkpt>
      <trkpt lat="37.25773955695331" lon="128.14357043243945">
        <ele>563.6</ele>
      </trkpt>
      <trkpt lat="37.25773997604847" lon="128.14357546158135">
        <ele>563.6</ele>
      </trkpt>
      <trkpt lat="37.25773955695331" lon="128.14357940107584">
        <ele>563.8</ele>
      </trkpt>
      <trkpt lat="37.257737377658486" lon="128.1435832567513">
        <ele>564.2</ele>
      </trkpt>
      <trkpt lat="37.25773469544947" lon="128.14358451403677">
        <ele>564.4</ele>
      </trkpt>
      <trkpt lat="37.25773251615465" lon="128.1435859389603">
        <ele>564.6</ele>
      </trkpt>
      <trkpt lat="37.257730420678854" lon="128.14358610659838">
        <ele>564.8</ele>
      </trkpt>
      <trkpt lat="37.25772740319371" lon="128.14358493313193">
        <ele>564.8</ele>
      </trkpt>
      <trkpt lat="37.25772488862276" lon="128.14358308911324">
        <ele>565.0</ele>
      </trkpt>
      <trkpt lat="37.25772354751825" lon="128.14358082599938">
        <ele>565.2</ele>
      </trkpt>
      <trkpt lat="37.25771550089121" lon="128.14357814379036">
        <ele>565.8</ele>
      </trkpt>
      <trkpt lat="37.257702173665166" lon="128.1435787305236">
        <ele>566.2</ele>
      </trkpt>
      <trkpt lat="37.25769655779004" lon="128.1435763835907">
        <ele>566.4</ele>
      </trkpt>
      <trkpt lat="37.2576919477433" lon="128.14357705414295">
        <ele>566.4</ele>
      </trkpt>
      <trkpt lat="37.257685493677855" lon="128.1435763835907">
        <ele>566.6</ele>
      </trkpt>
      <trkpt lat="37.25768230855465" lon="128.14357462339103">
        <ele>566.8</ele>
      </trkpt>
      <trkpt lat="37.25767157971859" lon="128.14356682822108">
        <ele>567.2</ele>
      </trkpt>
      <trkpt lat="37.257665963843465" lon="128.1435623858124">
        <ele>567.4</ele>
      </trkpt>
      <trkpt lat="37.2576589230448" lon="128.14355794340372">
        <ele>567.6</ele>
      </trkpt>
      <trkpt lat="37.2576536424458" lon="128.1435528304428">
        <ele>567.8</ele>
      </trkpt>
      <trkpt lat="37.25764635019004" lon="128.14354771748185">
        <ele>568.0</ele>
      </trkpt>
      <trkpt lat="37.25763872265816" lon="128.14354218542576">
        <ele>568.2</ele>
      </trkpt>
      <trkpt lat="37.25763201713562" lon="128.14353606663644">
        <ele>568.4</ele>
      </trkpt>
      <trkpt lat="37.25762464106083" lon="128.14352994784713">
        <ele>568.8</ele>
      </trkpt>
      <trkpt lat="37.257619025185704" lon="128.14352449961007">
        <ele>569.0</ele>
      </trkpt>
      <trkpt lat="37.25761349312961" lon="128.14351804554462">
        <ele>569.2</ele>
      </trkpt>
      <trkpt lat="37.25760754197836" lon="128.14351075328887">
        <ele>569.6</ele>
      </trkpt>
      <trkpt lat="37.25760016590357" lon="128.1435010302812">
        <ele>570.0</ele>
      </trkpt>
      <trkpt lat="37.25759161636233" lon="128.1434923131019">
        <ele>570.4</ele>
      </trkpt>
      <trkpt lat="37.257581893354654" lon="128.14348166808486">
        <ele>570.8</ele>
      </trkpt>
      <trkpt lat="37.2575727570802" lon="128.14347169362009">
        <ele>571.2</ele>
      </trkpt>
      <trkpt lat="37.257563788443804" lon="128.1434629764408">
        <ele>571.6</ele>
      </trkpt>
      <trkpt lat="37.25755247287452" lon="128.1434537563473">
        <ele>572.0</ele>
      </trkpt>
      <trkpt lat="37.25754073821008" lon="128.14344570972025">
        <ele>572.2</ele>
      </trkpt>
      <trkpt lat="37.25752925500274" lon="128.143439758569">
        <ele>572.6</ele>
      </trkpt>
      <trkpt lat="37.25751869380474" lon="128.14343539997935">
        <ele>572.8</ele>
      </trkpt>
      <trkpt lat="37.25750804878771" lon="128.14343162812293">
        <ele>573.0</ele>
      </trkpt>
      <trkpt lat="37.25749731995165" lon="128.14342852681875">
        <ele>573.4</ele>
      </trkpt>
      <trkpt lat="37.2574863396585" lon="128.14342693425715">
        <ele>573.6</ele>
      </trkpt>
      <trkpt lat="37.25747527554631" lon="128.14342567697167">
        <ele>574.0</ele>
      </trkpt>
      <trkpt lat="37.25746437907219" lon="128.14342450350523">
        <ele>574.2</ele>
      </trkpt>
      <trkpt lat="37.257454823702574" lon="128.14342224039137">
        <ele>574.2</ele>
      </trkpt>
      <trkpt lat="37.25744619034231" lon="128.14342198893428">
        <ele>574.4</ele>
      </trkpt>
      <trkpt lat="37.25743663497269" lon="128.14342265948653">
        <ele>574.6</ele>
      </trkpt>
      <trkpt lat="37.2574274148792" lon="128.14342408441007">
        <ele>574.8</ele>
      </trkpt>
      <trkpt lat="37.2574173565954" lon="128.14342617988586">
        <ele>575.0</ele>
      </trkpt>
      <trkpt lat="37.257406041026115" lon="128.143429197371">
        <ele>575.2</ele>
      </trkpt>
      <trkpt lat="37.2573948930949" lon="128.14343187958002">
        <ele>575.4</ele>
      </trkpt>
      <trkpt lat="37.257383577525616" lon="128.14343506470323">
        <ele>575.8</ele>
      </trkpt>
      <trkpt lat="37.257373267784715" lon="128.14343774691224">
        <ele>576.2</ele>
      </trkpt>
      <trkpt lat="37.25736228749156" lon="128.1434416025877">
        <ele>576.6</ele>
      </trkpt>
      <trkpt lat="37.25735239684582" lon="128.14344772137702">
        <ele>577.0</ele>
      </trkpt>
      <trkpt lat="37.25734259001911" lon="128.14345451071858">
        <ele>577.2</ele>
      </trkpt>
      <trkpt lat="37.25733429193497" lon="128.1434601265937">
        <ele>577.4</ele>
      </trkpt>
      <trkpt lat="37.25732825696468" lon="128.14346574246883">
        <ele>577.6</ele>
      </trkpt>
      <trkpt lat="37.25732507184148" lon="128.14347152598202">
        <ele>577.6</ele>
      </trkpt>
      <trkpt lat="37.25732431747019" lon="128.14347580075264">
        <ele>577.6</ele>
      </trkpt>
      <trkpt lat="37.25731182843447" lon="128.1435082387179">
        <ele>577.4</ele>
      </trkpt>
      <trkpt lat="37.25730646401644" lon="128.1435213983059">
        <ele>577.2</ele>
      </trkpt>
      <trkpt lat="37.257300931960344" lon="128.1435343902558">
        <ele>577.2</ele>
      </trkpt>
      <trkpt lat="37.25729489699006" lon="128.14355006441474">
        <ele>577.2</ele>
      </trkpt>
      <trkpt lat="37.25728902965784" lon="128.1435647327453">
        <ele>577.0</ele>
      </trkpt>
      <trkpt lat="37.257281402125955" lon="128.14357864670455">
        <ele>577.0</ele>
      </trkpt>
      <trkpt lat="37.25727276876569" lon="128.14359180629253">
        <ele>576.8</ele>
      </trkpt>
      <trkpt lat="37.257264805957675" lon="128.1436017807573">
        <ele>576.8</ele>
      </trkpt>
      <trkpt lat="37.257258938625455" lon="128.14360949210823">
        <ele>576.6</ele>
      </trkpt>
      <trkpt lat="37.2572532389313" lon="128.14361703582108">
        <ele>576.6</ele>
      </trkpt>
      <trkpt lat="37.257247203961015" lon="128.14362491481006">
        <ele>576.4</ele>
      </trkpt>
      <trkpt lat="37.25723966024816" lon="128.14363706856966">
        <ele>576.4</ele>
      </trkpt>
      <trkpt lat="37.25723530165851" lon="128.14364779740572">
        <ele>576.4</ele>
      </trkpt>
      <trkpt lat="37.257231110706925" lon="128.14366154372692">
        <ele>576.6</ele>
      </trkpt>
      <trkpt lat="37.25722658447921" lon="128.14367671497166">
        <ele>576.8</ele>
      </trkpt>
      <trkpt lat="37.25722289644182" lon="128.14368970692158">
        <ele>577.0</ele>
      </trkpt>
      <trkpt lat="37.25721828639507" lon="128.1437056325376">
        <ele>577.4</ele>
      </trkpt>
      <trkpt lat="37.25721384398639" lon="128.1437207199633">
        <ele>577.6</ele>
      </trkpt>
      <trkpt lat="37.25720847956836" lon="128.14373580738902">
        <ele>577.8</ele>
      </trkpt>
      <trkpt lat="37.25720437243581" lon="128.14375123009086">
        <ele>578.0</ele>
      </trkpt>
      <trkpt lat="37.25719892419875" lon="128.14376464113593">
        <ele>578.4</ele>
      </trkpt>
      <trkpt lat="37.25719263777137" lon="128.14377553761005">
        <ele>578.6</ele>
      </trkpt>
      <trkpt lat="37.2571842558682" lon="128.1437865179032">
        <ele>579.0</ele>
      </trkpt>
      <trkpt lat="37.25717402994633" lon="128.14379657618701">
        <ele>579.2</ele>
      </trkpt>
      <trkpt lat="37.25716288201511" lon="128.1438055448234">
        <ele>579.6</ele>
      </trkpt>
      <trkpt lat="37.25714989006519" lon="128.14381434582174">
        <ele>579.8</ele>
      </trkpt>
      <trkpt lat="37.25713614374399" lon="128.1438218895346">
        <ele>580.2</ele>
      </trkpt>
      <trkpt lat="37.25712248124182" lon="128.14383094199002">
        <ele>580.4</ele>
      </trkpt>
      <trkpt lat="37.25711015984416" lon="128.14384024590254">
        <ele>580.6</ele>
      </trkpt>
      <trkpt lat="37.25709808990359" lon="128.14384829252958">
        <ele>580.8</ele>
      </trkpt>
      <trkpt lat="37.257086941972375" lon="128.14385667443275">
        <ele>581.0</ele>
      </trkpt>
      <trkpt lat="37.25707604549825" lon="128.14386648125947">
        <ele>581.2</ele>
      </trkpt>
      <trkpt lat="37.25706431083381" lon="128.14387536607683">
        <ele>581.4</ele>
      </trkpt>
      <trkpt lat="37.25705307908356" lon="128.14388148486614">
        <ele>581.6</ele>
      </trkpt>
      <trkpt lat="37.25704276934266" lon="128.14388500526547">
        <ele>581.8</ele>
      </trkpt>
      <trkpt lat="37.25703187286854" lon="128.14388919621706">
        <ele>581.8</ele>
      </trkpt>
      <trkpt lat="37.257018964737654" lon="128.14389372244477">
        <ele>582.2</ele>
      </trkpt>
      <trkpt lat="37.257004799321294" lon="128.1438990868628">
        <ele>582.4</ele>
      </trkpt>
      <trkpt lat="37.25698904134333" lon="128.14390554092824">
        <ele>582.4</ele>
      </trkpt>
      <trkpt lat="37.25697579793632" lon="128.14391132444143">
        <ele>582.6</ele>
      </trkpt>
      <trkpt lat="37.25696196779609" lon="128.14391719177365">
        <ele>582.8</ele>
      </trkpt>
      <trkpt lat="37.256949646398425" lon="128.14392138272524">
        <ele>583.0</ele>
      </trkpt>
      <trkpt lat="37.25693564862013" lon="128.14392616041005">
        <ele>583.2</ele>
      </trkpt>
      <trkpt lat="37.2569231595844" lon="128.14393060281873">
        <ele>583.6</ele>
      </trkpt>
      <trkpt lat="37.256911592558026" lon="128.1439352966845">
        <ele>583.8</ele>
      </trkpt>
      <trkpt lat="37.256901701912284" lon="128.14394116401672">
        <ele>584.0</ele>
      </trkpt>
      <trkpt lat="37.256892481818795" lon="128.1439469475299">
        <ele>584.6</ele>
      </trkpt>
      <trkpt lat="37.25688326172531" lon="128.14395256340504">
        <ele>585.0</ele>
      </trkpt>
      <trkpt lat="37.25687462836504" lon="128.14395700581372">
        <ele>585.6</ele>
      </trkpt>
      <trkpt lat="37.2568647377193" lon="128.14396312460303">
        <ele>586.0</ele>
      </trkpt>
      <trkpt lat="37.256855349987745" lon="128.1439699139446">
        <ele>586.6</ele>
      </trkpt>
      <trkpt lat="37.25684612989426" lon="128.1439746916294">
        <ele>587.0</ele>
      </trkpt>
      <trkpt lat="37.25683732889593" lon="128.14397930167615">
        <ele>587.6</ele>
      </trkpt>
      <trkpt lat="37.25682618096471" lon="128.14398533664644">
        <ele>588.0</ele>
      </trkpt>
      <trkpt lat="37.25681545212865" lon="128.1439918745309">
        <ele>588.4</ele>
      </trkpt>
      <trkpt lat="37.256803046911955" lon="128.14400017261505">
        <ele>588.8</ele>
      </trkpt>
      <trkpt lat="37.25679215043783" lon="128.1440082192421">
        <ele>589.2</ele>
      </trkpt>
      <trkpt lat="37.256782008334994" lon="128.14401819370687">
        <ele>589.6</ele>
      </trkpt>
      <trkpt lat="37.25677253678441" lon="128.14402967691422">
        <ele>590.0</ele>
      </trkpt>
      <trkpt lat="37.2567643225193" lon="128.1440444290638">
        <ele>590.2</ele>
      </trkpt>
      <trkpt lat="37.2567574493587" lon="128.1440621148795">
        <ele>590.6</ele>
      </trkpt>
      <trkpt lat="37.25675200112164" lon="128.1440824829042">
        <ele>591.0</ele>
      </trkpt>
      <trkpt lat="37.25674889981747" lon="128.14409974962473">
        <ele>591.2</ele>
      </trkpt>
      <trkpt lat="37.25674646906555" lon="128.14411668106914">
        <ele>591.4</ele>
      </trkpt>
      <trkpt lat="37.256744373589754" lon="128.14413461834192">
        <ele>591.6</ele>
      </trkpt>
      <trkpt lat="37.25674227811396" lon="128.14415046013892">
        <ele>591.6</ele>
      </trkpt>
      <trkpt lat="37.25674118846655" lon="128.14416588284075">
        <ele>591.8</ele>
      </trkpt>
      <trkpt lat="37.25673976354301" lon="128.14418273046613">
        <ele>591.8</ele>
      </trkpt>
      <trkpt lat="37.256738003343344" lon="128.14419806934893">
        <ele>591.8</ele>
      </trkpt>
      <trkpt lat="37.25673649460077" lon="128.14421424642205">
        <ele>591.8</ele>
      </trkpt>
      <trkpt lat="37.2567333932966" lon="128.14423335716128">
        <ele>592.0</ele>
      </trkpt>
      <trkpt lat="37.2567315492779" lon="128.14425154589117">
        <ele>592.0</ele>
      </trkpt>
      <trkpt lat="37.25672844797373" lon="128.14426730386913">
        <ele>592.0</ele>
      </trkpt>
      <trkpt lat="37.25672501139343" lon="128.14428188838065">
        <ele>592.0</ele>
      </trkpt>
      <trkpt lat="37.25672165863216" lon="128.1442958023399">
        <ele>592.2</ele>
      </trkpt>
      <trkpt lat="37.25671688094735" lon="128.1443079560995">
        <ele>592.2</ele>
      </trkpt>
      <trkpt lat="37.256710678339005" lon="128.14431977458298">
        <ele>592.2</ele>
      </trkpt>
      <trkpt lat="37.256704308092594" lon="128.14433016814291">
        <ele>592.4</ele>
      </trkpt>
      <trkpt lat="37.2566953394562" lon="128.14434106461704">
        <ele>592.4</ele>
      </trkpt>
      <trkpt lat="37.25668595172465" lon="128.14435271546245">
        <ele>592.4</ele>
      </trkpt>
      <trkpt lat="37.256677905097604" lon="128.14436277374625">
        <ele>592.4</ele>
      </trkpt>
      <trkpt lat="37.2566694393754" lon="128.1443737540394">
        <ele>592.4</ele>
      </trkpt>
      <trkpt lat="37.256659884005785" lon="128.1443824712187">
        <ele>592.4</ele>
      </trkpt>
      <trkpt lat="37.25664999336004" lon="128.14439185895026">
        <ele>592.4</ele>
      </trkpt>
      <trkpt lat="37.25663926452398" lon="128.14440158195794">
        <ele>592.2</ele>
      </trkpt>
      <trkpt lat="37.25662929005921" lon="128.14441138878465">
        <ele>592.2</ele>
      </trkpt>
      <trkpt lat="37.25661797448993" lon="128.14442111179233">
        <ele>592.2</ele>
      </trkpt>
      <trkpt lat="37.256607580929995" lon="128.14443117007613">
        <ele>592.0</ele>
      </trkpt>
      <trkpt lat="37.25659609772265" lon="128.14443997107446">
        <ele>592.0</ele>
      </trkpt>
      <trkpt lat="37.256584698334336" lon="128.14444860443473">
        <ele>591.8</ele>
      </trkpt>
      <trkpt lat="37.256572879850864" lon="128.1444567348808">
        <ele>591.6</ele>
      </trkpt>
      <trkpt lat="37.25656206719577" lon="128.14446243457496">
        <ele>591.6</ele>
      </trkpt>
      <trkpt lat="37.25655008107424" lon="128.14446846954525">
        <ele>591.4</ele>
      </trkpt>
      <trkpt lat="37.25653734058142" lon="128.14447333104908">
        <ele>591.4</ele>
      </trkpt>
      <trkpt lat="37.256523510441184" lon="128.14447886310518">
        <ele>591.4</ele>
      </trkpt>
      <trkpt lat="37.256510350853205" lon="128.1444839760661">
        <ele>591.4</ele>
      </trkpt>
      <trkpt lat="37.25649652071297" lon="128.14448883756995">
        <ele>591.2</ele>
      </trkpt>
      <trkpt lat="37.25648042745888" lon="128.1444929447025">
        <ele>591.2</ele>
      </trkpt>
      <trkpt lat="37.25646089762449" lon="128.14449545927346">
        <ele>591.0</ele>
      </trkpt>
      <trkpt lat="37.256442960351706" lon="128.14449420198798">
        <ele>590.6</ele>
      </trkpt>
      <trkpt lat="37.25642753764987" lon="128.14448917284608">
        <ele>590.4</ele>
      </trkpt>
      <trkpt lat="37.25641060620546" lon="128.14448271878064">
        <ele>590.4</ele>
      </trkpt>
      <trkpt lat="37.256394093856215" lon="128.14447903074324">
        <ele>590.6</ele>
      </trkpt>
      <trkpt lat="37.25637833587825" lon="128.14447458833456">
        <ele>590.8</ele>
      </trkpt>
      <trkpt lat="37.256361320614815" lon="128.14447190612555">
        <ele>591.2</ele>
      </trkpt>
      <trkpt lat="37.25634640082717" lon="128.14447106793523">
        <ele>591.6</ele>
      </trkpt>
      <trkpt lat="37.25633030757308" lon="128.1444712355733">
        <ele>591.6</ele>
      </trkpt>
      <trkpt lat="37.256316393613815" lon="128.1444718223065">
        <ele>591.8</ele>
      </trkpt>
      <trkpt lat="37.256301222369075" lon="128.14447266049683">
        <ele>591.8</ele>
      </trkpt>
      <trkpt lat="37.256285632029176" lon="128.1444755103439">
        <ele>591.8</ele>
      </trkpt>
      <trkpt lat="37.256269035860896" lon="128.1444812938571">
        <ele>591.8</ele>
      </trkpt>
      <trkpt lat="37.25625311024487" lon="128.14448825083673">
        <ele>591.8</ele>
      </trkpt>
      <trkpt lat="37.2562360111624" lon="128.14449705183506">
        <ele>592.0</ele>
      </trkpt>
      <trkpt lat="37.256219079717994" lon="128.14450845122337">
        <ele>592.0</ele>
      </trkpt>
      <trkpt lat="37.25620474666357" lon="128.14452085644007">
        <ele>592.0</ele>
      </trkpt>
      <trkpt lat="37.25619091652334" lon="128.14453435130417">
        <ele>592.2</ele>
      </trkpt>
      <trkpt lat="37.256176583468914" lon="128.1445518694818">
        <ele>592.2</ele>
      </trkpt>
      <trkpt lat="37.25616233423352" lon="128.1445716507733">
        <ele>592.0</ele>
      </trkpt>
      <trkpt lat="37.256148755550385" lon="128.14459403045475">
        <ele>592.0</ele>
      </trkpt>
      <trkpt lat="37.25613442249596" lon="128.14461775124073">
        <ele>591.8</ele>
      </trkpt>
      <trkpt lat="37.256119921803474" lon="128.14464231021702">
        <ele>591.4</ele>
      </trkpt>
      <trkpt lat="37.256105756387115" lon="128.14466435462236">
        <ele>591.0</ele>
      </trkpt>
      <trkpt lat="37.25608991459012" lon="128.1446869019419">
        <ele>590.6</ele>
      </trkpt>
      <trkpt lat="37.25607088766992" lon="128.14470810815692">
        <ele>590.0</ele>
      </trkpt>
      <trkpt lat="37.25604917854071" lon="128.14472277648747">
        <ele>589.6</ele>
      </trkpt>
      <trkpt lat="37.25602503865957" lon="128.1447326671332">
        <ele>589.0</ele>
      </trkpt>
      <trkpt lat="37.256000731140375" lon="128.14474046230316">
        <ele>588.6</ele>
      </trkpt>
      <trkpt lat="37.25597768090665" lon="128.14474775455892">
        <ele>588.4</ele>
      </trkpt>
      <trkpt lat="37.25595396012068" lon="128.14475253224373">
        <ele>588.2</ele>
      </trkpt>
      <trkpt lat="37.255929820239544" lon="128.14475596882403">
        <ele>588.0</ele>
      </trkpt>
      <trkpt lat="37.25590534508228" lon="128.14475655555725">
        <ele>588.0</ele>
      </trkpt>
      <trkpt lat="37.25588229484856" lon="128.144755885005">
        <ele>587.8</ele>
      </trkpt>
      <trkpt lat="37.25585689768195" lon="128.14475487917662">
        <ele>587.6</ele>
      </trkpt>
      <trkpt lat="37.255831668153405" lon="128.14475370571017">
        <ele>587.6</ele>
      </trkpt>
      <trkpt lat="37.25580501370132" lon="128.14474993385375">
        <ele>587.6</ele>
      </trkpt>
      <trkpt lat="37.25577944889665" lon="128.14474616199732">
        <ele>587.6</ele>
      </trkpt>
      <trkpt lat="37.255752040073276" lon="128.1447413843125">
        <ele>587.4</ele>
      </trkpt>
      <trkpt lat="37.25572538562119" lon="128.14473534934223">
        <ele>587.2</ele>
      </trkpt>
      <trkpt lat="37.25569906644523" lon="128.14472847618163">
        <ele>587.0</ele>
      </trkpt>
      <trkpt lat="37.255675848573446" lon="128.14471825025976">
        <ele>586.8</ele>
      </trkpt>
      <trkpt lat="37.255651792511344" lon="128.14470634795725">
        <ele>586.6</ele>
      </trkpt>
      <trkpt lat="37.25562966428697" lon="128.14469209872186">
        <ele>586.4</ele>
      </trkpt>
      <trkpt lat="37.25560611113906" lon="128.1446755863726">
        <ele>586.0</ele>
      </trkpt>
      <trkpt lat="37.25558314472437" lon="128.14466007985175">
        <ele>585.8</ele>
      </trkpt>
      <trkpt lat="37.255560010671616" lon="128.1446451600641">
        <ele>585.6</ele>
      </trkpt>
      <trkpt lat="37.25553528405726" lon="128.14462789334357">
        <ele>585.4</ele>
      </trkpt>
      <trkpt lat="37.25551198236644" lon="128.14461154863238">
        <ele>585.2</ele>
      </trkpt>
      <trkpt lat="37.255489602684975" lon="128.1445970479399">
        <ele>585.0</ele>
      </trkpt>
      <trkpt lat="37.25546739064157" lon="128.14458346925676">
        <ele>584.6</ele>
      </trkpt>
      <trkpt lat="37.2554418258369" lon="128.14457525499165">
        <ele>584.2</ele>
      </trkpt>
      <trkpt lat="37.2554191108793" lon="128.14456997439265">
        <ele>584.0</ele>
      </trkpt>
      <trkpt lat="37.255401676520705" lon="128.14456435851753">
        <ele>583.4</ele>
      </trkpt>
      <trkpt lat="37.25539312697947" lon="128.14455388113856">
        <ele>583.0</ele>
      </trkpt>
      <trkpt lat="37.25539362989366" lon="128.14453979954123">
        <ele>582.6</ele>
      </trkpt>
      <trkpt lat="37.2554003354162" lon="128.1445241253823">
        <ele>582.0</ele>
      </trkpt>
      <trkpt lat="37.255408046767116" lon="128.14450627192855">
        <ele>581.6</ele>
      </trkpt>
      <trkpt lat="37.25541232153773" lon="128.14448808319867">
        <ele>581.2</ele>
      </trkpt>
      <trkpt lat="37.25541114807129" lon="128.14446763135493">
        <ele>580.8</ele>
      </trkpt>
      <trkpt lat="37.255399748682976" lon="128.14445321448147">
        <ele>580.4</ele>
      </trkpt>
      <trkpt lat="37.25538273341954" lon="128.14445111900568">
        <ele>580.0</ele>
      </trkpt>
      <trkpt lat="37.25536664016545" lon="128.14445924945176">
        <ele>579.6</ele>
      </trkpt>
      <trkpt lat="37.25534954108298" lon="128.14447131939232">
        <ele>579.2</ele>
      </trkpt>
      <trkpt lat="37.25532900542021" lon="128.14448372460902">
        <ele>579.0</ele>
      </trkpt>
      <trkpt lat="37.255304865539074" lon="128.1444955430925">
        <ele>578.6</ele>
      </trkpt>
      <trkpt lat="37.25528064183891" lon="128.14450333826244">
        <ele>578.2</ele>
      </trkpt>
      <trkpt lat="37.255257004871964" lon="128.14450954087079">
        <ele>577.8</ele>
      </trkpt>
      <trkpt lat="37.25523378700018" lon="128.14451322890818">
        <ele>577.4</ele>
      </trkpt>
      <trkpt lat="37.25520981475711" lon="128.14451624639332">
        <ele>577.0</ele>
      </trkpt>
      <trkpt lat="37.255185255780816" lon="128.1445201858878">
        <ele>576.4</ele>
      </trkpt>
      <trkpt lat="37.25516212172806" lon="128.14453041180968">
        <ele>575.8</ele>
      </trkpt>
      <trkpt lat="37.25514527410269" lon="128.144549774006">
        <ele>575.4</ele>
      </trkpt>
      <trkpt lat="37.25513756275177" lon="128.14457491971552">
        <ele>574.8</ele>
      </trkpt>
      <trkpt lat="37.255135802552104" lon="128.1446036696434">
        <ele>574.4</ele>
      </trkpt>
      <trkpt lat="37.25513848476112" lon="128.14463493414223">
        <ele>573.8</ele>
      </trkpt>
      <trkpt lat="37.255144184455276" lon="128.14466804265976">
        <ele>573.2</ele>
      </trkpt>
      <trkpt lat="37.25515214726329" lon="128.14470341429114">
        <ele>572.4</ele>
      </trkpt>
      <trkpt lat="37.2551603615284" lon="128.14473778009415">
        <ele>571.6</ele>
      </trkpt>
      <trkpt lat="37.25516681559384" lon="128.14476896077394">
        <ele>571.0</ele>
      </trkpt>
      <trkpt lat="37.25517209619284" lon="128.14480064436793">
        <ele>570.4</ele>
      </trkpt>
      <trkpt lat="37.255175365135074" lon="128.1448301486671">
        <ele>570.0</ele>
      </trkpt>
      <trkpt lat="37.255176454782486" lon="128.14485956914723">
        <ele>569.6</ele>
      </trkpt>
      <trkpt lat="37.255175448954105" lon="128.14488773234189">
        <ele>569.2</ele>
      </trkpt>
      <trkpt lat="37.255172431468964" lon="128.1449149735272">
        <ele>568.6</ele>
      </trkpt>
      <trkpt lat="37.25516899488866" lon="128.14493341371417">
        <ele>568.0</ele>
      </trkpt>
      <trkpt lat="37.25516430102289" lon="128.1449456512928">
        <ele>567.6</ele>
      </trkpt>
      <trkpt lat="37.25516044534743" lon="128.14494783058763">
        <ele>567.2</ele>
      </trkpt>
      <trkpt lat="37.2551585175097" lon="128.14494162797928">
        <ele>566.8</ele>
      </trkpt>
      <trkpt lat="37.25515751168132" lon="128.144932994619">
        <ele>566.4</ele>
      </trkpt>
      <trkpt lat="37.25515717640519" lon="128.14492578618228">
        <ele>566.2</ele>
      </trkpt>
      <trkpt lat="37.255157344043255" lon="128.1449179071933">
        <ele>566.0</ele>
      </trkpt>
      <trkpt lat="37.25515717640519" lon="128.14491203986108">
        <ele>565.8</ele>
      </trkpt>
      <trkpt lat="37.25515709258616" lon="128.14490860328078">
        <ele>565.6</ele>
      </trkpt>
      <trkpt lat="37.25515793077648" lon="128.14490449614823">
        <ele>565.4</ele>
      </trkpt>
      <trkpt lat="37.25515868514776" lon="128.14489896409214">
        <ele>565.2</ele>
      </trkpt>
      <trkpt lat="37.25515608675778" lon="128.14488027244806">
        <ele>565.0</ele>
      </trkpt>
      <trkpt lat="37.2551532369107" lon="128.1448661070317">
        <ele>565.0</ele>
      </trkpt>
      <trkpt lat="37.25515030324459" lon="128.14484992995858">
        <ele>564.8</ele>
      </trkpt>
      <trkpt lat="37.2551463637501" lon="128.14482788555324">
        <ele>564.8</ele>
      </trkpt>
      <trkpt lat="37.25513990968466" lon="128.14480047672987">
        <ele>564.6</ele>
      </trkpt>
      <trkpt lat="37.25513136014342" lon="128.1447707209736">
        <ele>564.4</ele>
      </trkpt>
      <trkpt lat="37.25512180477381" lon="128.14474431797862">
        <ele>564.4</ele>
      </trkpt>
      <trkpt lat="37.25510881282389" lon="128.1447223573923">
        <ele>564.4</ele>
      </trkpt>
      <trkpt lat="37.25509355776012" lon="128.14470584504306">
        <ele>564.4</ele>
      </trkpt>
      <trkpt lat="37.25507318973541" lon="128.144695116207">
        <ele>564.6</ele>
      </trkpt>
      <trkpt lat="37.2550546657294" lon="128.14468950033188">
        <ele>564.8</ele>
      </trkpt>
      <trkpt lat="37.255037650465965" lon="128.14469235017896">
        <ele>564.8</ele>
      </trkpt>
      <trkpt lat="37.25502524524927" lon="128.14470442011952">
        <ele>564.8</ele>
      </trkpt>
      <trkpt lat="37.25501795299351" lon="128.14472252503037">
        <ele>564.4</ele>
      </trkpt>
      <trkpt lat="37.255016192793846" lon="128.14474356360734">
        <ele>564.0</ele>
      </trkpt>
      <trkpt lat="37.2550184559077" lon="128.14476787112653">
        <ele>563.4</ele>
      </trkpt>
      <trkpt lat="37.2550237365067" lon="128.14479083754122">
        <ele>562.6</ele>
      </trkpt>
      <trkpt lat="37.25502809509635" lon="128.14481631852686">
        <ele>561.8</ele>
      </trkpt>
      <trkpt lat="37.25503002293408" lon="128.14483920112252">
        <ele>561.2</ele>
      </trkpt>
      <trkpt lat="37.255027843639255" lon="128.14486032351851">
        <ele>560.6</ele>
      </trkpt>
      <trkpt lat="37.25502063520253" lon="128.1448759138584">
        <ele>560.0</ele>
      </trkpt>
      <trkpt lat="37.25500822998583" lon="128.1448864750564">
        <ele>559.6</ele>
      </trkpt>
      <trkpt lat="37.25499129854143" lon="128.14489284530282">
        <ele>559.2</ele>
      </trkpt>
      <trkpt lat="37.25497160106897" lon="128.14489535987377">
        <ele>558.8</ele>
      </trkpt>
      <trkpt lat="37.254953579977155" lon="128.1448993831873">
        <ele>558.2</ele>
      </trkpt>
      <trkpt lat="37.254938911646605" lon="128.14491111785173">
        <ele>557.4</ele>
      </trkpt>
      <trkpt lat="37.25492784753442" lon="128.1449319049716">
        <ele>557.0</ele>
      </trkpt>
      <trkpt lat="37.25492248311639" lon="128.1449559610337">
        <ele>556.4</ele>
      </trkpt>
      <trkpt lat="37.254920890554786" lon="128.14498060382903">
        <ele>556.0</ele>
      </trkpt>
      <trkpt lat="37.2549219802022" lon="128.1450082641095">
        <ele>555.6</ele>
      </trkpt>
      <trkpt lat="37.25492415949702" lon="128.14503542147577">
        <ele>555.2</ele>
      </trkpt>
      <trkpt lat="37.25492801517248" lon="128.14506450667977">
        <ele>554.8</ele>
      </trkpt>
      <trkpt lat="37.25493296049535" lon="128.14509317278862">
        <ele>554.2</ele>
      </trkpt>
      <trkpt lat="37.25493564270437" lon="128.14512334764004">
        <ele>554.0</ele>
      </trkpt>
      <trkpt lat="37.25493581034243" lon="128.14515561796725">
        <ele>553.8</ele>
      </trkpt>
      <trkpt lat="37.25493513979018" lon="128.1451877206564">
        <ele>553.6</ele>
      </trkpt>
      <trkpt lat="37.2549357265234" lon="128.1452189013362">
        <ele>553.6</ele>
      </trkpt>
      <trkpt lat="37.25493983365595" lon="128.14525309950113">
        <ele>553.6</ele>
      </trkpt>
      <trkpt lat="37.25494754500687" lon="128.14528486691415">
        <ele>553.8</ele>
      </trkpt>
      <trkpt lat="37.254956010729074" lon="128.14530992880464">
        <ele>553.8</ele>
      </trkpt>
      <trkpt lat="37.25496539846063" lon="128.14533029682934">
        <ele>554.0</ele>
      </trkpt>
      <trkpt lat="37.25497487001121" lon="128.1453486531973">
        <ele>554.2</ele>
      </trkpt>
      <trkpt lat="37.25498358719051" lon="128.14536726102233">
        <ele>554.6</ele>
      </trkpt>
      <trkpt lat="37.25498769432306" lon="128.14537958242">
        <ele>555.0</ele>
      </trkpt>
      <trkpt lat="37.254986353218555" lon="128.14538972452283">
        <ele>555.4</ele>
      </trkpt>
      <trkpt lat="37.254978474229574" lon="128.14539534039795">
        <ele>555.6</ele>
      </trkpt>
      <trkpt lat="37.254963805899024" lon="128.1453996989876">
        <ele>555.6</ele>
      </trkpt>
      <trkpt lat="37.25494612008333" lon="128.14541084691882">
        <ele>555.2</ele>
      </trkpt>
      <trkpt lat="37.254930194467306" lon="128.14543255604804">
        <ele>554.8</ele>
      </trkpt>
      <trkpt lat="37.254918962717056" lon="128.14546105451882">
        <ele>554.0</ele>
      </trkpt>
      <trkpt lat="37.254912592470646" lon="128.14548913389444">
        <ele>553.2</ele>
      </trkpt>
      <trkpt lat="37.254910580813885" lon="128.14552358351648">
        <ele>552.0</ele>
      </trkpt>
      <trkpt lat="37.25491125136614" lon="128.14555761404335">
        <ele>551.0</ele>
      </trkpt>
      <trkpt lat="37.25491619668901" lon="128.14558929763734">
        <ele>550.0</ele>
      </trkpt>
      <trkpt lat="37.25492550060153" lon="128.14561679027975">
        <ele>549.2</ele>
      </trkpt>
      <trkpt lat="37.25493438541889" lon="128.1456396728754">
        <ele>548.6</ele>
      </trkpt>
      <trkpt lat="37.2549410071224" lon="128.14566171728075">
        <ele>548.2</ele>
      </trkpt>
      <trkpt lat="37.25494461134076" lon="128.1456859409809">
        <ele>547.8</ele>
      </trkpt>
      <trkpt lat="37.254943773150444" lon="128.1457123439759">
        <ele>547.4</ele>
      </trkpt>
      <trkpt lat="37.25493815727532" lon="128.14573832787573">
        <ele>547.0</ele>
      </trkpt>
      <trkpt lat="37.25492742843926" lon="128.1457607075572">
        <ele>546.8</ele>
      </trkpt>
      <trkpt lat="37.25491376593709" lon="128.145781327039">
        <ele>546.6</ele>
      </trkpt>
      <trkpt lat="37.254900271072984" lon="128.14580144360662">
        <ele>546.4</ele>
      </trkpt>
      <trkpt lat="37.2548873629421" lon="128.1458223145455">
        <ele>546.6</ele>
      </trkpt>
      <trkpt lat="37.25487370043993" lon="128.145842095837">
        <ele>546.8</ele>
      </trkpt>
      <trkpt lat="37.25486037321389" lon="128.14586129039526">
        <ele>547.0</ele>
      </trkpt>
      <trkpt lat="37.25484696216881" lon="128.14588165841997">
        <ele>547.2</ele>
      </trkpt>
      <trkpt lat="37.254831874743104" lon="128.14590672031045">
        <ele>547.0</ele>
      </trkpt>
      <trkpt lat="37.25481670349836" lon="128.1459351349622">
        <ele>546.8</ele>
      </trkpt>
      <trkpt lat="37.25480496883392" lon="128.14596505835652">
        <ele>546.4</ele>
      </trkpt>
      <trkpt lat="37.25479449145496" lon="128.1459977477789">
        <ele>545.8</ele>
      </trkpt>
      <trkpt lat="37.2547856066376" lon="128.1460284255445">
        <ele>545.2</ele>
      </trkpt>
      <trkpt lat="37.25477655418217" lon="128.1460572592914">
        <ele>544.4</ele>
      </trkpt>
      <trkpt lat="37.25476616062224" lon="128.14608533866704">
        <ele>543.8</ele>
      </trkpt>
      <trkpt lat="37.25475342012942" lon="128.14610939472914">
        <ele>543.4</ele>
      </trkpt>
      <trkpt lat="37.254733806476" lon="128.14612842164934">
        <ele>543.0</ele>
      </trkpt>
      <trkpt lat="37.254711175337434" lon="128.14614543691278">
        <ele>542.4</ele>
      </trkpt>
      <trkpt lat="37.254688208922744" lon="128.14616622403264">
        <ele>541.8</ele>
      </trkpt>
      <trkpt lat="37.25467186421156" lon="128.14620058983564">
        <ele>541.0</ele>
      </trkpt>
      <trkpt lat="37.254658956080675" lon="128.1462329439819">
        <ele>540.2</ele>
      </trkpt>
      <trkpt lat="37.25464412011206" lon="128.14626144245267">
        <ele>539.6</ele>
      </trkpt>
      <trkpt lat="37.25462559610605" lon="128.14628491178155">
        <ele>539.0</ele>
      </trkpt>
      <trkpt lat="37.25460723973811" lon="128.1463080458343">
        <ele>538.4</ele>
      </trkpt>
      <trkpt lat="37.254591481760144" lon="128.1463323533535">
        <ele>538.0</ele>
      </trkpt>
      <trkpt lat="37.25457756780088" lon="128.14636068418622">
        <ele>537.4</ele>
      </trkpt>
      <trkpt lat="37.25456591695547" lon="128.14638976939023">
        <ele>536.4</ele>
      </trkpt>
      <trkpt lat="37.254556780681014" lon="128.1464201118797">
        <ele>535.6</ele>
      </trkpt>
      <trkpt lat="37.25454940460622" lon="128.14644877798855">
        <ele>534.8</ele>
      </trkpt>
      <trkpt lat="37.254539262503386" lon="128.14647233113647">
        <ele>534.2</ele>
      </trkpt>
      <trkpt lat="37.25452425889671" lon="128.14649102278054">
        <ele>533.8</ele>
      </trkpt>
      <trkpt lat="37.25450674071908" lon="128.14650594256818">
        <ele>533.6</ele>
      </trkpt>
      <trkpt lat="37.254487462341785" lon="128.14652362838387">
        <ele>533.4</ele>
      </trkpt>
      <trkpt lat="37.254469860345125" lon="128.1465464271605">
        <ele>532.6</ele>
      </trkpt>
      <trkpt lat="37.254453683272004" lon="128.1465707346797">
        <ele>531.8</ele>
      </trkpt>
      <trkpt lat="37.25443541072309" lon="128.1465881690383">
        <ele>531.0</ele>
      </trkpt>
      <trkpt lat="37.254414120689034" lon="128.14659923315048">
        <ele>530.0</ele>
      </trkpt>
      <trkpt lat="37.25439207628369" lon="128.1466064415872">
        <ele>529.4</ele>
      </trkpt>
      <trkpt lat="37.254368690773845" lon="128.1466101296246">
        <ele>528.8</ele>
      </trkpt>
      <trkpt lat="37.254344718530774" lon="128.14661054871976">
        <ele>528.4</ele>
      </trkpt>
      <trkpt lat="37.25432242266834" lon="128.14661138691008">
        <ele>527.8</ele>
      </trkpt>
      <trkpt lat="37.25430549122393" lon="128.14661230891943">
        <ele>527.0</ele>
      </trkpt>
      <trkpt lat="37.25429224781692" lon="128.14661071635783">
        <ele>526.2</ele>
      </trkpt>
      <trkpt lat="37.25428386591375" lon="128.14660702832043">
        <ele>525.4</ele>
      </trkpt>
      <trkpt lat="37.254278250038624" lon="128.14660233445466">
        <ele>524.8</ele>
      </trkpt>
      <trkpt lat="37.25427598692477" lon="128.14659579657018">
        <ele>524.2</ele>
      </trkpt>
      <trkpt lat="37.25427506491542" lon="128.1465863250196">
        <ele>523.8</ele>
      </trkpt>
      <trkpt lat="37.25427866913378" lon="128.14657609909773">
        <ele>523.4</ele>
      </trkpt>
      <trkpt lat="37.254287637770176" lon="128.14654785208404">
        <ele>522.8</ele>
      </trkpt>
      <trkpt lat="37.254291996359825" lon="128.14653117209673">
        <ele>522.8</ele>
      </trkpt>
      <trkpt lat="37.254296354949474" lon="128.14651373773813">
        <ele>522.8</ele>
      </trkpt>
      <trkpt lat="37.25429962389171" lon="128.1464951299131">
        <ele>522.8</ele>
      </trkpt>
      <trkpt lat="37.25430188700557" lon="128.14647333696485">
        <ele>522.8</ele>
      </trkpt>
      <trkpt lat="37.254303228110075" lon="128.1464515440166">
        <ele>522.6</ele>
      </trkpt>
      <trkpt lat="37.25430641323328" lon="128.14643033780158">
        <ele>522.4</ele>
      </trkpt>
      <trkpt lat="37.25431093946099" lon="128.14640787430108">
        <ele>522.2</ele>
      </trkpt>
      <trkpt lat="37.25431437604129" lon="128.14638633280993">
        <ele>522.0</ele>
      </trkpt>
      <trkpt lat="37.2543175611645" lon="128.1463664676994">
        <ele>521.6</ele>
      </trkpt>
      <trkpt lat="37.25432217121124" lon="128.14634702168405">
        <ele>521.6</ele>
      </trkpt>
      <trkpt lat="37.25432502105832" lon="128.14632690511644">
        <ele>521.4</ele>
      </trkpt>
      <trkpt lat="37.25432544015348" lon="128.1463059503585">
        <ele>521.4</ele>
      </trkpt>
      <trkpt lat="37.25432409904897" lon="128.14628097228706">
        <ele>521.2</ele>
      </trkpt>
      <trkpt lat="37.254320327192545" lon="128.14625549130142">
        <ele>520.8</ele>
      </trkpt>
      <trkpt lat="37.25431219674647" lon="128.14623411744833">
        <ele>520.4</ele>
      </trkpt>
      <trkpt lat="37.254299288615584" lon="128.14622120931745">
        <ele>520.2</ele>
      </trkpt>
      <trkpt lat="37.25428570993245" lon="128.1462142523378">
        <ele>520.0</ele>
      </trkpt>
      <trkpt lat="37.25427187979221" lon="128.14621140249074">
        <ele>520.0</ele>
      </trkpt>
      <trkpt lat="37.25425721146166" lon="128.1462102290243">
        <ele>520.2</ele>
      </trkpt>
      <trkpt lat="37.25424153730273" lon="128.1462092231959">
        <ele>520.6</ele>
      </trkpt>
      <trkpt lat="37.25422519259155" lon="128.1462086364627">
        <ele>521.0</ele>
      </trkpt>
      <trkpt lat="37.25421111099422" lon="128.14620872028172">
        <ele>521.2</ele>
      </trkpt>
      <trkpt lat="37.25419610738754" lon="128.14621098339558">
        <ele>521.4</ele>
      </trkpt>
      <trkpt lat="37.25417833775282" lon="128.1462129112333">
        <ele>521.4</ele>
      </trkpt>
      <trkpt lat="37.2541584726423" lon="128.146214755252">
        <ele>521.4</ele>
      </trkpt>
      <trkpt lat="37.25413894280791" lon="128.1462165992707">
        <ele>521.2</ele>
      </trkpt>
      <trkpt lat="37.2541172336787" lon="128.14621919766068">
        <ele>521.2</ele>
      </trkpt>
      <trkpt lat="37.25409351289272" lon="128.14622330479324">
        <ele>520.8</ele>
      </trkpt>
      <trkpt lat="37.254067277535796" lon="128.14622892066836">
        <ele>520.2</ele>
      </trkpt>
      <trkpt lat="37.25404045544565" lon="128.14623336307704">
        <ele>519.6</ele>
      </trkpt>
      <trkpt lat="37.25401388481259" lon="128.1462340336293">
        <ele>519.2</ele>
      </trkpt>
      <trkpt lat="37.25398647598922" lon="128.14623336307704">
        <ele>518.6</ele>
      </trkpt>
      <trkpt lat="37.253959737718105" lon="128.1462287530303">
        <ele>518.0</ele>
      </trkpt>
      <trkpt lat="37.25393400527537" lon="128.1462234724313">
        <ele>517.8</ele>
      </trkpt>
      <trkpt lat="37.25391011685133" lon="128.14621509052813">
        <ele>517.6</ele>
      </trkpt>
      <trkpt lat="37.25388706661761" lon="128.1462051998824">
        <ele>517.4</ele>
      </trkpt>
      <trkpt lat="37.253865860402584" lon="128.14619539305568">
        <ele>517.4</ele>
      </trkpt>
      <trkpt lat="37.25384549237788" lon="128.14618533477187">
        <ele>517.2</ele>
      </trkpt>
      <trkpt lat="37.25382369942963" lon="128.1461740192026">
        <ele>517.2</ele>
      </trkpt>
      <trkpt lat="37.253802409395576" lon="128.14616069197655">
        <ele>517.2</ele>
      </trkpt>
      <trkpt lat="37.25378078408539" lon="128.14614878967404">
        <ele>517.2</ele>
      </trkpt>
      <trkpt lat="37.2537596616894" lon="128.1461359653622">
        <ele>517.2</ele>
      </trkpt>
      <trkpt lat="37.25373853929341" lon="128.14612238667905">
        <ele>517.2</ele>
      </trkpt>
      <trkpt lat="37.25371716544032" lon="128.14611216075718">
        <ele>517.0</ele>
      </trkpt>
      <trkpt lat="37.25369662977755" lon="128.14610193483531">
        <ele>516.8</ele>
      </trkpt>
      <trkpt lat="37.25367709994316" lon="128.14609430730343">
        <ele>516.4</ele>
      </trkpt>
      <trkpt lat="37.25365983322263" lon="128.14609179273248">
        <ele>516.0</ele>
      </trkpt>
      <trkpt lat="37.25364642217755" lon="128.14609682187438">
        <ele>515.4</ele>
      </trkpt>
      <trkpt lat="37.253639632835984" lon="128.14611040055752">
        <ele>514.6</ele>
      </trkpt>
      <trkpt lat="37.25364181213081" lon="128.1461515557021">
        <ele>513.4</ele>
      </trkpt>
      <trkpt lat="37.25364658981562" lon="128.14617443829775">
        <ele>512.6</ele>
      </trkpt>
      <trkpt lat="37.25365228950977" lon="128.1461952254176">
        <ele>512.0</ele>
      </trkpt>
      <trkpt lat="37.253656815737486" lon="128.1462102290243">
        <ele>511.4</ele>
      </trkpt>
      <trkpt lat="37.253661174327135" lon="128.1462248135358">
        <ele>510.8</ele>
      </trkpt>
      <trkpt lat="37.2536610905081" lon="128.14623227342963">
        <ele>510.4</ele>
      </trkpt>
      <trkpt lat="37.253653379157186" lon="128.14623344689608">
        <ele>510.0</ele>
      </trkpt>
      <trkpt lat="37.25364097394049" lon="128.1462242268026">
        <ele>509.6</ele>
      </trkpt>
      <trkpt lat="37.25362622179091" lon="128.1462113186717">
        <ele>509.2</ele>
      </trkpt>
      <trkpt lat="37.253611888736486" lon="128.14619514159858">
        <ele>508.8</ele>
      </trkpt>
      <trkpt lat="37.25359596312046" lon="128.1461753603071">
        <ele>508.4</ele>
      </trkpt>
      <trkpt lat="37.253573667258024" lon="128.14615574665368">
        <ele>508.4</ele>
      </trkpt>
      <trkpt lat="37.2535508684814" lon="128.14613956958055">
        <ele>508.2</ele>
      </trkpt>
      <trkpt lat="37.253527315333486" lon="128.14612456597388">
        <ele>508.4</ele>
      </trkpt>
      <trkpt lat="37.25350552238524" lon="128.1461127474904">
        <ele>508.8</ele>
      </trkpt>
      <trkpt lat="37.25348565727472" lon="128.14610344357789">
        <ele>509.0</ele>
      </trkpt>
      <trkpt lat="37.253464702516794" lon="128.14609413966537">
        <ele>509.4</ele>
      </trkpt>
      <trkpt lat="37.2534454241395" lon="128.1460860092193">
        <ele>509.6</ele>
      </trkpt>
      <trkpt lat="37.253428157418966" lon="128.1460781302303">
        <ele>509.8</ele>
      </trkpt>
      <trkpt lat="37.25341306999326" lon="128.14607067033648">
        <ele>510.0</ele>
      </trkpt>
      <trkpt lat="37.25340141914785" lon="128.14606631174684">
        <ele>510.2</ele>
      </trkpt>
      <trkpt lat="37.253389013931155" lon="128.1460657250136">
        <ele>510.0</ele>
      </trkpt>
      <trkpt lat="37.25337853655219" lon="128.14607293345034">
        <ele>509.8</ele>
      </trkpt>
      <trkpt lat="37.25337409414351" lon="128.1460889428854">
        <ele>509.4</ele>
      </trkpt>
      <trkpt lat="37.25337711162865" lon="128.1461066287011">
        <ele>509.0</ele>
      </trkpt>
      <trkpt lat="37.25338817574084" lon="128.1461246497929">
        <ele>508.4</ele>
      </trkpt>
      <trkpt lat="37.253405107185245" lon="128.14613990485668">
        <ele>507.8</ele>
      </trkpt>
      <trkpt lat="37.25342405028641" lon="128.14615222625434">
        <ele>507.2</ele>
      </trkpt>
      <trkpt lat="37.253442239016294" lon="128.1461637094617">
        <ele>506.8</ele>
      </trkpt>
      <trkpt lat="37.253459421917796" lon="128.14617510885">
        <ele>506.4</ele>
      </trkpt>
      <trkpt lat="37.25347576662898" lon="128.14618868753314">
        <ele>506.0</ele>
      </trkpt>
      <trkpt lat="37.25348708219826" lon="128.14619606360793">
        <ele>505.6</ele>
      </trkpt>
      <trkpt lat="37.25349462591112" lon="128.14620268531144">
        <ele>505.0</ele>
      </trkpt>
      <trkpt lat="37.25349579937756" lon="128.14620897173882">
        <ele>504.6</ele>
      </trkpt>
      <trkpt lat="37.253487249836326" lon="128.14621215686202">
        <ele>504.2</ele>
      </trkpt>
      <trkpt lat="37.25345120765269" lon="128.14621014520526">
        <ele>503.4</ele>
      </trkpt>
      <trkpt lat="37.25342924706638" lon="128.14620955847204">
        <ele>503.0</ele>
      </trkpt>
      <trkpt lat="37.25340594537556" lon="128.14621115103364">
        <ele>502.8</ele>
      </trkpt>
      <trkpt lat="37.25338423624635" lon="128.146214755252">
        <ele>502.6</ele>
      </trkpt>
      <trkpt lat="37.25336344912648" lon="128.14621928147972">
        <ele>502.2</ele>
      </trkpt>
      <trkpt lat="37.25334475748241" lon="128.14622271806002">
        <ele>501.8</ele>
      </trkpt>
      <trkpt lat="37.25332899950445" lon="128.1462242268026">
        <ele>501.6</ele>
      </trkpt>
      <trkpt lat="37.25331642664969" lon="128.14622632227838">
        <ele>501.4</ele>
      </trkpt>
      <trkpt lat="37.25330586545169" lon="128.14622808247805">
        <ele>501.4</ele>
      </trkpt>
      <trkpt lat="37.25329597480595" lon="128.14622942358255">
        <ele>501.4</ele>
      </trkpt>
      <trkpt lat="37.25328566506505" lon="128.14623462036252">
        <ele>501.6</ele>
      </trkpt>
      <trkpt lat="37.25327694788575" lon="128.14623973332345">
        <ele>501.4</ele>
      </trkpt>
      <trkpt lat="37.253271667286754" lon="128.14624995924532">
        <ele>501.4</ele>
      </trkpt>
      <trkpt lat="37.2532744333148" lon="128.1462670583278">
        <ele>501.0</ele>
      </trkpt>
      <trkpt lat="37.253281055018306" lon="128.1462844926864">
        <ele>500.6</ele>
      </trkpt>
      <trkpt lat="37.25329052656889" lon="128.14629899337888">
        <ele>500.2</ele>
      </trkpt>
      <trkpt lat="37.253300501033664" lon="128.14631089568138">
        <ele>499.8</ele>
      </trkpt>
      <trkpt lat="37.25331114605069" lon="128.14632531255484">
        <ele>499.2</ele>
      </trkpt>
      <trkpt lat="37.253320533782244" lon="128.14634073525667">
        <ele>498.8</ele>
      </trkpt>
      <trkpt lat="37.25332950241864" lon="128.14635699614882">
        <ele>498.4</ele>
      </trkpt>
      <trkpt lat="37.253339141607285" lon="128.14637057483196">
        <ele>498.0</ele>
      </trkpt>
      <trkpt lat="37.25335003808141" lon="128.1463825609535">
        <ele>497.6</ele>
      </trkpt>
      <trkpt lat="37.25336026400328" lon="128.14639379270375">
        <ele>497.4</ele>
      </trkpt>
      <trkpt lat="37.25337015464902" lon="128.14640628173947">
        <ele>497.0</ele>
      </trkpt>
      <trkpt lat="37.25337954238057" lon="128.14641416072845">
        <ele>496.6</ele>
      </trkpt>
      <trkpt lat="37.25338934920728" lon="128.1464222073555">
        <ele>496.2</ele>
      </trkpt>
      <trkpt lat="37.25339722819626" lon="128.14642991870642">
        <ele>496.0</ele>
      </trkpt>
      <trkpt lat="37.253401670604944" lon="128.14643612131476">
        <ele>495.8</ele>
      </trkpt>
      <trkpt lat="37.253404688090086" lon="128.14643838442862">
        <ele>495.6</ele>
      </trkpt>
      <trkpt lat="37.25340435281396" lon="128.14643922261894">
        <ele>495.4</ele>
      </trkpt>
      <trkpt lat="37.25340007804334" lon="128.14643897116184">
        <ele>495.2</ele>
      </trkpt>
      <trkpt lat="37.253381637856364" lon="128.14644240774214">
        <ele>494.8</ele>
      </trkpt>
      <trkpt lat="37.253367975354195" lon="128.14644450321794">
        <ele>494.6</ele>
      </trkpt>
      <trkpt lat="37.25335389375687" lon="128.14644668251276">
        <ele>494.2</ele>
      </trkpt>
      <trkpt lat="37.253339644521475" lon="128.14644886180758">
        <ele>493.8</ele>
      </trkpt>
      <trkpt lat="37.25332531146705" lon="128.14645062200725">
        <ele>493.4</ele>
      </trkpt>
      <trkpt lat="37.25331148132682" lon="128.14645162783563">
        <ele>493.0</ele>
      </trkpt>
      <trkpt lat="37.25329798646271" lon="128.14645095728338">
        <ele>492.6</ele>
      </trkpt>
      <trkpt lat="37.25328373722732" lon="128.14644777216017">
        <ele>492.2</ele>
      </trkpt>
      <trkpt lat="37.25326957181096" lon="128.14644643105567">
        <ele>492.0</ele>
      </trkpt>
      <trkpt lat="37.253256076946855" lon="128.1464460119605">
        <ele>491.6</ele>
      </trkpt>
      <trkpt lat="37.25324274972081" lon="128.14644584432244">
        <ele>491.2</ele>
      </trkpt>
      <trkpt lat="37.253229757770896" lon="128.14644752070308">
        <ele>490.8</ele>
      </trkpt>
      <trkpt lat="37.2532157599926" lon="128.14645196311176">
        <ele>490.4</ele>
      </trkpt>
      <trkpt lat="37.25320075638592" lon="128.14645573496819">
        <ele>490.2</ele>
      </trkpt>
      <trkpt lat="37.25318541750312" lon="128.14645967446268">
        <ele>489.6</ele>
      </trkpt>
      <trkpt lat="37.25316773168743" lon="128.14646353013813">
        <ele>489.2</ele>
      </trkpt>
      <trkpt lat="37.253149542957544" lon="128.14646679908037">
        <ele>488.6</ele>
      </trkpt>
      <trkpt lat="37.25313085131347" lon="128.14646881073713">
        <ele>487.8</ele>
      </trkpt>
      <trkpt lat="37.25311065092683" lon="128.14647316932678">
        <ele>487.2</ele>
      </trkpt>
      <trkpt lat="37.253089947625995" lon="128.14647568389773">
        <ele>486.6</ele>
      </trkpt>
      <trkpt lat="37.25307016633451" lon="128.14647660590708">
        <ele>486.0</ele>
      </trkpt>
      <trkpt lat="37.25305055268109" lon="128.1464769411832">
        <ele>485.2</ele>
      </trkpt>
      <trkpt lat="37.25303169339895" lon="128.14648389816284">
        <ele>484.4</ele>
      </trkpt>
      <trkpt lat="37.25301920436323" lon="128.14650074578822">
        <ele>483.8</ele>
      </trkpt>
      <trkpt lat="37.253012750297785" lon="128.14652253873646">
        <ele>483.2</ele>
      </trkpt>
      <trkpt lat="37.25300964899361" lon="128.14654634334147">
        <ele>482.6</ele>
      </trkpt>
      <trkpt lat="37.253006966784596" lon="128.14656604081392">
        <ele>482.2</ele>
      </trkpt>
      <trkpt lat="37.25300361402333" lon="128.14658481627703">
        <ele>481.8</ele>
      </trkpt>
      <trkpt lat="37.25300017744303" lon="128.14660577103496">
        <ele>481.8</ele>
      </trkpt>
      <trkpt lat="37.25299741141498" lon="128.14663133583963">
        <ele>481.6</ele>
      </trkpt>
      <trkpt lat="37.252994142472744" lon="128.14666016958654">
        <ele>481.4</ele>
      </trkpt>
      <trkpt lat="37.25298743695021" lon="128.14668372273445">
        <ele>481.0</ele>
      </trkpt>
      <trkpt lat="37.25297771394253" lon="128.14670115709305">
        <ele>480.8</ele>
      </trkpt>
      <trkpt lat="37.25296715274453" lon="128.14671272411942">
        <ele>480.6</ele>
      </trkpt>
      <trkpt lat="37.25295533426106" lon="128.14672077074647">
        <ele>480.6</ele>
      </trkpt>
      <trkpt lat="37.252941839396954" lon="128.14672789536417">
        <ele>480.6</ele>
      </trkpt>
      <trkpt lat="37.25292759016156" lon="128.14673317596316">
        <ele>480.6</ele>
      </trkpt>
      <trkpt lat="37.252913089469075" lon="128.14673845656216">
        <ele>480.6</ele>
      </trkpt>
      <trkpt lat="37.25289573892951" lon="128.14674273133278">
        <ele>480.2</ele>
      </trkpt>
      <trkpt lat="37.252877382561564" lon="128.1467467546463">
        <ele>479.8</ele>
      </trkpt>
      <trkpt lat="37.25285911001265" lon="128.14675119705498">
        <ele>479.4</ele>
      </trkpt>
      <trkpt lat="37.25283949635923" lon="128.14675530418754">
        <ele>478.8</ele>
      </trkpt>
      <trkpt lat="37.252819715067744" lon="128.14675807021558">
        <ele>478.2</ele>
      </trkpt>
      <trkpt lat="37.252803118899465" lon="128.14676092006266">
        <ele>477.4</ele>
      </trkpt>
      <trkpt lat="37.252787528559566" lon="128.14676645211875">
        <ele>476.8</ele>
      </trkpt>
      <trkpt lat="37.252772860229015" lon="128.14677240327">
        <ele>476.2</ele>
      </trkpt>
      <trkpt lat="37.25275995209813" lon="128.14677969552577">
        <ele>475.6</ele>
      </trkpt>
      <trkpt lat="37.25274511612952" lon="128.14678908325732">
        <ele>475.2</ele>
      </trkpt>
      <trkpt lat="37.252730866894126" lon="128.14679897390306">
        <ele>475.0</ele>
      </trkpt>
      <trkpt lat="37.25271628238261" lon="128.14680919982493">
        <ele>474.8</ele>
      </trkpt>
      <trkpt lat="37.25270077586174" lon="128.1468183360994">
        <ele>474.6</ele>
      </trkpt>
      <trkpt lat="37.252684431150556" lon="128.14682797528803">
        <ele>474.4</ele>
      </trkpt>
      <trkpt lat="37.2526665776968" lon="128.14683912321925">
        <ele>474.2</ele>
      </trkpt>
      <trkpt lat="37.25264696404338" lon="128.14685286954045">
        <ele>473.8</ele>
      </trkpt>
      <trkpt lat="37.25262785330415" lon="128.14686904661357">
        <ele>473.6</ele>
      </trkpt>
      <trkpt lat="37.25260656327009" lon="128.14688715152442">
        <ele>473.2</ele>
      </trkpt>
      <trkpt lat="37.2525838483125" lon="128.14690416678786">
        <ele>472.6</ele>
      </trkpt>
      <trkpt lat="37.25256046280265" lon="128.1469200924039">
        <ele>472.2</ele>
      </trkpt>
      <trkpt lat="37.25253565236926" lon="128.14693241380155">
        <ele>471.8</ele>
      </trkpt>
      <trkpt lat="37.25251033902168" lon="128.1469409633428">
        <ele>471.2</ele>
      </trkpt>
      <trkpt lat="37.25248276256025" lon="128.14694808796048">
        <ele>470.8</ele>
      </trkpt>
      <trkpt lat="37.25245459936559" lon="128.1469550449401">
        <ele>470.2</ele>
      </trkpt>
      <trkpt lat="37.25242509506643" lon="128.14696434885263">
        <ele>469.6</ele>
      </trkpt>
      <trkpt lat="37.25239684805274" lon="128.14697574824095">
        <ele>469.0</ele>
      </trkpt>
      <trkpt lat="37.252371618524194" lon="128.14699167385697">
        <ele>468.2</ele>
      </trkpt>
      <trkpt lat="37.252347227185965" lon="128.14700835384429">
        <ele>467.6</ele>
      </trkpt>
      <trkpt lat="37.25232400931418" lon="128.14702989533544">
        <ele>467.0</ele>
      </trkpt>
      <trkpt lat="37.252298863604665" lon="128.1470554601401">
        <ele>466.6</ele>
      </trkpt>
      <trkpt lat="37.25227522663772" lon="128.14708328805864">
        <ele>465.8</ele>
      </trkpt>
      <trkpt lat="37.25225125439465" lon="128.14711078070104">
        <ele>465.0</ele>
      </trkpt>
      <trkpt lat="37.25222761742771" lon="128.1471323221922">
        <ele>464.4</ele>
      </trkpt>
      <trkpt lat="37.2522038128227" lon="128.1471487507224">
        <ele>464.0</ele>
      </trkpt>
      <trkpt lat="37.25217891857028" lon="128.14716383814812">
        <ele>463.6</ele>
      </trkpt>
      <trkpt lat="37.25215804763138" lon="128.14717800356448">
        <ele>463.4</ele>
      </trkpt>
      <trkpt lat="37.25213969126344" lon="128.14719401299953">
        <ele>463.2</ele>
      </trkpt>
      <trkpt lat="37.2521242685616" lon="128.14721127972007">
        <ele>463.2</ele>
      </trkpt>
      <trkpt lat="37.25211001932621" lon="128.14723139628768">
        <ele>463.0</ele>
      </trkpt>
      <trkpt lat="37.252094596624374" lon="128.1472517643124">
        <ele>462.8</ele>
      </trkpt>
      <trkpt lat="37.25207448005676" lon="128.14727229997516">
        <ele>462.6</ele>
      </trkpt>
      <trkpt lat="37.25205126218498" lon="128.1472888123244">
        <ele>462.2</ele>
      </trkpt>
      <trkpt lat="37.25202494300902" lon="128.14729954116046">
        <ele>461.8</ele>
      </trkpt>
      <trkpt lat="37.25199795328081" lon="128.147306246683">
        <ele>461.2</ele>
      </trkpt>
      <trkpt lat="37.25196970626712" lon="128.1473181489855">
        <ele>460.8</ele>
      </trkpt>
      <trkpt lat="37.251944560557604" lon="128.14733306877315">
        <ele>460.2</ele>
      </trkpt>
      <trkpt lat="37.25192134268582" lon="128.1473498325795">
        <ele>460.0</ele>
      </trkpt>
      <trkpt lat="37.2518982924521" lon="128.147367015481">
        <ele>459.8</ele>
      </trkpt>
      <trkpt lat="37.25187599658966" lon="128.1473852880299">
        <ele>459.6</ele>
      </trkpt>
      <trkpt lat="37.25185059942305" lon="128.14740523695946">
        <ele>459.4</ele>
      </trkpt>
      <trkpt lat="37.25182922556996" lon="128.14742560498416">
        <ele>459.0</ele>
      </trkpt>
      <trkpt lat="37.25181438960135" lon="128.1474479008466">
        <ele>458.4</ele>
      </trkpt>
      <trkpt lat="37.25180642679334" lon="128.14746726304293">
        <ele>458.0</ele>
      </trkpt>
      <trkpt lat="37.25179779343307" lon="128.14748293720186">
        <ele>457.8</ele>
      </trkpt>
      <trkpt lat="37.25178589113057" lon="128.14748947508633">
        <ele>457.8</ele>
      </trkpt>
      <trkpt lat="37.25176904350519" lon="128.14748821780086">
        <ele>458.2</ele>
      </trkpt>
      <trkpt lat="37.25175085477531" lon="128.14748427830637">
        <ele>458.4</ele>
      </trkpt>
      <trkpt lat="37.251728139817715" lon="128.1474783271551">
        <ele>458.4</ele>
      </trkpt>
      <trkpt lat="37.25170198827982" lon="128.14747422002256">
        <ele>458.2</ele>
      </trkpt>
      <trkpt lat="37.25167449563742" lon="128.14747422002256">
        <ele>457.8</ele>
      </trkpt>
      <trkpt lat="37.25164717063308" lon="128.14747991971672">
        <ele>457.4</ele>
      </trkpt>
      <trkpt lat="37.2516168281436" lon="128.14748997800052">
        <ele>457.2</ele>
      </trkpt>
      <trkpt lat="37.25158757530153" lon="128.14750565215945">
        <ele>456.8</ele>
      </trkpt>
      <trkpt lat="37.251559747383" lon="128.147525601089">
        <ele>456.4</ele>
      </trkpt>
      <trkpt lat="37.25153242237866" lon="128.1475491542369">
        <ele>456.0</ele>
      </trkpt>
      <trkpt lat="37.25150803104043" lon="128.1475760601461">
        <ele>455.6</ele>
      </trkpt>
      <trkpt lat="37.25148607045412" lon="128.14760682173073">
        <ele>455.0</ele>
      </trkpt>
      <trkpt lat="37.251467294991016" lon="128.14763934351504">
        <ele>454.6</ele>
      </trkpt>
      <trkpt lat="37.251449190080166" lon="128.14766993746161">
        <ele>454.2</ele>
      </trkpt>
      <trkpt lat="37.25142823532224" lon="128.14769717864692">
        <ele>454.0</ele>
      </trkpt>
      <trkpt lat="37.251406107097864" lon="128.14772165380418">
        <ele>453.8</ele>
      </trkpt>
      <trkpt lat="37.25138280540705" lon="128.14774478785694">
        <ele>453.8</ele>
      </trkpt>
      <trkpt lat="37.2513594198972" lon="128.14777102321386">
        <ele>453.6</ele>
      </trkpt>
      <trkpt lat="37.25133569911122" lon="128.14779868349433">
        <ele>453.4</ele>
      </trkpt>
      <trkpt lat="37.25131013430655" lon="128.1478329654783">
        <ele>453.0</ele>
      </trkpt>
      <trkpt lat="37.25128507241607" lon="128.14786515198648">
        <ele>452.2</ele>
      </trkpt>
      <trkpt lat="37.251261938363314" lon="128.14789264462888">
        <ele>451.8</ele>
      </trkpt>
      <trkpt lat="37.25123846903443" lon="128.1479159463197">
        <ele>451.4</ele>
      </trkpt>
      <trkpt lat="37.25121340714395" lon="128.1479360628873">
        <ele>451.0</ele>
      </trkpt>
      <trkpt lat="37.25118616595864" lon="128.14795416779816">
        <ele>450.8</ele>
      </trkpt>
      <trkpt lat="37.25115917623043" lon="128.147972272709">
        <ele>450.8</ele>
      </trkpt>
      <trkpt lat="37.25113277323544" lon="128.14799029380083">
        <ele>450.6</ele>
      </trkpt>
      <trkpt lat="37.251105615869164" lon="128.1480089854449">
        <ele>450.4</ele>
      </trkpt>
      <trkpt lat="37.251078290864825" lon="128.14802650362253">
        <ele>450.0</ele>
      </trkpt>
      <trkpt lat="37.25105079822242" lon="128.14804351888597">
        <ele>449.6</ele>
      </trkpt>
      <trkpt lat="37.251025065779686" lon="128.14806137233973">
        <ele>449.4</ele>
      </trkpt>
      <trkpt lat="37.25100050680339" lon="128.1480798125267">
        <ele>449.0</ele>
      </trkpt>
      <trkpt lat="37.25097603164613" lon="128.14809875562787">
        <ele>448.6</ele>
      </trkpt>
      <trkpt lat="37.25095231086016" lon="128.1481194589287">
        <ele>448.4</ele>
      </trkpt>
      <trkpt lat="37.250932194292545" lon="128.14814234152436">
        <ele>448.2</ele>
      </trkpt>
      <trkpt lat="37.250912580639124" lon="128.14816765487194">
        <ele>447.8</ele>
      </trkpt>
      <trkpt lat="37.25089414045215" lon="128.14819573424757">
        <ele>447.4</ele>
      </trkpt>
      <trkpt lat="37.25087729282677" lon="128.14822741784155">
        <ele>447.0</ele>
      </trkpt>
      <trkpt lat="37.250863714143634" lon="128.14826630987227">
        <ele>446.4</ele>
      </trkpt>
      <trkpt lat="37.25085482932627" lon="128.1483099795878">
        <ele>445.6</ele>
      </trkpt>
      <trkpt lat="37.25085114128888" lon="128.14835616387427">
        <ele>444.8</ele>
      </trkpt>
      <trkpt lat="37.25084980018437" lon="128.14840192906559">
        <ele>444.0</ele>
      </trkpt>
      <trkpt lat="37.25084401667118" lon="128.1484458502382">
        <ele>443.2</ele>
      </trkpt>
      <trkpt lat="37.250834964215755" lon="128.14848750829697">
        <ele>442.6</ele>
      </trkpt>
      <trkpt lat="37.250829013064504" lon="128.148527238518">
        <ele>442.2</ele>
      </trkpt>
      <trkpt lat="37.2508274205029" lon="128.14856722019613">
        <ele>441.8</ele>
      </trkpt>
      <trkpt lat="37.25082750432193" lon="128.14860275946558">
        <ele>441.4</ele>
      </trkpt>
      <trkpt lat="37.25082867778838" lon="128.1486384663731">
        <ele>441.0</ele>
      </trkpt>
      <trkpt lat="37.25082934834063" lon="128.14867291599512">
        <ele>440.8</ele>
      </trkpt>
      <trkpt lat="37.25082817487419" lon="128.14870870672166">
        <ele>440.6</ele>
      </trkpt>
      <trkpt lat="37.25082792341709" lon="128.1487447489053">
        <ele>440.2</ele>
      </trkpt>
      <trkpt lat="37.25082725286484" lon="128.14878372475505">
        <ele>439.8</ele>
      </trkpt>
      <trkpt lat="37.250827169045806" lon="128.14882596954703">
        <ele>439.2</ele>
      </trkpt>
      <trkpt lat="37.25082700140774" lon="128.14887123182416">
        <ele>438.6</ele>
      </trkpt>
      <trkpt lat="37.250823229551315" lon="128.14891288988292">
        <ele>438.0</ele>
      </trkpt>
      <trkpt lat="37.25081174634397" lon="128.1489487644285">
        <ele>437.4</ele>
      </trkpt>
      <trkpt lat="37.25079674273729" lon="128.1489807832986">
        <ele>436.8</ele>
      </trkpt>
      <trkpt lat="37.25078299641609" lon="128.14901288598776">
        <ele>436.2</ele>
      </trkpt>
      <trkpt lat="37.250771848484874" lon="128.14904641360044">
        <ele>436.0</ele>
      </trkpt>
      <trkpt lat="37.250758269801736" lon="128.1490782648325">
        <ele>435.8</ele>
      </trkpt>
      <trkpt lat="37.25074326619506" lon="128.1491084396839">
        <ele>435.4</ele>
      </trkpt>
      <trkpt lat="37.25072901695967" lon="128.1491337530315">
        <ele>434.8</ele>
      </trkpt>
      <trkpt lat="37.2507151030004" lon="128.14915856346488">
        <ele>434.4</ele>
      </trkpt>
      <trkpt lat="37.250700602307916" lon="128.1491882354021">
        <ele>434.0</ele>
      </trkpt>
      <trkpt lat="37.250682497397065" lon="128.14922302030027">
        <ele>433.2</ele>
      </trkpt>
      <trkpt lat="37.2506633028388" lon="128.1492632534355">
        <ele>432.4</ele>
      </trkpt>
      <trkpt lat="37.2506445273757" lon="128.14930482767522">
        <ele>431.4</ele>
      </trkpt>
      <trkpt lat="37.250626841560006" lon="128.1493462342769">
        <ele>430.4</ele>
      </trkpt>
      <trkpt lat="37.25060907192528" lon="128.14938579685986">
        <ele>429.2</ele>
      </trkpt>
      <trkpt lat="37.25059323012829" lon="128.1494279578328">
        <ele>428.2</ele>
      </trkpt>
      <trkpt lat="37.250578394159675" lon="128.1494688615203">
        <ele>427.4</ele>
      </trkpt>
      <trkpt lat="37.250565653666854" lon="128.1495111901313">
        <ele>426.8</ele>
      </trkpt>
      <trkpt lat="37.25055458955467" lon="128.14955217763782">
        <ele>426.2</ele>
      </trkpt>
      <trkpt lat="37.25054461508989" lon="128.14959383569658">
        <ele>425.6</ele>
      </trkpt>
      <trkpt lat="37.25053472444415" lon="128.1496354099363">
        <ele>425.2</ele>
      </trkpt>
      <trkpt lat="37.25052382797003" lon="128.1496758107096">
        <ele>425.0</ele>
      </trkpt>
      <trkpt lat="37.250511003658175" lon="128.14971461892128">
        <ele>424.8</ele>
      </trkpt>
      <trkpt lat="37.250496251508594" lon="128.14975225366652">
        <ele>424.6</ele>
      </trkpt>
      <trkpt lat="37.25048082880676" lon="128.14978502690792">
        <ele>424.2</ele>
      </trkpt>
      <trkpt lat="37.25046616047621" lon="128.14981210045516">
        <ele>423.8</ele>
      </trkpt>
      <trkpt lat="37.25045249797404" lon="128.14983841963112">
        <ele>423.6</ele>
      </trkpt>
      <trkpt lat="37.2504405118525" lon="128.14986272715032">
        <ele>423.4</ele>
      </trkpt>
      <trkpt lat="37.25043196231127" lon="128.1498885434121">
        <ele>423.2</ele>
      </trkpt>
      <trkpt lat="37.25042634643614" lon="128.14991218037903">
        <ele>423.2</ele>
      </trkpt>
      <trkpt lat="37.25042240694165" lon="128.14993707463145">
        <ele>423.2</ele>
      </trkpt>
      <trkpt lat="37.25042022764683" lon="128.14996163360775">
        <ele>423.2</ele>
      </trkpt>
      <trkpt lat="37.25042022764683" lon="128.14998786896467">
        <ele>423.2</ele>
      </trkpt>
      <trkpt lat="37.250421568751335" lon="128.1500161997974">
        <ele>423.2</ele>
      </trkpt>
      <trkpt lat="37.250426430255175" lon="128.1500429380685">
        <ele>423.2</ele>
      </trkpt>
      <trkpt lat="37.25043397396803" lon="128.15006900578737">
        <ele>423.2</ele>
      </trkpt>
      <trkpt lat="37.25044369697571" lon="128.1500941514969">
        <ele>423.2</ele>
      </trkpt>
      <trkpt lat="37.250455766916275" lon="128.1501163635403">
        <ele>423.2</ele>
      </trkpt>
      <trkpt lat="37.250468926504254" lon="128.1501359771937">
        <ele>423.4</ele>
      </trkpt>
      <trkpt lat="37.250483175739646" lon="128.1501515675336">
        <ele>423.4</ele>
      </trkpt>
      <trkpt lat="37.25050002336502" lon="128.15016355365515">
        <ele>423.6</ele>
      </trkpt>
      <trkpt lat="37.250517373904586" lon="128.1501708459109">
        <ele>423.6</ele>
      </trkpt>
      <trkpt lat="37.25052986294031" lon="128.15017369575799">
        <ele>423.8</ele>
      </trkpt>
      <trkpt lat="37.25053522735834" lon="128.15017101354897">
        <ele>423.8</ele>
      </trkpt>
      <trkpt lat="37.25053070113063" lon="128.15016363747418">
        <ele>423.8</ele>
      </trkpt>
      <trkpt lat="37.25051653571427" lon="128.150152573362">
        <ele>424.0</ele>
      </trkpt>
      <trkpt lat="37.250503124669194" lon="128.15014318563044">
        <ele>424.0</ele>
      </trkpt>
      <trkpt lat="37.25049206055701" lon="128.15013471990824">
        <ele>424.0</ele>
      </trkpt>
      <trkpt lat="37.25048342719674" lon="128.1501277629286">
        <ele>423.8</ele>
      </trkpt>
      <trkpt lat="37.25047814659774" lon="128.15012306906283">
        <ele>423.8</ele>
      </trkpt>
      <trkpt lat="37.25047278217971" lon="128.15011787228286">
        <ele>423.8</ele>
      </trkpt>
      <trkpt lat="37.25050966255367" lon="128.15016053617">
        <ele>424.0</ele>
      </trkpt>
      <trkpt lat="37.25052039138973" lon="128.1501653138548">
        <ele>424.2</ele>
      </trkpt>
      <trkpt lat="37.25053313188255" lon="128.15016958862543">
        <ele>424.2</ele>
      </trkpt>
      <trkpt lat="37.25054528564215" lon="128.15017092972994">
        <ele>424.2</ele>
      </trkpt>
      <trkpt lat="37.25055634975433" lon="128.1501690018922">
        <ele>424.4</ele>
      </trkpt>
      <trkpt lat="37.2505684196949" lon="128.15016145817935">
        <ele>424.4</ele>
      </trkpt>
      <trkpt lat="37.25058023817837" lon="128.1501502264291">
        <ele>424.6</ele>
      </trkpt>
      <trkpt lat="37.250590631738305" lon="128.1501369830221">
        <ele>424.6</ele>
      </trkpt>
      <trkpt lat="37.25059968419373" lon="128.1501227337867">
        <ele>424.8</ele>
      </trkpt>
      <trkpt lat="37.25060890428722" lon="128.15010814927518">
        <ele>425.0</ele>
      </trkpt>
      <trkpt lat="37.2506183758378" lon="128.1500928942114">
        <ele>425.2</ele>
      </trkpt>
      <trkpt lat="37.250627260655165" lon="128.150078561157">
        <ele>425.2</ele>
      </trkpt>
      <trkpt lat="37.250635642558336" lon="128.15006674267352">
        <ele>425.4</ele>
      </trkpt>
      <trkpt lat="37.25064360536635" lon="128.15005651675165">
        <ele>425.4</ele>
      </trkpt>
      <trkpt lat="37.25065190345049" lon="128.15004603937268">
        <ele>425.4</ele>
      </trkpt>
      <trkpt lat="37.2506598662585" lon="128.15003505907953">
        <ele>425.6</ele>
      </trkpt>
      <trkpt lat="37.250667326152325" lon="128.15002382732928">
        <ele>425.6</ele>
      </trkpt>
      <trkpt lat="37.25067428313196" lon="128.1500127632171">
        <ele>425.6</ele>
      </trkpt>
      <trkpt lat="37.25068040192127" lon="128.1500014476478">
        <ele>425.6</ele>
      </trkpt>
      <trkpt lat="37.25068526342511" lon="128.1499884556979">
        <ele>425.6</ele>
      </trkpt>
      <trkpt lat="37.25069020874798" lon="128.1499744579196">
        <ele>425.4</ele>
      </trkpt>
      <trkpt lat="37.25069481879473" lon="128.1499609630555">
        <ele>425.4</ele>
      </trkpt>
      <trkpt lat="37.250701021403074" lon="128.14994688145816">
        <ele>425.2</ele>
      </trkpt>
      <trkpt lat="37.25070554763079" lon="128.1499329674989">
        <ele>425.2</ele>
      </trkpt>
      <trkpt lat="37.25070797838271" lon="128.14991989172995">
        <ele>425.2</ele>
      </trkpt>
      <trkpt lat="37.25070973858237" lon="128.14990882761776">
        <ele>425.4</ele>
      </trkpt>
      <trkpt lat="37.25071158260107" lon="128.14989801496267">
        <ele>425.6</ele>
      </trkpt>
      <trkpt lat="37.250714767724276" lon="128.1498875375837">
        <ele>425.8</ele>
      </trkpt>
      <trkpt lat="37.250718120485544" lon="128.14988133497536">
        <ele>426.2</ele>
      </trkpt>
      <trkpt lat="37.25072247907519" lon="128.1498758867383">
        <ele>426.4</ele>
      </trkpt>
      <trkpt lat="37.25073404610157" lon="128.1498568598181">
        <ele>427.0</ele>
      </trkpt>
      <trkpt lat="37.25073890760541" lon="128.14984856173396">
        <ele>427.0</ele>
      </trkpt>
      <trkpt lat="37.2507446911186" lon="128.14983682706952">
        <ele>427.2</ele>
      </trkpt>
      <trkpt lat="37.25075080990791" lon="128.14982442185283">
        <ele>427.2</ele>
      </trkpt>
      <trkpt lat="37.25075617432594" lon="128.14981168136">
        <ele>427.2</ele>
      </trkpt>
      <trkpt lat="37.25076229311526" lon="128.1497986894101">
        <ele>427.4</ele>
      </trkpt>
      <trkpt lat="37.250768914818764" lon="128.14978611655533">
        <ele>427.4</ele>
      </trkpt>
      <trkpt lat="37.25077511742711" lon="128.14977454952896">
        <ele>427.6</ele>
      </trkpt>
      <trkpt lat="37.250781655311584" lon="128.14976206049323">
        <ele>427.6</ele>
      </trkpt>
      <trkpt lat="37.25078785791993" lon="128.14974923618138">
        <ele>427.8</ele>
      </trkpt>
      <trkpt lat="37.250794814899564" lon="128.1497355736792">
        <ele>428.0</ele>
      </trkpt>
      <trkpt lat="37.25080084986985" lon="128.1497236713767">
        <ele>428.2</ele>
      </trkpt>
      <trkpt lat="37.25080646574497" lon="128.14971134997904">
        <ele>428.2</ele>
      </trkpt>
      <trkpt lat="37.25081216543913" lon="128.14969894476235">
        <ele>428.4</ele>
      </trkpt>
      <trkpt lat="37.25081627257168" lon="128.14968670718372">
        <ele>428.4</ele>
      </trkpt>
      <trkpt lat="37.2508221399039" lon="128.14967178739607">
        <ele>428.4</ele>
      </trkpt>
      <trkpt lat="37.25082683376968" lon="128.1496594659984">
        <ele>428.6</ele>
      </trkpt>
      <trkpt lat="37.250833455473185" lon="128.14964446239173">
        <ele>428.8</ele>
      </trkpt>
      <trkpt lat="37.25084024481475" lon="128.1496303807944">
        <ele>429.0</ele>
      </trkpt>
      <trkpt lat="37.250847704708576" lon="128.14961462281644">
        <ele>429.0</ele>
      </trkpt>
      <trkpt lat="37.25085558369756" lon="128.1495999544859">
        <ele>429.2</ele>
      </trkpt>
      <trkpt lat="37.25086287595332" lon="128.14958637580276">
        <ele>429.4</ele>
      </trkpt>
      <trkpt lat="37.25087117403746" lon="128.14957095310092">
        <ele>429.4</ele>
      </trkpt>
      <trkpt lat="37.25087963975966" lon="128.1495558656752">
        <ele>429.6</ele>
      </trkpt>
      <trkpt lat="37.250887183472514" lon="128.14954061061144">
        <ele>429.6</ele>
      </trkpt>
      <trkpt lat="37.25089338608086" lon="128.1495267804712">
        <ele>429.8</ele>
      </trkpt>
      <trkpt lat="37.25089833140373" lon="128.14951102249324">
        <ele>430.0</ele>
      </trkpt>
      <trkpt lat="37.250902354717255" lon="128.14949409104884">
        <ele>430.4</ele>
      </trkpt>
      <trkpt lat="37.25090503692627" lon="128.1494794227183">
        <ele>430.8</ele>
      </trkpt>
      <trkpt lat="37.25090797059238" lon="128.1494651734829">
        <ele>431.0</ele>
      </trkpt>
      <trkpt lat="37.25091082043946" lon="128.14945218153298">
        <ele>431.4</ele>
      </trkpt>
      <trkpt lat="37.250913586467505" lon="128.14943969249725">
        <ele>431.8</ele>
      </trkpt>
      <trkpt lat="37.25091584958136" lon="128.14942779019475">
        <ele>432.2</ele>
      </trkpt>
      <trkpt lat="37.25091819651425" lon="128.14941479824483">
        <ele>432.6</ele>
      </trkpt>
      <trkpt lat="37.25092113018036" lon="128.14940004609525">
        <ele>433.0</ele>
      </trkpt>
      <trkpt lat="37.25092506967485" lon="128.14938495866954">
        <ele>433.2</ele>
      </trkpt>
      <trkpt lat="37.250930266454816" lon="128.14937087707222">
        <ele>433.4</ele>
      </trkpt>
      <trkpt lat="37.25093428976834" lon="128.1493562925607">
        <ele>433.6</ele>
      </trkpt>
      <trkpt lat="37.2509381454438" lon="128.14934003166854">
        <ele>433.6</ele>
      </trkpt>
      <trkpt lat="37.25094216875732" lon="128.1493240222335">
        <ele>433.6</ele>
      </trkpt>
      <trkpt lat="37.25094577297568" lon="128.1493060849607">
        <ele>433.8</ele>
      </trkpt>
      <trkpt lat="37.250949796289206" lon="128.14928621985018">
        <ele>433.8</ele>
      </trkpt>
      <trkpt lat="37.250953149050474" lon="128.14927163533866">
        <ele>434.0</ele>
      </trkpt>
      <trkpt lat="37.250955663621426" lon="128.14925487153232">
        <ele>434.0</ele>
      </trkpt>
      <trkpt lat="37.250958094373345" lon="128.1492405384779">
        <ele>434.2</ele>
      </trkpt>
      <trkpt lat="37.25096287205815" lon="128.14922503195703">
        <ele>434.2</ele>
      </trkpt>
      <trkpt lat="37.25096949376166" lon="128.1492086034268">
        <ele>434.2</ele>
      </trkpt>
      <trkpt lat="37.25097460672259" lon="128.14919276162982">
        <ele>434.2</ele>
      </trkpt>
      <trkpt lat="37.25097787566483" lon="128.14917717128992">
        <ele>434.2</ele>
      </trkpt>
      <trkpt lat="37.250981479883194" lon="128.14916191622615">
        <ele>434.2</ele>
      </trkpt>
      <trkpt lat="37.25098634138703" lon="128.14914892427623">
        <ele>434.2</ele>
      </trkpt>
      <trkpt lat="37.25099145434797" lon="128.14913727343082">
        <ele>434.2</ele>
      </trkpt>
      <trkpt lat="37.25099707022309" lon="128.1491303164512">
        <ele>434.4</ele>
      </trkpt>
      <trkpt lat="37.25100067444146" lon="128.14912595786154">
        <ele>434.6</ele>
      </trkpt>
      <trkpt lat="37.251002099364996" lon="128.14912419766188">
        <ele>435.0</ele>
      </trkpt>
      <trkpt lat="37.25100561976433" lon="128.14912218600512">
        <ele>435.0</ele>
      </trkpt>
      <trkpt lat="37.25101048126817" lon="128.1491155643016">
        <ele>435.0</ele>
      </trkpt>
      <trkpt lat="37.25101592950523" lon="128.1491089425981">
        <ele>435.2</ele>
      </trkpt>
      <trkpt lat="37.2510227188468" lon="128.14910382963717">
        <ele>435.2</ele>
      </trkpt>
      <trkpt lat="37.25103177130222" lon="128.14909712411463">
        <ele>435.4</ele>
      </trkpt>
      <trkpt lat="37.25104040466249" lon="128.14908924512565">
        <ele>435.6</ele>
      </trkpt>
      <trkpt lat="37.25104828365147" lon="128.149079605937">
        <ele>435.8</ele>
      </trkpt>
      <trkpt lat="37.251057252287865" lon="128.14907013438642">
        <ele>436.2</ele>
      </trkpt>
      <trkpt lat="37.25106814876199" lon="128.14905722625554">
        <ele>436.4</ele>
      </trkpt>
      <trkpt lat="37.25107762031257" lon="128.14904582686722">
        <ele>436.4</ele>
      </trkpt>
      <trkpt lat="37.251088516786695" lon="128.1490328349173">
        <ele>436.6</ele>
      </trkpt>
      <trkpt lat="37.25109899416566" lon="128.14902026206255">
        <ele>436.8</ele>
      </trkpt>
      <trkpt lat="37.251108549535275" lon="128.14900626428425">
        <ele>436.8</ele>
      </trkpt>
      <trkpt lat="37.25111709907651" lon="128.14899218268692">
        <ele>437.0</ele>
      </trkpt>
      <trkpt lat="37.251125732436776" lon="128.14897743053734">
        <ele>437.2</ele>
      </trkpt>
      <trkpt lat="37.251134533435106" lon="128.14896351657808">
        <ele>437.2</ele>
      </trkpt>
      <trkpt lat="37.251142831519246" lon="128.14894708804786">
        <ele>437.4</ele>
      </trkpt>
      <trkpt lat="37.25115096196532" lon="128.14893032424152">
        <ele>437.6</ele>
      </trkpt>
      <trkpt lat="37.25115951150656" lon="128.1489141471684">
        <ele>437.8</ele>
      </trkpt>
      <trkpt lat="37.25116638466716" lon="128.14889897592366">
        <ele>438.0</ele>
      </trkpt>
      <trkpt lat="37.251174096018076" lon="128.14888573251665">
        <ele>438.2</ele>
      </trkpt>
      <trkpt lat="37.25118222646415" lon="128.1488747522235">
        <ele>438.4</ele>
      </trkpt>
      <trkpt lat="37.251190608367324" lon="128.14886519685388">
        <ele>438.6</ele>
      </trkpt>
      <trkpt lat="37.251200499013066" lon="128.14885606057942">
        <ele>438.8</ele>
      </trkpt>
      <trkpt lat="37.25121047347784" lon="128.14884759485722">
        <ele>439.0</ele>
      </trkpt>
      <trkpt lat="37.25122170522809" lon="128.1488382909447">
        <ele>439.2</ele>
      </trkpt>
      <trkpt lat="37.25123251788318" lon="128.14882873557508">
        <ele>439.4</ele>
      </trkpt>
      <trkpt lat="37.25124517455697" lon="128.1488171685487">
        <ele>439.6</ele>
      </trkpt>
      <trkpt lat="37.25125623866916" lon="128.14880610443652">
        <ele>439.6</ele>
      </trkpt>
      <trkpt lat="37.25126755423844" lon="128.14879302866757">
        <ele>439.6</ele>
      </trkpt>
      <trkpt lat="37.25127836689353" lon="128.14877810887992">
        <ele>439.6</ele>
      </trkpt>
      <trkpt lat="37.25128850899637" lon="128.14876419492066">
        <ele>439.4</ele>
      </trkpt>
      <trkpt lat="37.25129630416632" lon="128.14874935895205">
        <ele>439.4</ele>
      </trkpt>
      <trkpt lat="37.25130384787917" lon="128.148733349517">
        <ele>439.4</ele>
      </trkpt>
      <trkpt lat="37.25130854174495" lon="128.1487165018916">
        <ele>439.2</ele>
      </trkpt>
      <trkpt lat="37.251311894506216" lon="128.1486982293427">
        <ele>439.2</ele>
      </trkpt>
      <trkpt lat="37.251314241439104" lon="128.1486797053367">
        <ele>439.2</ele>
      </trkpt>
      <trkpt lat="37.251314828172326" lon="128.14866344444454">
        <ele>439.4</ele>
      </trkpt>
      <trkpt lat="37.2513163369149" lon="128.14864634536207">
        <ele>439.8</ele>
      </trkpt>
      <trkpt lat="37.25131801329553" lon="128.14863259904087">
        <ele>440.0</ele>
      </trkpt>
      <trkpt lat="37.25132119841874" lon="128.14861717633903">
        <ele>440.4</ele>
      </trkpt>
      <trkpt lat="37.25132471881807" lon="128.14860351383686">
        <ele>440.6</ele>
      </trkpt>
      <trkpt lat="37.251327987760305" lon="128.148590689525">
        <ele>440.6</ele>
      </trkpt>
      <trkpt lat="37.25133201107383" lon="128.14857711084187">
        <ele>440.8</ele>
      </trkpt>
      <trkpt lat="37.251336704939604" lon="128.14856193959713">
        <ele>440.8</ele>
      </trkpt>
      <trkpt lat="37.251343159005046" lon="128.14855028875172">
        <ele>440.8</ele>
      </trkpt>
      <trkpt lat="37.25135078653693" lon="128.14853771589696">
        <ele>440.8</ele>
      </trkpt>
      <trkpt lat="37.25135858170688" lon="128.14852472394705">
        <ele>441.0</ele>
      </trkpt>
      <trkpt lat="37.25136721506715" lon="128.14851080998778">
        <ele>441.2</ele>
      </trkpt>
      <trkpt lat="37.25137559697032" lon="128.14849563874304">
        <ele>441.4</ele>
      </trkpt>
      <trkpt lat="37.251385655254126" lon="128.1484818086028">
        <ele>441.6</ele>
      </trkpt>
      <trkpt lat="37.251395378261805" lon="128.14846797846258">
        <ele>441.8</ele>
      </trkpt>
      <trkpt lat="37.2514040954411" lon="128.14845331013203">
        <ele>441.8</ele>
      </trkpt>
      <trkpt lat="37.25141365081072" lon="128.14843696542084">
        <ele>442.0</ele>
      </trkpt>
      <trkpt lat="37.25142245180905" lon="128.14842078834772">
        <ele>442.0</ele>
      </trkpt>
      <trkpt lat="37.251430582255125" lon="128.14840561710298">
        <ele>441.8</ele>
      </trkpt>
      <trkpt lat="37.25143854506314" lon="128.14838809892535">
        <ele>442.0</ele>
      </trkpt>
      <trkpt lat="37.251445669680834" lon="128.14837007783353">
        <ele>442.0</ele>
      </trkpt>
      <trkpt lat="37.251451620832086" lon="128.14835356548429">
        <ele>442.2</ele>
      </trkpt>
      <trkpt lat="37.25145706906915" lon="128.14833755604923">
        <ele>442.4</ele>
      </trkpt>
      <trkpt lat="37.25146209821105" lon="128.14832280389965">
        <ele>442.6</ele>
      </trkpt>
      <trkpt lat="37.251467211171985" lon="128.14831006340683">
        <ele>443.0</ele>
      </trkpt>
      <trkpt lat="37.25147249177098" lon="128.14829690381885">
        <ele>443.4</ele>
      </trkpt>
      <trkpt lat="37.251477940008044" lon="128.1482849176973">
        <ele>443.8</ele>
      </trkpt>
      <trkpt lat="37.25148313678801" lon="128.14827268011868">
        <ele>444.2</ele>
      </trkpt>
      <trkpt lat="37.25148933939636" lon="128.1482595205307">
        <ele>444.6</ele>
      </trkpt>
      <trkpt lat="37.25149663165212" lon="128.14824678003788">
        <ele>444.8</ele>
      </trkpt>
      <trkpt lat="37.25150568410754" lon="128.14823454245925">
        <ele>444.8</ele>
      </trkpt>
      <trkpt lat="37.25151624530554" lon="128.14822297543287">
        <ele>445.0</ele>
      </trkpt>
      <trkpt lat="37.25152797996998" lon="128.14821023494005">
        <ele>445.0</ele>
      </trkpt>
      <trkpt lat="37.251539044082165" lon="128.1482005957514">
        <ele>445.2</ele>
      </trkpt>
      <trkpt lat="37.25155044347048" lon="128.14819087274373">
        <ele>445.2</ele>
      </trkpt>
      <trkpt lat="37.251562010496855" lon="128.14818349666893">
        <ele>445.6</ele>
      </trkpt>
      <trkpt lat="37.25157491862774" lon="128.14817754551768">
        <ele>445.8</ele>
      </trkpt>
      <trkpt lat="37.251592269167304" lon="128.14816958270967">
        <ele>446.0</ele>
      </trkpt>
      <trkpt lat="37.25161322392523" lon="128.14815893769264">
        <ele>446.0</ele>
      </trkpt>
      <trkpt lat="37.251636357977986" lon="128.1481448560953">
        <ele>445.8</ele>
      </trkpt>
      <trkpt lat="37.251657815650105" lon="128.14813043922186">
        <ele>445.8</ele>
      </trkpt>
      <trkpt lat="37.25167944096029" lon="128.14811342395842">
        <ele>445.8</ele>
      </trkpt>
      <trkpt lat="37.25169846788049" lon="128.14809640869498">
        <ele>445.6</ele>
      </trkpt>
      <trkpt lat="37.25171715952456" lon="128.14807553775609">
        <ele>445.8</ele>
      </trkpt>
      <trkpt lat="37.2517339233309" lon="128.14805408008397">
        <ele>446.0</ele>
      </trkpt>
      <trkpt lat="37.25174783729017" lon="128.14803413115442">
        <ele>446.2</ele>
      </trkpt>
      <trkpt lat="37.25175906904042" lon="128.1480156071484">
        <ele>446.6</ele>
      </trkpt>
      <trkpt lat="37.25176929496229" lon="128.14799423329532">
        <ele>446.8</ele>
      </trkpt>
      <trkpt lat="37.25177826359868" lon="128.14797612838447">
        <ele>447.2</ele>
      </trkpt>
      <trkpt lat="37.25178647786379" lon="128.14795869402587">
        <ele>447.4</ele>
      </trkpt>
      <trkpt lat="37.25179377011955" lon="128.14794268459082">
        <ele>447.6</ele>
      </trkpt>
      <trkpt lat="37.251800894737244" lon="128.14792659133673">
        <ele>447.8</ele>
      </trkpt>
      <trkpt lat="37.251808186993" lon="128.1479095760733">
        <ele>448.2</ele>
      </trkpt>
      <trkpt lat="37.25181539542973" lon="128.14789541065693">
        <ele>448.4</ele>
      </trkpt>
      <trkpt lat="37.25182310678065" lon="128.14788199961185">
        <ele>448.8</ele>
      </trkpt>
      <trkpt lat="37.25183190777898" lon="128.14787026494741">
        <ele>449.0</ele>
      </trkpt>
      <trkpt lat="37.25184163078666" lon="128.1478602066636">
        <ele>449.2</ele>
      </trkpt>
      <trkpt lat="37.25185252726078" lon="128.14785241149366">
        <ele>449.4</ele>
      </trkpt>
      <trkpt lat="37.25186375901103" lon="128.14784788526595">
        <ele>449.8</ele>
      </trkpt>
      <trkpt lat="37.25187540985644" lon="128.1478430237621">
        <ele>450.0</ele>
      </trkpt>
      <trkpt lat="37.25188672542572" lon="128.14784050919116">
        <ele>450.4</ele>
      </trkpt>
      <trkpt lat="37.25189854390919" lon="128.14783656969666">
        <ele>450.6</ele>
      </trkpt>
      <trkpt lat="37.25191069766879" lon="128.1478353124112">
        <ele>450.8</ele>
      </trkpt>
      <trkpt lat="37.25192201323807" lon="128.147837491706">
        <ele>451.0</ele>
      </trkpt>
      <trkpt lat="37.25193232297897" lon="128.14784159883857">
        <ele>451.2</ele>
      </trkpt>
      <trkpt lat="37.25194087252021" lon="128.147848052904">
        <ele>451.4</ele>
      </trkpt>
      <trkpt lat="37.25194967351854" lon="128.14785827882588">
        <ele>451.6</ele>
      </trkpt>
      <trkpt lat="37.25195956416428" lon="128.14787026494741">
        <ele>451.6</ele>
      </trkpt>
      <trkpt lat="37.25197079591453" lon="128.1478866096586">
        <ele>451.6</ele>
      </trkpt>
      <trkpt lat="37.25198303349316" lon="128.1479006074369">
        <ele>451.4</ele>
      </trkpt>
      <trkpt lat="37.251994516700506" lon="128.14791393466294">
        <ele>451.4</ele>
      </trkpt>
      <trkpt lat="37.252008179202676" lon="128.1479265075177">
        <ele>451.2</ele>
      </trkpt>
      <trkpt lat="37.252023350447416" lon="128.1479373201728">
        <ele>451.2</ele>
      </trkpt>
      <trkpt lat="37.25204070098698" lon="128.14794628880918">
        <ele>451.0</ele>
      </trkpt>
      <trkpt lat="37.25205972790718" lon="128.14795316196978">
        <ele>451.2</ele>
      </trkpt>
      <trkpt lat="37.25208168849349" lon="128.147953748703">
        <ele>451.2</ele>
      </trkpt>
      <trkpt lat="37.25210012868047" lon="128.14795131795108">
        <ele>451.2</ele>
      </trkpt>
      <trkpt lat="37.25211622193456" lon="128.1479450315237">
        <ele>451.4</ele>
      </trkpt>
      <trkpt lat="37.25212988443673" lon="128.1479360628873">
        <ele>451.4</ele>
      </trkpt>
      <trkpt lat="37.252143463119864" lon="128.14792457967997">
        <ele>451.6</ele>
      </trkpt>
      <trkpt lat="37.25215494632721" lon="128.14791393466294">
        <ele>451.8</ele>
      </trkpt>
      <trkpt lat="37.25216659717262" lon="128.1479016970843">
        <ele>452.0</ele>
      </trkpt>
      <trkpt lat="37.252177745103836" lon="128.14788853749633">
        <ele>452.2</ele>
      </trkpt>
      <trkpt lat="37.25218755193055" lon="128.14787755720317">
        <ele>452.4</ele>
      </trkpt>
      <trkpt lat="37.25219685584307" lon="128.147866493091">
        <ele>452.6</ele>
      </trkpt>
      <trkpt lat="37.25220666266978" lon="128.14785601571202">
        <ele>452.8</ele>
      </trkpt>
      <trkpt lat="37.25221688859165" lon="128.14784503541887">
        <ele>453.0</ele>
      </trkpt>
      <trkpt lat="37.252227533608675" lon="128.1478353124112">
        <ele>453.2</ele>
      </trkpt>
      <trkpt lat="37.25223868153989" lon="128.14782667905092">
        <ele>453.4</ele>
      </trkpt>
      <trkpt lat="37.2522505838424" lon="128.14781854860485">
        <ele>453.6</ele>
      </trkpt>
      <trkpt lat="37.25226139649749" lon="128.14781310036778">
        <ele>453.8</ele>
      </trkpt>
      <trkpt lat="37.25227179005742" lon="128.1478086579591">
        <ele>453.8</ele>
      </trkpt>
      <trkpt lat="37.252282686531544" lon="128.14780455082655">
        <ele>453.8</ele>
      </trkpt>
      <trkpt lat="37.25229416973889" lon="128.14780262298882">
        <ele>454.0</ele>
      </trkpt>
      <trkpt lat="37.252304228022695" lon="128.14780346117914">
        <ele>454.0</ele>
      </trkpt>
      <trkpt lat="37.25231478922069" lon="128.1478086579591">
        <ele>454.0</ele>
      </trkpt>
      <trkpt lat="37.252327278256416" lon="128.14781494438648">
        <ele>454.0</ele>
      </trkpt>
      <trkpt lat="37.25234001874924" lon="128.14782089553773">
        <ele>454.2</ele>
      </trkpt>
      <trkpt lat="37.252355609089136" lon="128.1478258408606">
        <ele>454.2</ele>
      </trkpt>
      <trkpt lat="37.252373211085796" lon="128.14782961271703">
        <ele>454.2</ele>
      </trkpt>
      <trkpt lat="37.25239064544439" lon="128.14783304929733">
        <ele>454.4</ele>
      </trkpt>
      <trkpt lat="37.25240799598396" lon="128.14783439040184">
        <ele>454.4</ele>
      </trkpt>
      <trkpt lat="37.25242459215224" lon="128.14783539623022">
        <ele>454.4</ele>
      </trkpt>
      <trkpt lat="37.252440601587296" lon="128.1478345580399">
        <ele>454.6</ele>
      </trkpt>
      <trkpt lat="37.2524575330317" lon="128.14783237874508">
        <ele>454.8</ele>
      </trkpt>
      <trkpt lat="37.25247513502836" lon="128.14782835543156">
        <ele>455.0</ele>
      </trkpt>
      <trkpt lat="37.252489468082786" lon="128.14782349392772">
        <ele>455.2</ele>
      </trkpt>
      <trkpt lat="37.25250044837594" lon="128.14781888388097">
        <ele>455.6</ele>
      </trkpt>
      <trkpt lat="37.252511428669095" lon="128.14781242981553">
        <ele>455.8</ele>
      </trkpt>
      <trkpt lat="37.252520648762584" lon="128.14780673012137">
        <ele>456.2</ele>
      </trkpt>
      <trkpt lat="37.25252970121801" lon="128.14780144952238">
        <ele>456.6</ele>
      </trkpt>
      <trkpt lat="37.2525386698544" lon="128.14779776148498">
        <ele>457.0</ele>
      </trkpt>
      <trkpt lat="37.25254872813821" lon="128.14779549837112">
        <ele>457.4</ele>
      </trkpt>
      <trkpt lat="37.25256037898362" lon="128.1477933190763">
        <ele>457.8</ele>
      </trkpt>
      <trkpt lat="37.25257094018161" lon="128.14779063686728">
        <ele>458.2</ele>
      </trkpt>
      <trkpt lat="37.25258351303637" lon="128.1477864459157">
        <ele>458.4</ele>
      </trkpt>
      <trkpt lat="37.252595918253064" lon="128.14778217114508">
        <ele>458.8</ele>
      </trkpt>
      <trkpt lat="37.25260857492685" lon="128.1477774772793">
        <ele>459.2</ele>
      </trkpt>
      <trkpt lat="37.25262114778161" lon="128.14777236431837">
        <ele>459.4</ele>
      </trkpt>
      <trkpt lat="37.25263472646475" lon="128.1477674189955">
        <ele>459.6</ele>
      </trkpt>
      <trkpt lat="37.25265048444271" lon="128.14776121638715">
        <ele>459.8</ele>
      </trkpt>
      <trkpt lat="37.252664314582944" lon="128.14775451086462">
        <ele>459.8</ele>
      </trkpt>
      <trkpt lat="37.25267814472318" lon="128.1477478891611">
        <ele>459.8</ele>
      </trkpt>
      <trkpt lat="37.25269013084471" lon="128.1477404292673">
        <ele>459.8</ele>
      </trkpt>
      <trkpt lat="37.25270178169012" lon="128.1477330531925">
        <ele>459.8</ele>
      </trkpt>
      <trkpt lat="37.252713181078434" lon="128.14772534184158">
        <ele>459.8</ele>
      </trkpt>
      <trkpt lat="37.2527234070003" lon="128.14771838486195">
        <ele>460.0</ele>
      </trkpt>
      <trkpt lat="37.252734722569585" lon="128.1477116793394">
        <ele>460.4</ele>
      </trkpt>
      <trkpt lat="37.2527458705008" lon="128.14770564436913">
        <ele>460.4</ele>
      </trkpt>
      <trkpt lat="37.25275634787977" lon="128.14770120196044">
        <ele>460.6</ele>
      </trkpt>
      <trkpt lat="37.25276866927743" lon="128.14769743010402">
        <ele>460.8</ele>
      </trkpt>
      <trkpt lat="37.252779649570584" lon="128.14769566990435">
        <ele>461.2</ele>
      </trkpt>
      <trkpt lat="37.2527910489589" lon="128.14769600518048">
        <ele>461.4</ele>
      </trkpt>
      <trkpt lat="37.25280194543302" lon="128.14769860357046">
        <ele>461.4</ele>
      </trkpt>
      <trkpt lat="37.25281259045005" lon="128.14770312979817">
        <ele>461.6</ele>
      </trkpt>
      <trkpt lat="37.252822229638696" lon="128.14770891331136">
        <ele>461.8</ele>
      </trkpt>
      <trkpt lat="37.252830024808645" lon="128.14771394245327">
        <ele>461.8</ele>
      </trkpt>
      <trkpt lat="37.252838322892785" lon="128.1477185525">
        <ele>462.0</ele>
      </trkpt>
      <trkpt lat="37.25285089574754" lon="128.14772601239383">
        <ele>462.2</ele>
      </trkpt>
      <trkpt lat="37.252860283479095" lon="128.14773162826896">
        <ele>462.4</ele>
      </trkpt>
      <trkpt lat="37.25287268869579" lon="128.14773766323924">
        <ele>462.8</ele>
      </trkpt>
      <trkpt lat="37.252884255722165" lon="128.14774277620018">
        <ele>463.2</ele>
      </trkpt>
      <trkpt lat="37.252894481644034" lon="128.14774805679917">
        <ele>463.6</ele>
      </trkpt>
      <trkpt lat="37.25290504284203" lon="128.1477539241314">
        <ele>464.0</ele>
      </trkpt>
      <trkpt lat="37.25291543640196" lon="128.1477616354823">
        <ele>464.2</ele>
      </trkpt>
      <trkpt lat="37.25292616523802" lon="128.14777102321386">
        <ele>464.4</ele>
      </trkpt>
      <trkpt lat="37.25293530151248" lon="128.14778242260218">
        <ele>464.6</ele>
      </trkpt>
      <trkpt lat="37.25294661708176" lon="128.1477949116379">
        <ele>464.8</ele>
      </trkpt>
      <trkpt lat="37.25295818410814" lon="128.1478107534349">
        <ele>464.8</ele>
      </trkpt>
      <trkpt lat="37.252968745306134" lon="128.14782491885126">
        <ele>464.8</ele>
      </trkpt>
      <trkpt lat="37.252979055047035" lon="128.14783908426762">
        <ele>464.8</ele>
      </trkpt>
      <trkpt lat="37.25299053825438" lon="128.14785467460752">
        <ele>464.8</ele>
      </trkpt>
      <trkpt lat="37.253001518547535" lon="128.1478696782142">
        <ele>464.8</ele>
      </trkpt>
      <trkpt lat="37.25301207974553" lon="128.14788334071636">
        <ele>464.8</ele>
      </trkpt>
      <trkpt lat="37.25302272476256" lon="128.14789733849466">
        <ele>465.0</ele>
      </trkpt>
      <trkpt lat="37.25303051993251" lon="128.14790815114975">
        <ele>465.2</ele>
      </trkpt>
      <trkpt lat="37.25303756073117" lon="128.14791929908097">
        <ele>465.4</ele>
      </trkpt>
      <trkpt lat="37.253044014796615" lon="128.14793162047863">
        <ele>465.6</ele>
      </trkpt>
      <trkpt lat="37.25304812192917" lon="128.14794461242855">
        <ele>465.8</ele>
      </trkpt>
      <trkpt lat="37.25305147469044" lon="128.14795802347362">
        <ele>466.0</ele>
      </trkpt>
      <trkpt lat="37.253053737804294" lon="128.14797269180417">
        <ele>466.4</ele>
      </trkpt>
      <trkpt lat="37.253055330365896" lon="128.14798593521118">
        <ele>466.6</ele>
      </trkpt>
      <trkpt lat="37.25305742584169" lon="128.14800068736076">
        <ele>466.8</ele>
      </trkpt>
      <trkpt lat="37.253059605136514" lon="128.14801686443388">
        <ele>467.0</ele>
      </trkpt>
      <trkpt lat="37.25306103006005" lon="128.1480319518596">
        <ele>467.2</ele>
      </trkpt>
      <trkpt lat="37.25306144915521" lon="128.14804796129465">
        <ele>467.4</ele>
      </trkpt>
      <trkpt lat="37.25306153297424" lon="128.14806673675776">
        <ele>467.2</ele>
      </trkpt>
      <trkpt lat="37.25306094624102" lon="128.14808660186827">
        <ele>467.2</ele>
      </trkpt>
      <trkpt lat="37.25305952131748" lon="128.14810738898814">
        <ele>467.0</ele>
      </trkpt>
      <trkpt lat="37.25305943749845" lon="128.14812943339348">
        <ele>466.8</ele>
      </trkpt>
      <trkpt lat="37.253060191869736" lon="128.14814913086593">
        <ele>466.6</ele>
      </trkpt>
      <trkpt lat="37.25306279025972" lon="128.1481685768813">
        <ele>466.2</ele>
      </trkpt>
      <trkpt lat="37.25306681357324" lon="128.14818969927728">
        <ele>466.0</ele>
      </trkpt>
      <trkpt lat="37.253073770552874" lon="128.14820998348296">
        <ele>465.8</ele>
      </trkpt>
      <trkpt lat="37.253083074465394" lon="128.14822875894606">
        <ele>465.4</ele>
      </trkpt>
      <trkpt lat="37.253094306215644" lon="128.14824476838112">
        <ele>465.2</ele>
      </trkpt>
      <trkpt lat="37.25310696288943" lon="128.1482592690736">
        <ele>465.0</ele>
      </trkpt>
      <trkpt lat="37.2531206253916" lon="128.14827083609998">
        <ele>464.8</ele>
      </trkpt>
      <trkpt lat="37.25313512608409" lon="128.14827930182219">
        <ele>464.6</ele>
      </trkpt>
      <trkpt lat="37.25315172225237" lon="128.14828759990633">
        <ele>464.4</ele>
      </trkpt>
      <trkpt lat="37.253169072791934" lon="128.14829472452402">
        <ele>464.4</ele>
      </trkpt>
      <trkpt lat="37.25318608805537" lon="128.14829950220883">
        <ele>464.4</ele>
      </trkpt>
      <trkpt lat="37.253202851861715" lon="128.14830344170332">
        <ele>464.4</ele>
      </trkpt>
      <trkpt lat="37.253218442201614" lon="128.14830637536943">
        <ele>464.6</ele>
      </trkpt>
      <trkpt lat="37.253233194351196" lon="128.14830821938813">
        <ele>464.6</ele>
      </trkpt>
      <trkpt lat="37.25324786268175" lon="128.1483083870262">
        <ele>465.0</ele>
      </trkpt>
      <trkpt lat="37.25326186046004" lon="128.14830956049263">
        <ele>465.2</ele>
      </trkpt>
      <trkpt lat="37.253276109695435" lon="128.14831115305424">
        <ele>465.4</ele>
      </trkpt>
      <trkpt lat="37.25328868255019" lon="128.14831190742552">
        <ele>465.6</ele>
      </trkpt>
      <trkpt lat="37.253302093595266" lon="128.14831274561584">
        <ele>465.8</ele>
      </trkpt>
      <trkpt lat="37.25331416353583" lon="128.14831257797778">
        <ele>466.2</ele>
      </trkpt>
      <trkpt lat="37.25332564674318" lon="128.14831324853003">
        <ele>466.4</ele>
      </trkpt>
      <trkpt lat="37.25333754904568" lon="128.14831375144422">
        <ele>466.6</ele>
      </trkpt>
      <trkpt lat="37.25334735587239" lon="128.14831433817744">
        <ele>466.8</ele>
      </trkpt>
      <trkpt lat="37.253358671441674" lon="128.14831433817744">
        <ele>467.2</ele>
      </trkpt>
      <trkpt lat="37.25336981937289" lon="128.14831391908228">
        <ele>467.4</ele>
      </trkpt>
      <trkpt lat="37.25338088348508" lon="128.14831098541617">
        <ele>467.8</ele>
      </trkpt>
      <trkpt lat="37.25339219905436" lon="128.14830855466425">
        <ele>468.2</ele>
      </trkpt>
      <trkpt lat="37.25340544246137" lon="128.14830486662686">
        <ele>468.6</ele>
      </trkpt>
      <trkpt lat="37.25341700948775" lon="128.14830193296075">
        <ele>468.8</ele>
      </trkpt>
      <trkpt lat="37.25342874415219" lon="128.1482994183898">
        <ele>469.2</ele>
      </trkpt>
      <trkpt lat="37.253440814092755" lon="128.1482954788953">
        <ele>469.4</ele>
      </trkpt>
      <trkpt lat="37.25345313549042" lon="128.14829162321985">
        <ele>469.8</ele>
      </trkpt>
      <trkpt lat="37.25346436724067" lon="128.14828793518245">
        <ele>470.0</ele>
      </trkpt>
      <trkpt lat="37.25347576662898" lon="128.148284079507">
        <ele>470.4</ele>
      </trkpt>
      <trkpt lat="37.253488674759865" lon="128.14828022383153">
        <ele>470.6</ele>
      </trkpt>
      <trkpt lat="37.25350099615753" lon="128.14827796071768">
        <ele>471.0</ele>
      </trkpt>
      <trkpt lat="37.25351273082197" lon="128.1482756137848">
        <ele>471.2</ele>
      </trkpt>
      <trkpt lat="37.25352513603866" lon="128.14827343448997">
        <ele>471.6</ele>
      </trkpt>
      <trkpt lat="37.25353779271245" lon="128.148270919919">
        <ele>472.0</ele>
      </trkpt>
      <trkpt lat="37.25354994647205" lon="128.14826807007194">
        <ele>472.2</ele>
      </trkpt>
      <trkpt lat="37.25356184877455" lon="128.14826580695808">
        <ele>472.4</ele>
      </trkpt>
      <trkpt lat="37.25357484072447" lon="128.14826413057745">
        <ele>472.6</ele>
      </trkpt>
      <trkpt lat="37.25358800031245" lon="128.1482627056539">
        <ele>472.8</ele>
      </trkpt>
      <trkpt lat="37.25359839387238" lon="128.14826396293938">
        <ele>473.0</ele>
      </trkpt>
      <trkpt lat="37.25360627286136" lon="128.14826739951968">
        <ele>473.2</ele>
      </trkpt>
      <trkpt lat="37.25361591205001" lon="128.14826974645257">
        <ele>473.2</ele>
      </trkpt>
      <trkpt lat="37.25362622179091" lon="128.14827309921384">
        <ele>473.4</ele>
      </trkpt>
      <trkpt lat="37.25363753736019" lon="128.1482769548893">
        <ele>473.6</ele>
      </trkpt>
      <trkpt lat="37.25364826619625" lon="128.14828055910766">
        <ele>473.6</ele>
      </trkpt>
      <trkpt lat="37.253660168498755" lon="128.14828324131668">
        <ele>473.8</ele>
      </trkpt>
      <trkpt lat="37.253672406077385" lon="128.14828508533537">
        <ele>473.8</ele>
      </trkpt>
      <trkpt lat="37.25368447601795" lon="128.14828709699214">
        <ele>474.0</ele>
      </trkpt>
      <trkpt lat="37.25369855761528" lon="128.14828919246793">
        <ele>474.2</ele>
      </trkpt>
      <trkpt lat="37.253713896498084" lon="128.1482904497534">
        <ele>474.4</ele>
      </trkpt>
      <trkpt lat="37.25373074412346" lon="128.14829212613404">
        <ele>474.6</ele>
      </trkpt>
      <trkpt lat="37.2537443228066" lon="128.14829313196242">
        <ele>474.8</ele>
      </trkpt>
      <trkpt lat="37.253757482394576" lon="128.1482917908579">
        <ele>475.0</ele>
      </trkpt>
      <trkpt lat="37.253769217059016" lon="128.14828986302018">
        <ele>475.2</ele>
      </trkpt>
      <trkpt lat="37.25378505885601" lon="128.14828843809664">
        <ele>475.4</ele>
      </trkpt>
      <trkpt lat="37.25380131974816" lon="128.14828827045858">
        <ele>475.8</ele>
      </trkpt>
      <trkpt lat="37.25381481461227" lon="128.14828718081117">
        <ele>476.0</ele>
      </trkpt>
      <trkpt lat="37.25382755510509" lon="128.14828575588763">
        <ele>476.2</ele>
      </trkpt>
      <trkpt lat="37.25384113378823" lon="128.1482859235257">
        <ele>476.4</ele>
      </trkpt>
      <trkpt lat="37.253857059404254" lon="128.1482865102589">
        <ele>476.6</ele>
      </trkpt>
      <trkpt lat="37.25387114100158" lon="128.14828759990633">
        <ele>476.8</ele>
      </trkpt>
      <trkpt lat="37.253887904807925" lon="128.14828734844923">
        <ele>477.0</ele>
      </trkpt>
      <trkpt lat="37.253901064395905" lon="128.14828718081117">
        <ele>477.4</ele>
      </trkpt>
      <trkpt lat="37.2539169061929" lon="128.14828600734472">
        <ele>477.6</ele>
      </trkpt>
      <trkpt lat="37.253930401057005" lon="128.14828424714506">
        <ele>477.8</ele>
      </trkpt>
      <trkpt lat="37.25394532084465" lon="128.1482833251357">
        <ele>478.0</ele>
      </trkpt>
      <trkpt lat="37.253958312794566" lon="128.14828257076442">
        <ele>478.2</ele>
      </trkpt>
      <trkpt lat="37.2539705503732" lon="128.14828139729798">
        <ele>478.4</ele>
      </trkpt>
      <trkpt lat="37.253983207046986" lon="128.1482796370983">
        <ele>478.6</ele>
      </trkpt>
      <trkpt lat="37.25399561226368" lon="128.14827787689865">
        <ele>478.8</ele>
      </trkpt>
      <trkpt lat="37.25400877185166" lon="128.14827754162252">
        <ele>478.8</ele>
      </trkpt>
      <trkpt lat="37.254021344706416" lon="128.14827703870833">
        <ele>479.0</ele>
      </trkpt>
      <trkpt lat="37.25403408519924" lon="128.14827611669898">
        <ele>479.0</ele>
      </trkpt>
      <trkpt lat="37.254047244787216" lon="128.14827502705157">
        <ele>479.2</ele>
      </trkpt>
      <trkpt lat="37.25405956618488" lon="128.148273518309">
        <ele>479.4</ele>
      </trkpt>
      <trkpt lat="37.254072139039636" lon="128.14827209338546">
        <ele>479.6</ele>
      </trkpt>
      <trkpt lat="37.25408504717052" lon="128.14826890826225">
        <ele>479.8</ele>
      </trkpt>
      <trkpt lat="37.25409870967269" lon="128.14826513640583">
        <ele>480.0</ele>
      </trkpt>
      <trkpt lat="37.254111198708415" lon="128.14826094545424">
        <ele>480.2</ele>
      </trkpt>
      <trkpt lat="37.25412368774414" lon="128.1482565868646">
        <ele>480.6</ele>
      </trkpt>
      <trkpt lat="37.254134584218264" lon="128.14825348556042">
        <ele>480.8</ele>
      </trkpt>
      <trkpt lat="37.254143888130784" lon="128.14825390465558">
        <ele>481.2</ele>
      </trkpt>
      <trkpt lat="37.25415201857686" lon="128.14825465902686">
        <ele>481.4</ele>
      </trkpt>
      <trkpt lat="37.2541621606797" lon="128.14825541339815">
        <ele>481.8</ele>
      </trkpt>
      <trkpt lat="37.2541740629822" lon="128.1482558324933">
        <ele>482.2</ele>
      </trkpt>
      <trkpt lat="37.254183534532785" lon="128.1482579279691">
        <ele>482.8</ele>
      </trkpt>
      <trkpt lat="37.254193844273686" lon="128.14825893379748">
        <ele>483.2</ele>
      </trkpt>
      <trkpt lat="37.25420583039522" lon="128.14825759269297">
        <ele>483.6</ele>
      </trkpt>
      <trkpt lat="37.25422075018287" lon="128.1482560839504">
        <ele>483.8</ele>
      </trkpt>
      <trkpt lat="37.25423784926534" lon="128.14825507812202">
        <ele>484.0</ele>
      </trkpt>
      <trkpt lat="37.25425654090941" lon="128.14825625158846">
        <ele>484.0</ele>
      </trkpt>
      <trkpt lat="37.25427464582026" lon="128.14825725741684">
        <ele>483.8</ele>
      </trkpt>
      <trkpt lat="37.25429283455014" lon="128.1482574250549">
        <ele>483.8</ele>
      </trkpt>
      <trkpt lat="37.254311526194215" lon="128.14825507812202">
        <ele>483.8</ele>
      </trkpt>
      <trkpt lat="37.25432887673378" lon="128.1482505518943">
        <ele>483.8</ele>
      </trkpt>
      <trkpt lat="37.25434337742627" lon="128.14824585802853">
        <ele>484.0</ele>
      </trkpt>
      <trkpt lat="37.25435787811875" lon="128.1482402421534">
        <ele>484.2</ele>
      </trkpt>
      <trkpt lat="37.254370618611574" lon="128.14823169261217">
        <ele>484.2</ele>
      </trkpt>
      <trkpt lat="37.25438117980957" lon="128.1482217181474">
        <ele>484.4</ele>
      </trkpt>
      <trkpt lat="37.25439056754112" lon="128.1482072174549">
        <ele>484.4</ele>
      </trkpt>
      <trkpt lat="37.25439878180623" lon="128.14819280058146">
        <ele>484.6</ele>
      </trkpt>
      <trkpt lat="37.25440280511975" lon="128.14817721024156">
        <ele>484.8</ele>
      </trkpt>
      <trkpt lat="37.254404816776514" lon="128.14816296100616">
        <ele>485.0</ele>
      </trkpt>
      <trkpt lat="37.25440364331007" lon="128.14814980141819">
        <ele>485.4</ele>
      </trkpt>
      <trkpt lat="37.25439576432109" lon="128.14813815057278">
        <ele>485.6</ele>
      </trkpt>
      <trkpt lat="37.25438939407468" lon="128.14812985248864">
        <ele>486.0</ele>
      </trkpt>
      <trkpt lat="37.254385370761156" lon="128.14812281168997">
        <ele>486.4</ele>
      </trkpt>
      <trkpt lat="37.25438277237117" lon="128.14811350777745">
        <ele>486.8</ele>
      </trkpt>
      <trkpt lat="37.254381934180856" lon="128.1481030303985">
        <ele>487.2</ele>
      </trkpt>
      <trkpt lat="37.25438226945698" lon="128.14809028990567">
        <ele>487.4</ele>
      </trkpt>
      <trkpt lat="37.25438570603728" lon="128.1480803154409">
        <ele>487.8</ele>
      </trkpt>
      <trkpt lat="37.25439056754112" lon="128.1480734422803">
        <ele>488.0</ele>
      </trkpt>
      <trkpt lat="37.25439593195915" lon="128.1480702571571">
        <ele>488.4</ele>
      </trkpt>
      <trkpt lat="37.25440423004329" lon="128.14806623384356">
        <ele>488.8</ele>
      </trkpt>
      <trkpt lat="37.25441303104162" lon="128.14805977977812">
        <ele>489.2</ele>
      </trkpt>
      <trkpt lat="37.25442166440189" lon="128.1480557564646">
        <ele>489.4</ele>
      </trkpt>
      <trkpt lat="37.254428872838616" lon="128.14805273897946">
        <ele>489.8</ele>
      </trkpt>
      <trkpt lat="37.25443633273244" lon="128.14805131405592">
        <ele>490.0</ele>
      </trkpt>
      <trkpt lat="37.25444454699755" lon="128.14805198460817">
        <ele>490.4</ele>
      </trkpt>
      <trkpt lat="37.25445343181491" lon="128.14805273897946">
        <ele>490.6</ele>
      </trkpt>
      <trkpt lat="37.25446172989905" lon="128.1480539124459">
        <ele>490.8</ele>
      </trkpt>
      <trkpt lat="37.25446994416416" lon="128.1480562593788">
        <ele>491.2</ele>
      </trkpt>
      <trkpt lat="37.2544798348099" lon="128.1480605341494">
        <ele>491.4</ele>
      </trkpt>
      <trkpt lat="37.254491820931435" lon="128.1480660662055">
        <ele>491.6</ele>
      </trkpt>
      <trkpt lat="37.254506070166826" lon="128.14807168208063">
        <ele>491.6</ele>
      </trkpt>
      <trkpt lat="37.25452375598252" lon="128.14807905815542">
        <ele>491.8</ele>
      </trkpt>
      <trkpt lat="37.254541609436274" lon="128.14808593131602">
        <ele>492.0</ele>
      </trkpt>
      <trkpt lat="37.25455711595714" lon="128.14809054136276">
        <ele>492.0</ele>
      </trkpt>
      <trkpt lat="37.25457362830639" lon="128.14809364266694">
        <ele>492.2</ele>
      </trkpt>
      <trkpt lat="37.2545887157321" lon="128.1480951514095">
        <ele>492.2</ele>
      </trkpt>
      <trkpt lat="37.25460539571941" lon="128.1480959057808">
        <ele>492.4</ele>
      </trkpt>
      <trkpt lat="37.25462400354445" lon="128.14809414558113">
        <ele>492.4</ele>
      </trkpt>
      <trkpt lat="37.254640348255634" lon="128.1480914633721">
        <ele>492.6</ele>
      </trkpt>
      <trkpt lat="37.254656022414565" lon="128.14808785915375">
        <ele>492.6</ele>
      </trkpt>
      <trkpt lat="37.25467236712575" lon="128.14808308146894">
        <ele>492.6</ele>
      </trkpt>
      <trkpt lat="37.254688208922744" lon="128.14807863906026">
        <ele>492.6</ele>
      </trkpt>
      <trkpt lat="37.25470229052007" lon="128.14807411283255">
        <ele>492.8</ele>
      </trkpt>
      <trkpt lat="37.25471645593643" lon="128.14806883223355">
        <ele>492.8</ele>
      </trkpt>
      <trkpt lat="37.25473003461957" lon="128.14806405454874">
        <ele>493.0</ele>
      </trkpt>
      <trkpt lat="37.254742523655295" lon="128.14805927686393">
        <ele>493.2</ele>
      </trkpt>
      <trkpt lat="37.25475459359586" lon="128.14805357716978">
        <ele>493.4</ele>
      </trkpt>
      <trkpt lat="37.25476775318384" lon="128.14804796129465">
        <ele>493.4</ele>
      </trkpt>
      <trkpt lat="37.25478040985763" lon="128.148043602705">
        <ele>493.6</ele>
      </trkpt>
      <trkpt lat="37.254791390150785" lon="128.14803890883923">
        <ele>494.0</ele>
      </trkpt>
      <trkpt lat="37.25480295717716" lon="128.1480362266302">
        <ele>494.2</ele>
      </trkpt>
      <trkpt lat="37.25481368601322" lon="128.14803346060216">
        <ele>494.4</ele>
      </trkpt>
      <trkpt lat="37.25482198409736" lon="128.14803253859282">
        <ele>494.8</ele>
      </trkpt>
      <trkpt lat="37.254830449819565" lon="128.14803136512637">
        <ele>495.2</ele>
      </trkpt>
      <trkpt lat="37.25484050810337" lon="128.14802994020283">
        <ele>495.4</ele>
      </trkpt>
      <trkpt lat="37.25484721362591" lon="128.14803027547896">
        <ele>495.8</ele>
      </trkpt>
      <trkpt lat="37.25485425442457" lon="128.14803052693605">
        <ele>496.2</ele>
      </trkpt>
      <trkpt lat="37.25486330688" lon="128.1480322033167">
        <ele>496.6</ele>
      </trkpt>
      <trkpt lat="37.2548733651638" lon="128.14803320914507">
        <ele>497.0</ele>
      </trkpt>
      <trkpt lat="37.2548855189234" lon="128.14803371205926">
        <ele>497.4</ele>
      </trkpt>
      <trkpt lat="37.25489960052073" lon="128.14803245477378">
        <ele>497.8</ele>
      </trkpt>
      <trkpt lat="37.2549166996032" lon="128.14802918583155">
        <ele>498.0</ele>
      </trkpt>
      <trkpt lat="37.25493128411472" lon="128.14802709035575">
        <ele>498.2</ele>
      </trkpt>
      <trkpt lat="37.25494938902557" lon="128.1480243243277">
        <ele>498.2</ele>
      </trkpt>
      <trkpt lat="37.254966739565134" lon="128.1480200495571">
        <ele>498.2</ele>
      </trkpt>
      <trkpt lat="37.25498274900019" lon="128.1480156071484">
        <ele>498.2</ele>
      </trkpt>
      <trkpt lat="37.254998004063964" lon="128.1480103265494">
        <ele>498.2</ele>
      </trkpt>
      <trkpt lat="37.25501107983291" lon="128.14800454303622">
        <ele>498.2</ele>
      </trkpt>
      <trkpt lat="37.25502423942089" lon="128.147998675704">
        <ele>498.4</ele>
      </trkpt>
      <trkpt lat="37.25503890775144" lon="128.1479920540005">
        <ele>498.6</ele>
      </trkpt>
      <trkpt lat="37.25505433045328" lon="128.14798551611602">
        <ele>498.8</ele>
      </trkpt>
      <trkpt lat="37.25506950169802" lon="128.1479785591364">
        <ele>499.2</ele>
      </trkpt>
      <trkpt lat="37.25508090108633" lon="128.14797319471836">
        <ele>499.4</ele>
      </trkpt>
      <trkpt lat="37.25509305484593" lon="128.14796657301486">
        <ele>499.8</ele>
      </trkpt>
      <trkpt lat="37.255105040967464" lon="128.14795819111168">
        <ele>500.0</ele>
      </trkpt>
      <trkpt lat="37.255114344879985" lon="128.14794972538948">
        <ele>500.2</ele>
      </trkpt>
      <trkpt lat="37.25512339733541" lon="128.14794100821018">
        <ele>500.6</ele>
      </trkpt>
      <trkpt lat="37.255132449790835" lon="128.1479315366596">
        <ele>500.8</ele>
      </trkpt>
      <trkpt lat="37.255139825865626" lon="128.14792164601386">
        <ele>501.0</ele>
      </trkpt>
      <trkpt lat="37.2551445197314" lon="128.14791083335876">
        <ele>501.4</ele>
      </trkpt>
      <trkpt lat="37.25515063852072" lon="128.14790052361786">
        <ele>501.6</ele>
      </trkpt>
      <trkpt lat="37.25515566766262" lon="128.14789197407663">
        <ele>501.8</ele>
      </trkpt>
      <trkpt lat="37.255160780623555" lon="128.1478834245354">
        <ele>502.0</ele>
      </trkpt>
      <trkpt lat="37.25516597740352" lon="128.14787378534675">
        <ele>502.4</ele>
      </trkpt>
      <trkpt lat="37.25517134182155" lon="128.1478657387197">
        <ele>502.6</ele>
      </trkpt>
      <trkpt lat="37.25517704151571" lon="128.14785693772137">
        <ele>503.0</ele>
      </trkpt>
      <trkpt lat="37.25518248975277" lon="128.14784771762788">
        <ele>503.2</ele>
      </trkpt>
      <trkpt lat="37.25518835708499" lon="128.14783489331603">
        <ele>503.6</ele>
      </trkpt>
      <trkpt lat="37.25519238039851" lon="128.1478247512132">
        <ele>504.0</ele>
      </trkpt>
      <trkpt lat="37.25519573315978" lon="128.14781611785293">
        <ele>504.2</ele>
      </trkpt>
      <trkpt lat="37.25520017556846" lon="128.1478078197688">
        <ele>504.4</ele>
      </trkpt>
      <trkpt lat="37.25520201958716" lon="128.14780346117914">
        <ele>504.8</ele>
      </trkpt>
      <trkpt lat="37.255202773958445" lon="128.14780513755977">
        <ele>505.0</ele>
      </trkpt>
      <trkpt lat="37.255208222195506" lon="128.14780287444592">
        <ele>506.0</ele>
      </trkpt>
      <trkpt lat="37.25521082058549" lon="128.14779943786561">
        <ele>506.2</ele>
      </trkpt>
      <trkpt lat="37.25522322580218" lon="128.14779105596244">
        <ele>506.4</ele>
      </trkpt>
      <trkpt lat="37.25523236207664" lon="128.14778812229633">
        <ele>506.6</ele>
      </trkpt>
      <trkpt lat="37.255243342369795" lon="128.14778770320117">
        <ele>506.6</ele>
      </trkpt>
      <trkpt lat="37.25525734014809" lon="128.14778761938214">
        <ele>506.8</ele>
      </trkpt>
      <trkpt lat="37.255270751193166" lon="128.14778585918248">
        <ele>506.8</ele>
      </trkpt>
      <trkpt lat="37.255286173895" lon="128.14778401516378">
        <ele>507.0</ele>
      </trkpt>
      <trkpt lat="37.2552999202162" lon="128.147781919688">
        <ele>507.0</ele>
      </trkpt>
      <trkpt lat="37.25531291216612" lon="128.14777856692672">
        <ele>507.2</ele>
      </trkpt>
      <trkpt lat="37.25532506592572" lon="128.14777554944158">
        <ele>507.4</ele>
      </trkpt>
      <trkpt lat="37.255337722599506" lon="128.14776984974742">
        <ele>507.6</ele>
      </trkpt>
      <trkpt lat="37.25535121746361" lon="128.14776415005326">
        <ele>507.8</ele>
      </trkpt>
      <trkpt lat="37.255363119766116" lon="128.1477592047304">
        <ele>508.0</ele>
      </trkpt>
      <trkpt lat="37.25537493824959" lon="128.14775434322655">
        <ele>508.4</ele>
      </trkpt>
      <trkpt lat="37.25538684055209" lon="128.1477494817227">
        <ele>508.6</ele>
      </trkpt>
      <trkpt lat="37.255397737026215" lon="128.14774420112371">
        <ele>509.0</ele>
      </trkpt>
      <trkpt lat="37.255409052595496" lon="128.14773766323924">
        <ele>509.2</ele>
      </trkpt>
      <trkpt lat="37.25541885942221" lon="128.1477307062596">
        <ele>509.4</ele>
      </trkpt>
      <trkpt lat="37.25542916916311" lon="128.14772425219417">
        <ele>509.6</ele>
      </trkpt>
      <trkpt lat="37.255438305437565" lon="128.14772056415677">
        <ele>510.0</ele>
      </trkpt>
      <trkpt lat="37.25544995628297" lon="128.14771528355777">
        <ele>510.2</ele>
      </trkpt>
      <trkpt lat="37.25546001456678" lon="128.14771025441587">
        <ele>510.6</ele>
      </trkpt>
      <trkpt lat="37.255470491945744" lon="128.147705309093">
        <ele>511.0</ele>
      </trkpt>
      <trkpt lat="37.25548247806728" lon="128.14769885502756">
        <ele>511.4</ele>
      </trkpt>
      <trkpt lat="37.255491530522704" lon="128.14769466407597">
        <ele>511.8</ele>
      </trkpt>
      <trkpt lat="37.2555020917207" lon="128.1476897187531">
        <ele>512.0</ele>
      </trkpt>
      <trkpt lat="37.25551198236644" lon="128.1476844381541">
        <ele>512.2</ele>
      </trkpt>
      <trkpt lat="37.25552262738347" lon="128.14767882227898">
        <ele>512.4</ele>
      </trkpt>
      <trkpt lat="37.25553427822888" lon="128.14767312258482">
        <ele>512.6</ele>
      </trkpt>
      <trkpt lat="37.25554550997913" lon="128.1476672552526">
        <ele>512.6</ele>
      </trkpt>
      <trkpt lat="37.255556993186474" lon="128.14766348339617">
        <ele>512.8</ele>
      </trkpt>
      <trkpt lat="37.25556512363255" lon="128.14766105264425">
        <ele>513.0</ele>
      </trkpt>
      <trkpt lat="37.25557484664023" lon="128.14765887334943">
        <ele>513.2</ele>
      </trkpt>
      <trkpt lat="37.255584402009845" lon="128.1476561911404">
        <ele>513.4</ele>
      </trkpt>
      <trkpt lat="37.25559236481786" lon="128.14765359275043">
        <ele>513.6</ele>
      </trkpt>
      <trkpt lat="37.255599992349744" lon="128.14765107817948">
        <ele>513.8</ele>
      </trkpt>
      <trkpt lat="37.255604434758425" lon="128.14764948561788">
        <ele>514.0</ele>
      </trkpt>
      <trkpt lat="37.25561298429966" lon="128.14764621667564">
        <ele>514.2</ele>
      </trkpt>
      <trkpt lat="37.25562186911702" lon="128.14764286391437">
        <ele>514.6</ele>
      </trkpt>
      <trkpt lat="37.25563117302954" lon="128.1476408522576">
        <ele>514.8</ele>
      </trkpt>
      <trkpt lat="37.25564173422754" lon="128.14763892441988">
        <ele>515.0</ele>
      </trkpt>
      <trkpt lat="37.25565254688263" lon="128.14763624221087">
        <ele>515.2</ele>
      </trkpt>
      <trkpt lat="37.255663610994816" lon="128.14763406291604">
        <ele>515.4</ele>
      </trkpt>
      <trkpt lat="37.25567568093538" lon="128.1476328894496">
        <ele>515.6</ele>
      </trkpt>
      <trkpt lat="37.25568775087595" lon="128.14763205125928">
        <ele>515.6</ele>
      </trkpt>
      <trkpt lat="37.255700239911675" lon="128.14763221889734">
        <ele>515.8</ele>
      </trkpt>
      <trkpt lat="37.25571281276643" lon="128.14763096161187">
        <ele>516.0</ele>
      </trkpt>
      <trkpt lat="37.25572731345892" lon="128.14763096161187">
        <ele>516.2</ele>
      </trkpt>
      <trkpt lat="37.255741311237216" lon="128.14763045869768">
        <ele>516.6</ele>
      </trkpt>
      <trkpt lat="37.25575514137745" lon="128.1476292014122">
        <ele>516.8</ele>
      </trkpt>
      <trkpt lat="37.255767714232206" lon="128.14762668684125">
        <ele>517.2</ele>
      </trkpt>
      <trkpt lat="37.25577970035374" lon="128.14762408845127">
        <ele>517.4</ele>
      </trkpt>
      <trkpt lat="37.255790177732706" lon="128.14762174151838">
        <ele>517.8</ele>
      </trkpt>
      <trkpt lat="37.255800403654575" lon="128.1476186402142">
        <ele>518.0</ele>
      </trkpt>
      <trkpt lat="37.255810713395476" lon="128.14761478453875">
        <ele>518.4</ele>
      </trkpt>
      <trkpt lat="37.25582571700215" lon="128.14760942012072">
        <ele>518.6</ele>
      </trkpt>
      <trkpt lat="37.255839044228196" lon="128.14760447479784">
        <ele>518.8</ele>
      </trkpt>
      <trkpt lat="37.25585195235908" lon="128.14760053530335">
        <ele>519.2</ele>
      </trkpt>
      <trkpt lat="37.25586502812803" lon="128.14759701490402">
        <ele>519.4</ele>
      </trkpt>
      <trkpt lat="37.255878020077944" lon="128.14759332686663">
        <ele>519.6</ele>
      </trkpt>
      <trkpt lat="37.25589151494205" lon="128.14759030938148">
        <ele>519.8</ele>
      </trkpt>
      <trkpt lat="37.25590190850198" lon="128.14758645370603">
        <ele>520.0</ele>
      </trkpt>
      <trkpt lat="37.25591414608061" lon="128.14758234657347">
        <ele>520.2</ele>
      </trkpt>
      <trkpt lat="37.2559252101928" lon="128.14757865853608">
        <ele>520.4</ele>
      </trkpt>
      <trkpt lat="37.25593878887594" lon="128.14757388085127">
        <ele>520.8</ele>
      </trkpt>
      <trkpt lat="37.25595060735941" lon="128.14756927080452">
        <ele>521.0</ele>
      </trkpt>
      <trkpt lat="37.255962174385786" lon="128.1475613079965">
        <ele>521.4</ele>
      </trkpt>
      <trkpt lat="37.25597315467894" lon="128.14755401574075">
        <ele>521.6</ele>
      </trkpt>
      <trkpt lat="37.25598354823887" lon="128.1475480645895">
        <ele>522.0</ele>
      </trkpt>
      <trkpt lat="37.255992433056235" lon="128.14754295162857">
        <ele>522.2</ele>
      </trkpt>
      <trkpt lat="37.25600257515907" lon="128.14753758721054">
        <ele>522.4</ele>
      </trkpt>
      <trkpt lat="37.25601112470031" lon="128.1475322227925">
        <ele>522.6</ele>
      </trkpt>
      <trkpt lat="37.25602160207927" lon="128.14752643927932">
        <ele>523.0</ele>
      </trkpt>
      <trkpt lat="37.256030486896634" lon="128.1475219130516">
        <ele>523.2</ele>
      </trkpt>
      <trkpt lat="37.25603953935206" lon="128.1475192308426">
        <ele>523.4</ele>
      </trkpt>
      <trkpt lat="37.25604775361717" lon="128.14751562662423">
        <ele>523.8</ele>
      </trkpt>
      <trkpt lat="37.2560565546155" lon="128.14751202240586">
        <ele>524.0</ele>
      </trkpt>
      <trkpt lat="37.25606594234705" lon="128.14750850200653">
        <ele>524.2</ele>
      </trkpt>
      <trkpt lat="37.25607516244054" lon="128.14750581979752">
        <ele>524.6</ele>
      </trkpt>
      <trkpt lat="37.256085723638535" lon="128.14750330522656">
        <ele>524.8</ele>
      </trkpt>
      <trkpt lat="37.25609494373202" lon="128.14750137738883">
        <ele>525.2</ele>
      </trkpt>
      <trkpt lat="37.25610357709229" lon="128.14749961718917">
        <ele>525.4</ele>
      </trkpt>
      <trkpt lat="37.25612352602184" lon="128.14749727025628">
        <ele>526.0</ele>
      </trkpt>
      <trkpt lat="37.25614598952234" lon="128.14749374985695">
        <ele>526.6</ele>
      </trkpt>
      <trkpt lat="37.256156634539366" lon="128.14749249257147">
        <ele>527.0</ele>
      </trkpt>
      <trkpt lat="37.25617054849863" lon="128.14748955890536">
        <ele>527.4</ele>
      </trkpt>
      <trkpt lat="37.2561823669821" lon="128.14748444594443">
        <ele>527.6</ele>
      </trkpt>
      <trkpt lat="37.256194185465574" lon="128.14747966825962">
        <ele>528.0</ele>
      </trkpt>
      <trkpt lat="37.25620214827359" lon="128.147475393489">
        <ele>528.2</ele>
      </trkpt>
      <trkpt lat="37.25621120072901" lon="128.1474706158042">
        <ele>528.4</ele>
      </trkpt>
      <trkpt lat="37.256219163537025" lon="128.1474671792239">
        <ele>528.6</ele>
      </trkpt>
      <trkpt lat="37.256225952878594" lon="128.1474645808339">
        <ele>528.8</ele>
      </trkpt>
      <trkpt lat="37.256236178800464" lon="128.1474611442536">
        <ele>529.0</ele>
      </trkpt>
      <trkpt lat="37.256245566532016" lon="128.14745678566396">
        <ele>529.4</ele>
      </trkpt>
      <trkpt lat="37.25626769475639" lon="128.1474502477795">
        <ele>530.0</ele>
      </trkpt>
      <trkpt lat="37.25627792067826" lon="128.14744773320854">
        <ele>530.4</ele>
      </trkpt>
      <trkpt lat="37.256288062781096" lon="128.14744488336146">
        <ele>530.6</ele>
      </trkpt>
      <trkpt lat="37.25629887543619" lon="128.1474415306002">
        <ele>531.0</ele>
      </trkpt>
      <trkpt lat="37.256311951205134" lon="128.14743792638183">
        <ele>531.2</ele>
      </trkpt>
      <trkpt lat="37.25632301531732" lon="128.1474354956299">
        <ele>531.6</ele>
      </trkpt>
      <trkpt lat="37.256335001438856" lon="128.1474312208593">
        <ele>531.8</ele>
      </trkpt>
      <trkpt lat="37.256344724446535" lon="128.14742627553642">
        <ele>532.2</ele>
      </trkpt>
      <trkpt lat="37.25635327398777" lon="128.14742367714643">
        <ele>532.4</ele>
      </trkpt>
      <trkpt lat="37.256362242624164" lon="128.14742116257548">
        <ele>532.6</ele>
      </trkpt>
      <trkpt lat="37.256372552365065" lon="128.14741957001388">
        <ele>533.0</ele>
      </trkpt>
      <trkpt lat="37.25638244301081" lon="128.1474156305194">
        <ele>533.2</ele>
      </trkpt>
      <trkpt lat="37.25639191456139" lon="128.14741202630103">
        <ele>533.4</ele>
      </trkpt>
      <trkpt lat="37.256399961188436" lon="128.1474059075117">
        <ele>533.6</ele>
      </trkpt>
      <trkpt lat="37.256408678367734" lon="128.14739534631371">
        <ele>534.0</ele>
      </trkpt>
      <trkpt lat="37.25641597062349" lon="128.14738428220153">
        <ele>534.2</ele>
      </trkpt>
      <trkpt lat="37.25642217323184" lon="128.14737422391772">
        <ele>534.4</ele>
      </trkpt>
      <trkpt lat="37.256427286192775" lon="128.1473649200052">
        <ele>534.6</ele>
      </trkpt>
      <trkpt lat="37.2564310580492" lon="128.14735553227365">
        <ele>535.0</ele>
      </trkpt>
      <trkpt lat="37.256433656439185" lon="128.14734555780888">
        <ele>535.2</ele>
      </trkpt>
      <trkpt lat="37.25643600337207" lon="128.1473376788199">
        <ele>535.6</ele>
      </trkpt>
      <trkpt lat="37.25643918849528" lon="128.14732938073575">
        <ele>536.0</ele>
      </trkpt>
      <trkpt lat="37.25643985904753" lon="128.14732460305095">
        <ele>536.4</ele>
      </trkpt>
      <trkpt lat="37.256440948694944" lon="128.14732108265162">
        <ele>536.8</ele>
      </trkpt>
      <trkpt lat="37.25644187070429" lon="128.1473184004426">
        <ele>537.2</ele>
      </trkpt>
      <trkpt lat="37.256441032513976" lon="128.14732242375612">
        <ele>538.0</ele>
      </trkpt>
      <trkpt lat="37.256438517943025" lon="128.14732753671706">
        <ele>538.4</ele>
      </trkpt>
      <trkpt lat="37.25644279271364" lon="128.14736290834844">
        <ele>539.4</ele>
      </trkpt>
      <trkpt lat="37.25644757039845" lon="128.14737187698483">
        <ele>539.6</ele>
      </trkpt>
      <trkpt lat="37.25645385682583" lon="128.14737967215478">
        <ele>539.8</ele>
      </trkpt>
      <trkpt lat="37.25646131671965" lon="128.14738562330604">
        <ele>540.2</ele>
      </trkpt>
      <trkpt lat="37.25647053681314" lon="128.1473910715431">
        <ele>540.4</ele>
      </trkpt>
      <trkpt lat="37.256477661430836" lon="128.14739543013275">
        <ele>540.6</ele>
      </trkpt>
      <trkpt lat="37.256486378610134" lon="128.14740079455078">
        <ele>540.8</ele>
      </trkpt>
      <trkpt lat="37.25649400614202" lon="128.14740473404527">
        <ele>541.2</ele>
      </trkpt>
      <trkpt lat="37.25650121457875" lon="128.14740884117782">
        <ele>541.6</ele>
      </trkpt>
      <trkpt lat="37.256507501006126" lon="128.14741345122457">
        <ele>541.8</ele>
      </trkpt>
      <trkpt lat="37.25651445798576" lon="128.14741822890937">
        <ele>542.2</ele>
      </trkpt>
      <trkpt lat="37.25652200169861" lon="128.14742468297482">
        <ele>542.6</ele>
      </trkpt>
      <trkpt lat="37.25653097033501" lon="128.14743029884994">
        <ele>542.8</ele>
      </trkpt>
      <trkpt lat="37.25653985515237" lon="128.14743633382022">
        <ele>543.0</ele>
      </trkpt>
      <trkpt lat="37.25654873996973" lon="128.14744329079986">
        <ele>543.2</ele>
      </trkpt>
      <trkpt lat="37.25656005553901" lon="128.14745469018817">
        <ele>543.6</ele>
      </trkpt>
      <trkpt lat="37.25656961090863" lon="128.1474624015391">
        <ele>543.8</ele>
      </trkpt>
      <trkpt lat="37.256578244268894" lon="128.14747078344226">
        <ele>544.0</ele>
      </trkpt>
      <trkpt lat="37.25658738054335" lon="128.14748159609735">
        <ele>544.0</ele>
      </trkpt>
      <trkpt lat="37.25659894756973" lon="128.14749659970403">
        <ele>544.0</ele>
      </trkpt>
      <trkpt lat="37.25661093369126" lon="128.14751327969134">
        <ele>543.6</ele>
      </trkpt>
      <trkpt lat="37.25662199780345" lon="128.1475303787738">
        <ele>543.4</ele>
      </trkpt>
      <trkpt lat="37.25663281045854" lon="128.1475475616753">
        <ele>543.0</ele>
      </trkpt>
      <trkpt lat="37.256641779094934" lon="128.14756331965327">
        <ele>542.8</ele>
      </trkpt>
      <trkpt lat="37.25665217265487" lon="128.14758125692606">
        <ele>542.8</ele>
      </trkpt>
      <trkpt lat="37.25666348822415" lon="128.14759709872305">
        <ele>542.8</ele>
      </trkpt>
      <trkpt lat="37.25667513906956" lon="128.14760916866362">
        <ele>543.0</ele>
      </trkpt>
      <trkpt lat="37.25668595172465" lon="128.14761897549033">
        <ele>543.2</ele>
      </trkpt>
      <trkpt lat="37.25669735111296" lon="128.14762542955577">
        <ele>543.4</ele>
      </trkpt>
      <trkpt lat="37.256707325577736" lon="128.14763096161187">
        <ele>543.6</ele>
      </trkpt>
      <trkpt lat="37.25671730004251" lon="128.14763439819217">
        <ele>544.0</ele>
      </trkpt>
      <trkpt lat="37.25672953762114" lon="128.147636577487">
        <ele>544.4</ele>
      </trkpt>
      <trkpt lat="37.256740517914295" lon="128.14763624221087">
        <ele>544.8</ele>
      </trkpt>
      <trkpt lat="37.25675283931196" lon="128.14763615839183">
        <ele>545.2</ele>
      </trkpt>
      <trkpt lat="37.256763903424144" lon="128.1476360745728">
        <ele>545.6</ele>
      </trkpt>
      <trkpt lat="37.25677236914635" lon="128.1476363260299">
        <ele>545.8</ele>
      </trkpt>
      <trkpt lat="37.25678125396371" lon="128.1476368289441">
        <ele>546.2</ele>
      </trkpt>
      <trkpt lat="37.256791312247515" lon="128.14763724803925">
        <ele>546.4</ele>
      </trkpt>
      <trkpt lat="37.2567989397794" lon="128.14763749949634">
        <ele>546.6</ele>
      </trkpt>
      <trkpt lat="37.256807489320636" lon="128.14763758331537">
        <ele>547.0</ele>
      </trkpt>
      <trkpt lat="37.256813775748014" lon="128.14763892441988">
        <ele>547.4</ele>
      </trkpt>
      <trkpt lat="37.25681788288057" lon="128.14764152280986">
        <ele>547.6</ele>
      </trkpt>
      <trkpt lat="37.25682073272765" lon="128.14764378592372">
        <ele>548.0</ele>
      </trkpt>
      <trkpt lat="37.25682383403182" lon="128.14764437265694">
        <ele>548.2</ele>
      </trkpt>
      <trkpt lat="37.2568301204592" lon="128.14764596521854">
        <ele>548.4</ele>
      </trkpt>
      <trkpt lat="37.25683749653399" lon="128.1476482283324">
        <ele>548.8</ele>
      </trkpt>
      <trkpt lat="37.25684420205653" lon="128.14764965325594">
        <ele>549.0</ele>
      </trkpt>
      <trkpt lat="37.256850991398096" lon="128.14765132963657">
        <ele>549.4</ele>
      </trkpt>
      <trkpt lat="37.256859289482236" lon="128.14765267074108">
        <ele>549.6</ele>
      </trkpt>
      <trkpt lat="37.25686532445252" lon="128.14765417948365">
        <ele>549.8</ele>
      </trkpt>
      <trkpt lat="37.25687110796571" lon="128.14765711314976">
        <ele>550.2</ele>
      </trkpt>
      <trkpt lat="37.2568784840405" lon="128.1476598791778">
        <ele>550.4</ele>
      </trkpt>
      <trkpt lat="37.2568872012198" lon="128.14766113646328">
        <ele>550.6</ele>
      </trkpt>
      <trkpt lat="37.25689918734133" lon="128.14766130410135">
        <ele>551.0</ele>
      </trkpt>
      <trkpt lat="37.25691142491996" lon="128.14766189083457">
        <ele>551.2</ele>
      </trkpt>
      <trkpt lat="37.25692064501345" lon="128.1476624775678">
        <ele>551.6</ele>
      </trkpt>
      <trkpt lat="37.25692827254534" lon="128.14766264520586">
        <ele>552.0</ele>
      </trkpt>
      <trkpt lat="37.25693774409592" lon="128.14766348339617">
        <ele>552.2</ele>
      </trkpt>
      <trkpt lat="37.25694679655135" lon="128.14766482450068">
        <ele>552.4</ele>
      </trkpt>
      <trkpt lat="37.256954004988074" lon="128.1476667523384">
        <ele>552.6</ele>
      </trkpt>
      <trkpt lat="37.25696012377739" lon="128.14766876399517">
        <ele>552.8</ele>
      </trkpt>
      <trkpt lat="37.25696607492864" lon="128.14767077565193">
        <ele>553.0</ele>
      </trkpt>
      <trkpt lat="37.2569839283824" lon="128.14767563715577">
        <ele>553.6</ele>
      </trkpt>
      <trkpt lat="37.25698661059141" lon="128.14767873845994">
        <ele>553.8</ele>
      </trkpt>
      <trkpt lat="37.25700622424483" lon="128.14768192358315">
        <ele>554.4</ele>
      </trkpt>
      <trkpt lat="37.2570132650435" lon="128.14768376760185">
        <ele>554.6</ele>
      </trkpt>
      <trkpt lat="37.25702038966119" lon="128.14768569543958">
        <ele>555.0</ele>
      </trkpt>
      <trkpt lat="37.2570270113647" lon="128.14768619835377">
        <ele>555.2</ele>
      </trkpt>
      <trkpt lat="37.2570322919637" lon="128.14768779091537">
        <ele>555.4</ele>
      </trkpt>
      <trkpt lat="37.25704084150493" lon="128.1476876232773">
        <ele>555.6</ele>
      </trkpt>
      <trkpt lat="37.25705089978874" lon="128.14768703654408">
        <ele>555.8</ele>
      </trkpt>
      <trkpt lat="37.257059114053845" lon="128.14768644981086">
        <ele>556.2</ele>
      </trkpt>
      <trkpt lat="37.25706875324249" lon="128.1476862821728">
        <ele>556.4</ele>
      </trkpt>
      <trkpt lat="37.25707822479308" lon="128.14768695272505">
        <ele>556.6</ele>
      </trkpt>
      <trkpt lat="37.25708778016269" lon="128.14768712036312">
        <ele>557.0</ele>
      </trkpt>
      <trkpt lat="37.25709700025618" lon="128.14768586307764">
        <ele>557.2</ele>
      </trkpt>
      <trkpt lat="37.257106052711606" lon="128.14768452197313">
        <ele>557.6</ele>
      </trkpt>
      <trkpt lat="37.25711510516703" lon="128.14768276177347">
        <ele>557.8</ele>
      </trkpt>
      <trkpt lat="37.25712575018406" lon="128.14768033102155">
        <ele>558.0</ele>
      </trkpt>
      <trkpt lat="37.25713639520109" lon="128.1476783193648">
        <ele>558.2</ele>
      </trkpt>
      <trkpt lat="37.25714863277972" lon="128.14767689444125">
        <ele>558.6</ele>
      </trkpt>
      <trkpt lat="37.25715936161578" lon="128.1476748827845">
        <ele>558.8</ele>
      </trkpt>
      <trkpt lat="37.25717084482312" lon="128.1476711947471">
        <ele>559.0</ele>
      </trkpt>
      <trkpt lat="37.25717905908823" lon="128.14766876399517">
        <ele>559.4</ele>
      </trkpt>
      <trkpt lat="37.25718635134399" lon="128.1476659141481">
        <ele>559.6</ele>
      </trkpt>
      <trkpt lat="37.25719607435167" lon="128.14766189083457">
        <ele>559.8</ele>
      </trkpt>
      <trkpt lat="37.25720504298806" lon="128.14765912480652">
        <ele>560.2</ele>
      </trkpt>
      <trkpt lat="37.2572170291096" lon="128.1476558558643">
        <ele>560.4</ele>
      </trkpt>
      <trkpt lat="37.25722851231694" lon="128.14765258692205">
        <ele>560.6</ele>
      </trkpt>
      <trkpt lat="37.25723823532462" lon="128.14764940179884">
        <ele>560.8</ele>
      </trkpt>
      <trkpt lat="37.25724485702813" lon="128.14764604903758">
        <ele>561.2</ele>
      </trkpt>
      <trkpt lat="37.257253574207425" lon="128.14764127135277">
        <ele>561.4</ele>
      </trkpt>
      <trkpt lat="37.2572619561106" lon="128.14763674512506">
        <ele>561.6</ele>
      </trkpt>
      <trkpt lat="37.257269751280546" lon="128.14763414673507">
        <ele>562.0</ele>
      </trkpt>
      <trkpt lat="37.25727628916502" lon="128.14763188362122">
        <ele>562.2</ele>
      </trkpt>
      <trkpt lat="37.25728324614465" lon="128.1476302910596">
        <ele>562.4</ele>
      </trkpt>
      <trkpt lat="37.25729095749557" lon="128.1476271059364">
        <ele>562.8</ele>
      </trkpt>
      <trkpt lat="37.257299004122615" lon="128.14762316644192">
        <ele>563.0</ele>
      </trkpt>
      <trkpt lat="37.25730788893998" lon="128.14761796966195">
        <ele>563.2</ele>
      </trkpt>
      <trkpt lat="37.25731777958572" lon="128.14761159941554">
        <ele>563.6</ele>
      </trkpt>
      <trkpt lat="37.25732674822211" lon="128.14760589972138">
        <ele>563.8</ele>
      </trkpt>
      <trkpt lat="37.25733336992562" lon="128.1476017087698">
        <ele>564.2</ele>
      </trkpt>
      <trkpt lat="37.25733797997236" lon="128.14759927801788">
        <ele>564.4</ele>
      </trkpt>
      <trkpt lat="37.257342925295234" lon="128.14759466797113">
        <ele>564.8</ele>
      </trkpt>
      <trkpt lat="37.257346864789724" lon="128.1475908961147">
        <ele>565.2</ele>
      </trkpt>
      <trkpt lat="37.25735097192228" lon="128.14758695662022">
        <ele>565.4</ele>
      </trkpt>
      <trkpt lat="37.257355749607086" lon="128.14758343622088">
        <ele>565.8</ele>
      </trkpt>
      <trkpt lat="37.25736522115767" lon="128.14757153391838">
        <ele>566.4</ele>
      </trkpt>
      <trkpt lat="37.257371339946985" lon="128.1475641578436">
        <ele>566.6</ele>
      </trkpt>
      <trkpt lat="37.25737829692662" lon="128.14755778759718">
        <ele>567.0</ele>
      </trkpt>
      <trkpt lat="37.257384499534965" lon="128.14755133353174">
        <ele>567.4</ele>
      </trkpt>
      <trkpt lat="37.25739061832428" lon="128.14754538238049">
        <ele>567.6</ele>
      </trkpt>
      <trkpt lat="37.257397659122944" lon="128.14753708429635">
        <ele>568.0</ele>
      </trkpt>
      <trkpt lat="37.25740268826485" lon="128.14752861857414">
        <ele>568.2</ele>
      </trkpt>
      <trkpt lat="37.25740855559707" lon="128.14752015285194">
        <ele>568.4</ele>
      </trkpt>
      <trkpt lat="37.25741459056735" lon="128.14751101657748">
        <ele>568.8</ele>
      </trkpt>
      <trkpt lat="37.25742481648922" lon="128.14750062301755">
        <ele>569.0</ele>
      </trkpt>
      <trkpt lat="37.25743101909757" lon="128.1474928278476">
        <ele>569.2</ele>
      </trkpt>
      <trkpt lat="37.25744082592428" lon="128.14748511649668">
        <ele>569.4</ele>
      </trkpt>
      <trkpt lat="37.25744820199907" lon="128.14747807569802">
        <ele>569.8</ele>
      </trkpt>
      <trkpt lat="37.257462199777365" lon="128.14746525138617">
        <ele>570.0</ele>
      </trkpt>
      <trkpt lat="37.25746789947152" lon="128.14745862968266">
        <ele>570.2</ele>
      </trkpt>
      <trkpt lat="37.257472928613424" lon="128.1474508345127">
        <ele>570.4</ele>
      </trkpt>
      <trkpt lat="37.25747913122177" lon="128.14744169823825">
        <ele>570.6</ele>
      </trkpt>
      <trkpt lat="37.257484160363674" lon="128.14743172377348">
        <ele>571.0</ele>
      </trkpt>
      <trkpt lat="37.25748742930591" lon="128.14741889946163">
        <ele>571.2</ele>
      </trkpt>
      <trkpt lat="37.2574879322201" lon="128.1474029738456">
        <ele>571.4</ele>
      </trkpt>
      <trkpt lat="37.25748701021075" lon="128.14738486893475">
        <ele>571.8</ele>
      </trkpt>
      <trkpt lat="37.25748457945883" lon="128.14736609347165">
        <ele>572.0</ele>
      </trkpt>
      <trkpt lat="37.25747711956501" lon="128.14734312705696">
        <ele>572.2</ele>
      </trkpt>
      <trkpt lat="37.25746479816735" lon="128.14732125028968">
        <ele>572.4</ele>
      </trkpt>
      <trkpt lat="37.2574535664171" lon="128.1473051570356">
        <ele>572.6</ele>
      </trkpt>
      <trkpt lat="37.257442669942975" lon="128.14729032106698">
        <ele>572.8</ele>
      </trkpt>
      <trkpt lat="37.2574311029166" lon="128.1472792569548">
        <ele>573.0</ele>
      </trkpt>
      <trkpt lat="37.25741802714765" lon="128.14726785756648">
        <ele>573.2</ele>
      </trkpt>
      <trkpt lat="37.25740537047386" lon="128.14725746400654">
        <ele>573.4</ele>
      </trkpt>
      <trkpt lat="37.25739103741944" lon="128.14724933356047">
        <ele>573.6</ele>
      </trkpt>
      <trkpt lat="37.257376704365015" lon="128.1472417898476">
        <ele>573.6</ele>
      </trkpt>
      <trkpt lat="37.25736329331994" lon="128.1472359225154">
        <ele>573.8</ele>
      </trkpt>
      <trkpt lat="37.25735046900809" lon="128.14723005518317">
        <ele>574.0</ele>
      </trkpt>
      <trkpt lat="37.257337644696236" lon="128.14722477458417">
        <ele>574.2</ele>
      </trkpt>
      <trkpt lat="37.25732775405049" lon="128.14722083508968">
        <ele>574.4</ele>
      </trkpt>
      <trkpt lat="37.25731727667153" lon="128.1472150515765">
        <ele>574.6</ele>
      </trkpt>
      <trkpt lat="37.25730897858739" lon="128.14720968715847">
        <ele>574.8</ele>
      </trkpt>
      <trkpt lat="37.25730168633163" lon="128.14720549620688">
        <ele>575.0</ele>
      </trkpt>
      <trkpt lat="37.25729397498071" lon="128.14720205962658">
        <ele>575.4</ele>
      </trkpt>
      <trkpt lat="37.25728559307754" lon="128.14719694666564">
        <ele>575.6</ele>
      </trkpt>
      <trkpt lat="37.25727779790759" lon="128.14719376154244">
        <ele>576.0</ele>
      </trkpt>
      <trkpt lat="37.25727000273764" lon="128.14719149842858">
        <ele>576.2</ele>
      </trkpt>
      <trkpt lat="37.25726547650993" lon="128.1471912469715">
        <ele>576.8</ele>
      </trkpt>
      <trkpt lat="37.25726245902479" lon="128.14719158224761">
        <ele>577.2</ele>
      </trkpt>
      <trkpt lat="37.25725910626352" lon="128.14719225279987">
        <ele>577.6</ele>
      </trkpt>
      <trkpt lat="37.257257932797074" lon="128.14719216898084">
        <ele>578.0</ele>
      </trkpt>
      <trkpt lat="37.2572601120919" lon="128.14719007350504">
        <ele>578.4</ele>
      </trkpt>
      <trkpt lat="37.25726488977671" lon="128.1471891514957">
        <ele>578.8</ele>
      </trkpt>
      <trkpt lat="37.25727050565183" lon="128.1471889000386">
        <ele>579.2</ele>
      </trkpt>
      <trkpt lat="37.25727721117437" lon="128.14718990586698">
        <ele>579.6</ele>
      </trkpt>
      <trkpt lat="37.25728467106819" lon="128.14719007350504">
        <ele>580.0</ele>
      </trkpt>
      <trkpt lat="37.25729322060943" lon="128.14718831330538">
        <ele>580.2</ele>
      </trkpt>
      <trkpt lat="37.25730177015066" lon="128.14718747511506">
        <ele>580.6</ele>
      </trkpt>
      <trkpt lat="37.25731107406318" lon="128.14718646928668">
        <ele>580.8</ele>
      </trkpt>
      <trkpt lat="37.25731777958572" lon="128.1471859663725">
        <ele>581.2</ele>
      </trkpt>
      <trkpt lat="37.25732373073697" lon="128.14718831330538">
        <ele>581.4</ele>
      </trkpt>
      <trkpt lat="37.25733060389757" lon="128.14718990586698">
        <ele>581.8</ele>
      </trkpt>
      <trkpt lat="37.25733823142946" lon="128.14719116315246">
        <ele>582.0</ele>
      </trkpt>
      <trkpt lat="37.257344936951995" lon="128.14719166606665">
        <ele>582.4</ele>
      </trkpt>
      <trkpt lat="37.25735365413129" lon="128.14719267189503">
        <ele>582.6</ele>
      </trkpt>
      <trkpt lat="37.257363041862845" lon="128.14719401299953">
        <ele>583.0</ele>
      </trkpt>
      <trkpt lat="37.25737310014665" lon="128.14719275571406">
        <ele>583.2</ele>
      </trkpt>
      <trkpt lat="37.25738391280174" lon="128.14719242043793">
        <ele>583.6</ele>
      </trkpt>
      <trkpt lat="37.25739321671426" lon="128.14719334244728">
        <ele>583.8</ele>
      </trkpt>
      <trkpt lat="37.25740327499807" lon="128.14719267189503">
        <ele>584.2</ele>
      </trkpt>
      <trkpt lat="37.25741400383413" lon="128.14719057641923">
        <ele>584.4</ele>
      </trkpt>
      <trkpt lat="37.25742481648922" lon="128.1471904926002">
        <ele>584.8</ele>
      </trkpt>
      <trkpt lat="37.25743462331593" lon="128.14718957059085">
        <ele>585.0</ele>
      </trkpt>
      <trkpt lat="37.2574430052191" lon="128.14718814566731">
        <ele>585.4</ele>
      </trkpt>
      <trkpt lat="37.25745038129389" lon="128.14718672074378">
        <ele>585.6</ele>
      </trkpt>
      <trkpt lat="37.257456835359335" lon="128.14718630164862">
        <ele>586.0</ele>
      </trkpt>
      <trkpt lat="37.257461696863174" lon="128.14718613401055">
        <ele>586.2</ele>
      </trkpt>
      <trkpt lat="37.25747141987085" lon="128.14718923531473">
        <ele>586.8</ele>
      </trkpt>
      <trkpt lat="37.2574776224792" lon="128.14719057641923">
        <ele>587.0</ele>
      </trkpt>
      <trkpt lat="37.257483657449484" lon="128.14718931913376">
        <ele>587.2</ele>
      </trkpt>
      <trkpt lat="37.25749069824815" lon="128.1471894029528">
        <ele>587.6</ele>
      </trkpt>
      <trkpt lat="37.257498241961" lon="128.14718873240054">
        <ele>587.8</ele>
      </trkpt>
      <trkpt lat="37.257505701854825" lon="128.14718831330538">
        <ele>588.0</ele>
      </trkpt>
      <trkpt lat="37.25751165300608" lon="128.14719040878117">
        <ele>588.2</ele>
      </trkpt>
      <trkpt lat="37.257515424862504" lon="128.14719493500888">
        <ele>588.4</ele>
      </trkpt>
      <trkpt lat="37.2575207054615" lon="128.1471989583224">
        <ele>588.6</ele>
      </trkpt>
      <trkpt lat="37.25752548314631" lon="128.14720381982625">
        <ele>588.8</ele>
      </trkpt>
      <trkpt lat="37.25753084756434" lon="128.14720968715847">
        <ele>589.2</ele>
      </trkpt>
      <trkpt lat="37.25753805600107" lon="128.1472168955952">
        <ele>589.4</ele>
      </trkpt>
      <trkpt lat="37.25754635408521" lon="128.1472261995077">
        <ele>589.4</ele>
      </trkpt>
      <trkpt lat="37.25757191888988" lon="128.14725277014077">
        <ele>589.4</ele>
      </trkpt>
      <trkpt lat="37.25758424028754" lon="128.14726458862424">
        <ele>589.4</ele>
      </trkpt>
      <trkpt lat="37.257595555856824" lon="128.1472769100219">
        <ele>589.2</ele>
      </trkpt>
      <trkpt lat="37.25760502740741" lon="128.1472869683057">
        <ele>589.2</ele>
      </trkpt>
      <trkpt lat="37.257613157853484" lon="128.1472964398563">
        <ele>589.2</ele>
      </trkpt>
      <trkpt lat="37.25761827081442" lon="128.14730406738818">
        <ele>589.4</ele>
      </trkpt>
      <trkpt lat="37.25762564688921" lon="128.1473107729107">
        <ele>589.6</ele>
      </trkpt>
      <trkpt lat="37.257633190602064" lon="128.14731747843325">
        <ele>589.8</ele>
      </trkpt>
      <trkpt lat="37.25764224305749" lon="128.14732569269836">
        <ele>590.0</ele>
      </trkpt>
      <trkpt lat="37.25764911621809" lon="128.14733273349702">
        <ele>590.4</ele>
      </trkpt>
      <trkpt lat="37.25765984505415" lon="128.14733893610537">
        <ele>590.6</ele>
      </trkpt>
      <trkpt lat="37.257669819518924" lon="128.1473463959992">
        <ele>590.6</ele>
      </trkpt>
      <trkpt lat="37.25768188945949" lon="128.14735360443592">
        <ele>590.8</ele>
      </trkpt>
      <trkpt lat="37.25769320502877" lon="128.147361734882">
        <ele>591.0</ele>
      </trkpt>
      <trkpt lat="37.25770301185548" lon="128.14737061969936">
        <ele>591.2</ele>
      </trkpt>
      <trkpt lat="37.25771005265415" lon="128.1473768223077">
        <ele>591.4</ele>
      </trkpt>
      <trkpt lat="37.25771659053862" lon="128.14738243818283">
        <ele>591.4</ele>
      </trkpt>
      <trkpt lat="37.25772296078503" lon="128.14738679677248">
        <ele>591.6</ele>
      </trkpt>
      <trkpt lat="37.25772983394563" lon="128.14739274792373">
        <ele>591.6</ele>
      </trkpt>
      <trkpt lat="37.25773771293461" lon="128.1474002916366">
        <ele>591.8</ele>
      </trkpt>
      <trkpt lat="37.25774475373328" lon="128.14740808680654">
        <ele>592.0</ele>
      </trkpt>
      <trkpt lat="37.257752465084195" lon="128.14741579815745">
        <ele>592.2</ele>
      </trkpt>
      <trkpt lat="37.25775992497802" lon="128.14742141403258">
        <ele>592.4</ele>
      </trkpt>
      <trkpt lat="37.257767636328936" lon="128.14742686226964">
        <ele>592.6</ele>
      </trkpt>
      <trkpt lat="37.25777576677501" lon="128.14743289723992">
        <ele>592.8</ele>
      </trkpt>
      <trkpt lat="37.2577884234488" lon="128.14743834547698">
        <ele>593.0</ele>
      </trkpt>
      <trkpt lat="37.25780309177935" lon="128.1474394351244">
        <ele>593.2</ele>
      </trkpt>
      <trkpt lat="37.25781633518636" lon="128.14743977040052">
        <ele>593.6</ele>
      </trkpt>
      <trkpt lat="37.25782983005047" lon="128.14743834547698">
        <ele>593.8</ele>
      </trkpt>
      <trkpt lat="37.25784257054329" lon="128.14743675291538">
        <ele>594.2</ele>
      </trkpt>
      <trkpt lat="37.25785514339805" lon="128.1474323105067">
        <ele>594.4</ele>
      </trkpt>
      <trkpt lat="37.257865285500884" lon="128.14742451533675">
        <ele>594.8</ele>
      </trkpt>
      <trkpt lat="37.25787400268018" lon="128.14741554670036">
        <ele>595.0</ele>
      </trkpt>
      <trkpt lat="37.25788322277367" lon="128.14740699715912">
        <ele>595.4</ele>
      </trkpt>
      <trkpt lat="37.25788950920105" lon="128.1473966035992">
        <ele>595.6</ele>
      </trkpt>
      <trkpt lat="37.25789378397167" lon="128.1473839469254">
        <ele>596.0</ele>
      </trkpt>
      <trkpt lat="37.257902417331934" lon="128.14736768603325">
        <ele>596.2</ele>
      </trkpt>
      <trkpt lat="37.25790711119771" lon="128.1473482400179">
        <ele>596.4</ele>
      </trkpt>
      <trkpt lat="37.257909793406725" lon="128.1473287101835">
        <ele>596.8</ele>
      </trkpt>
      <trkpt lat="37.25791188888252" lon="128.14731026999652">
        <ele>597.0</ele>
      </trkpt>
      <trkpt lat="37.25791499018669" lon="128.14729149453342">
        <ele>597.4</ele>
      </trkpt>
      <trkpt lat="37.25791784003377" lon="128.1472766585648">
        <ele>597.6</ele>
      </trkpt>
      <trkpt lat="37.257920103147626" lon="128.14726073294878">
        <ele>597.8</ele>
      </trkpt>
      <trkpt lat="37.257921528071165" lon="128.1472441367805">
        <ele>598.0</ele>
      </trkpt>
      <trkpt lat="37.25792186334729" lon="128.1472298875451">
        <ele>598.0</ele>
      </trkpt>
      <trkpt lat="37.2579216118902" lon="128.14721656031907">
        <ele>598.2</ele>
      </trkpt>
      <trkpt lat="37.25792119279504" lon="128.1472026463598">
        <ele>598.4</ele>
      </trkpt>
      <trkpt lat="37.25792119279504" lon="128.147184709087">
        <ele>598.4</ele>
      </trkpt>
      <trkpt lat="37.25791993550956" lon="128.1471685320139">
        <ele>598.6</ele>
      </trkpt>
      <trkpt lat="37.25791943259537" lon="128.1471526902169">
        <ele>598.8</ele>
      </trkpt>
      <trkpt lat="37.25791968405247" lon="128.1471386924386">
        <ele>598.8</ele>
      </trkpt>
      <trkpt lat="37.257919097319245" lon="128.14712377265096">
        <ele>599.0</ele>
      </trkpt>
      <trkpt lat="37.257918594405055" lon="128.1471111997962">
        <ele>599.2</ele>
      </trkpt>
      <trkpt lat="37.25791800767183" lon="128.1471011415124">
        <ele>599.6</ele>
      </trkpt>
      <trkpt lat="37.25791675038636" lon="128.1470910832286">
        <ele>600.0</ele>
      </trkpt>
      <trkpt lat="37.257915660738945" lon="128.14708127640188">
        <ele>600.2</ele>
      </trkpt>
      <trkpt lat="37.257911805063486" lon="128.14707063138485">
        <ele>600.6</ele>
      </trkpt>
      <trkpt lat="37.25790702737868" lon="128.1470588967204">
        <ele>600.8</ele>
      </trkpt>
      <trkpt lat="37.257903004065156" lon="128.14705059863627">
        <ele>601.2</ele>
      </trkpt>
      <trkpt lat="37.25789881311357" lon="128.14704305492342">
        <ele>601.4</ele>
      </trkpt>
      <trkpt lat="37.257895125076175" lon="128.14703894779086">
        <ele>601.8</ele>
      </trkpt>
      <trkpt lat="37.25789244286716" lon="128.14703710377216">
        <ele>602.0</ele>
      </trkpt>
      <trkpt lat="37.25789193995297" lon="128.14704121090472">
        <ele>602.2</ele>
      </trkpt>
      <trkpt lat="37.25789277814329" lon="128.14704280346632">
        <ele>602.6</ele>
      </trkpt>
      <trkpt lat="37.25789596326649" lon="128.1470483355224">
        <ele>602.8</ele>
      </trkpt>
      <trkpt lat="37.25789981894195" lon="128.14705076627433">
        <ele>603.2</ele>
      </trkpt>
      <trkpt lat="37.257903926074505" lon="128.14705286175013">
        <ele>603.6</ele>
      </trkpt>
      <trkpt lat="37.25790702737868" lon="128.14705529250205">
        <ele>603.8</ele>
      </trkpt>
      <trkpt lat="37.25790970958769" lon="128.1470593996346">
        <ele>604.0</ele>
      </trkpt>
      <trkpt lat="37.257913732901216" lon="128.14706484787166">
        <ele>604.2</ele>
      </trkpt>
      <trkpt lat="37.2579181753099" lon="128.14706929028034">
        <ele>604.4</ele>
      </trkpt>
      <trkpt lat="37.257923958823085" lon="128.14707406796515">
        <ele>604.6</ele>
      </trkpt>
      <trkpt lat="37.25792756304145" lon="128.147078929469">
        <ele>604.8</ele>
      </trkpt>
      <trkpt lat="37.25792949087918" lon="128.14708429388702">
        <ele>605.0</ele>
      </trkpt>
      <trkpt lat="37.25793929770589" lon="128.14709736965597">
        <ele>605.2</ele>
      </trkpt>
      <trkpt lat="37.25794424302876" lon="128.14710658974946">
        <ele>605.2</ele>
      </trkpt>
      <trkpt lat="37.25795103237033" lon="128.1471148878336">
        <ele>605.4</ele>
      </trkpt>
      <trkpt lat="37.25795849226415" lon="128.14712452702224">
        <ele>605.4</ele>
      </trkpt>
      <trkpt lat="37.257966538891196" lon="128.14713458530605">
        <ele>605.4</ele>
      </trkpt>
      <trkpt lat="37.25797466933727" lon="128.14714497886598">
        <ele>605.6</ele>
      </trkpt>
      <trkpt lat="37.257982632145286" lon="128.14715570770204">
        <ele>605.6</ele>
      </trkpt>
      <trkpt lat="37.25799151696265" lon="128.14716652035713">
        <ele>605.6</ele>
      </trkpt>
      <trkpt lat="37.258000653237104" lon="128.14717775210738">
        <ele>605.6</ele>
      </trkpt>
      <trkpt lat="37.258009957149625" lon="128.14718990586698">
        <ele>605.6</ele>
      </trkpt>
      <trkpt lat="37.258017752319574" lon="128.1472034007311">
        <ele>605.8</ele>
      </trkpt>
      <trkpt lat="37.258026134222746" lon="128.1472193263471">
        <ele>606.0</ele>
      </trkpt>
      <trkpt lat="37.258034348487854" lon="128.14723181538284">
        <ele>606.0</ele>
      </trkpt>
      <trkpt lat="37.2580423951149" lon="128.14724287949502">
        <ele>606.2</ele>
      </trkpt>
      <trkpt lat="37.2580492682755" lon="128.147253356874">
        <ele>606.4</ele>
      </trkpt>
      <trkpt lat="37.258055387064815" lon="128.14726249314845">
        <ele>606.8</ele>
      </trkpt>
      <trkpt lat="37.258060835301876" lon="128.14727045595646">
        <ele>607.0</ele>
      </trkpt>
      <trkpt lat="37.2580648586154" lon="128.14727942459285">
        <ele>607.2</ele>
      </trkpt>
      <trkpt lat="37.25806871429086" lon="128.14728579483926">
        <ele>607.6</ele>
      </trkpt>
      <trkpt lat="37.25807307288051" lon="128.1472919974476">
        <ele>607.8</ele>
      </trkpt>
      <trkpt lat="37.258076425641775" lon="128.1472991220653">
        <ele>608.0</ele>
      </trkpt>
      <trkpt lat="37.25807944312692" lon="128.1473033130169">
        <ele>608.4</ele>
      </trkpt>
      <trkpt lat="37.25808338262141" lon="128.14730985090137">
        <ele>608.4</ele>
      </trkpt>
      <trkpt lat="37.258088579401374" lon="128.14731739461422">
        <ele>608.6</ele>
      </trkpt>
      <trkpt lat="37.25809293799102" lon="128.1473266147077">
        <ele>608.6</ele>
      </trkpt>
      <trkpt lat="37.258099392056465" lon="128.14733549952507">
        <ele>608.8</ele>
      </trkpt>
      <trkpt lat="37.258107690140605" lon="128.14734279178083">
        <ele>609.0</ele>
      </trkpt>
      <trkpt lat="37.258114563301206" lon="128.14735159277916">
        <ele>609.2</ele>
      </trkpt>
      <trkpt lat="37.25812126882374" lon="128.14736030995846">
        <ele>609.4</ele>
      </trkpt>
      <trkpt lat="37.2581285610795" lon="128.14737036824226">
        <ele>609.6</ele>
      </trkpt>
      <trkpt lat="37.25813426077366" lon="128.14738009124994">
        <ele>610.0</ele>
      </trkpt>
      <trkpt lat="37.25813954137266" lon="128.14738696441054">
        <ele>610.2</ele>
      </trkpt>
      <trkpt lat="37.2581459954381" lon="128.14739308319986">
        <ele>610.4</ele>
      </trkpt>
      <trkpt lat="37.258151695132256" lon="128.14739936962724">
        <ele>610.8</ele>
      </trkpt>
      <trkpt lat="37.258158568292856" lon="128.14740649424493">
        <ele>611.0</ele>
      </trkpt>
      <trkpt lat="37.25816426798701" lon="128.1474153790623">
        <ele>611.2</ele>
      </trkpt>
      <trkpt lat="37.258170219138265" lon="128.1474249344319">
        <ele>611.4</ele>
      </trkpt>
      <trkpt lat="37.25817633792758" lon="128.14743474125862">
        <ele>611.8</ele>
      </trkpt>
      <trkpt lat="37.25818212144077" lon="128.14744370989501">
        <ele>612.0</ele>
      </trkpt>
      <trkpt lat="37.25818715058267" lon="128.1474524270743">
        <ele>612.2</ele>
      </trkpt>
      <trkpt lat="37.25819159299135" lon="128.14746290445328">
        <ele>612.4</ele>
      </trkpt>
      <trkpt lat="37.25819494575262" lon="128.14746860414743">
        <ele>612.4</ele>
      </trkpt>
      <trkpt lat="37.25819746032357" lon="128.14747639931738">
        <ele>612.6</ele>
      </trkpt>
      <trkpt lat="37.258199974894524" lon="128.14748553559184">
        <ele>612.8</ele>
      </trkpt>
      <trkpt lat="37.25820316001773" lon="128.14749316312373">
        <ele>613.0</ele>
      </trkpt>
      <trkpt lat="37.2582062613219" lon="128.1475015450269">
        <ele>613.2</ele>
      </trkpt>
      <trkpt lat="37.25820902734995" lon="128.14750984311104">
        <ele>613.4</ele>
      </trkpt>
      <trkpt lat="37.25821531377733" lon="128.1475187279284">
        <ele>613.6</ele>
      </trkpt>
      <trkpt lat="37.25822285749018" lon="128.1475266907364">
        <ele>613.8</ele>
      </trkpt>
      <trkpt lat="37.2582358494401" lon="128.14753171987832">
        <ele>614.0</ele>
      </trkpt>
      <trkpt lat="37.258250433951616" lon="128.1475345697254">
        <ele>614.4</ele>
      </trkpt>
      <trkpt lat="37.258266527205706" lon="128.14753255806863">
        <ele>614.6</ele>
      </trkpt>
      <trkpt lat="37.258277675136924" lon="128.1475287862122">
        <ele>614.6</ele>
      </trkpt>
      <trkpt lat="37.258287481963634" lon="128.14752300269902">
        <ele>614.8</ele>
      </trkpt>
      <trkpt lat="37.258303072303534" lon="128.14750808291137">
        <ele>615.2</ele>
      </trkpt>
      <trkpt lat="37.25831162184477" lon="128.14749869517982">
        <ele>615.4</ele>
      </trkpt>
      <trkpt lat="37.258319249376655" lon="128.1474875472486">
        <ele>615.6</ele>
      </trkpt>
      <trkpt lat="37.25832637399435" lon="128.14747162163258">
        <ele>615.8</ele>
      </trkpt>
      <trkpt lat="37.25833131931722" lon="128.14745360054076">
        <ele>616.0</ele>
      </trkpt>
      <trkpt lat="37.258333917707205" lon="128.1474362500012">
        <ele>616.2</ele>
      </trkpt>
      <trkpt lat="37.25833718664944" lon="128.14741873182356">
        <ele>616.4</ele>
      </trkpt>
      <trkpt lat="37.25833911448717" lon="128.1474043149501">
        <ele>616.6</ele>
      </trkpt>
      <trkpt lat="37.25834196433425" lon="128.14739174209535">
        <ele>616.6</ele>
      </trkpt>
      <trkpt lat="37.25834397599101" lon="128.14738017506897">
        <ele>616.8</ele>
      </trkpt>
      <trkpt lat="37.25834590382874" lon="128.14737137407064">
        <ele>616.8</ele>
      </trkpt>
      <trkpt lat="37.25834783166647" lon="128.14736207015812">
        <ele>617.0</ele>
      </trkpt>
      <trkpt lat="37.25835110060871" lon="128.14735360443592">
        <ele>617.2</ele>
      </trkpt>
      <trkpt lat="37.25835260935128" lon="128.14734463579953">
        <ele>617.2</ele>
      </trkpt>
      <trkpt lat="37.258355375379324" lon="128.14733642153442">
        <ele>617.4</ele>
      </trkpt>
      <trkpt lat="37.258358309045434" lon="128.14732854254544">
        <ele>617.8</ele>
      </trkpt>
      <trkpt lat="37.25836208090186" lon="128.14732016064227">
        <ele>618.0</ele>
      </trkpt>
      <trkpt lat="37.258367110043764" lon="128.14731135964394">
        <ele>618.2</ele>
      </trkpt>
      <trkpt lat="37.25836987607181" lon="128.14730213955045">
        <ele>618.4</ele>
      </trkpt>
      <trkpt lat="37.25837322883308" lon="128.14729283563793">
        <ele>618.6</ele>
      </trkpt>
      <trkpt lat="37.25837758742273" lon="128.1472842860967">
        <ele>618.8</ele>
      </trkpt>
      <trkpt lat="37.25838052108884" lon="128.14727590419352">
        <ele>619.2</ele>
      </trkpt>
      <trkpt lat="37.25838353857398" lon="128.14726852811873">
        <ele>619.4</ele>
      </trkpt>
      <trkpt lat="37.258385298773646" lon="128.1472597271204">
        <ele>619.6</ele>
      </trkpt>
      <trkpt lat="37.25838655605912" lon="128.14725277014077">
        <ele>619.8</ele>
      </trkpt>
      <trkpt lat="37.25838655605912" lon="128.14724983647466">
        <ele>620.0</ele>
      </trkpt>
      <trkpt lat="37.25838689133525" lon="128.147248076275">
        <ele>620.2</ele>
      </trkpt>
      <trkpt lat="37.25838999263942" lon="128.14724681898952">
        <ele>620.4</ele>
      </trkpt>
      <trkpt lat="37.25839334540069" lon="128.1472457293421">
        <ele>620.6</ele>
      </trkpt>
      <trkpt lat="37.25839560851455" lon="128.14724698662758">
        <ele>620.8</ele>
      </trkpt>
      <trkpt lat="37.25839728489518" lon="128.1472515128553">
        <ele>621.0</ele>
      </trkpt>
      <trkpt lat="37.258396446704865" lon="128.14725662581623">
        <ele>621.2</ele>
      </trkpt>
      <trkpt lat="37.25839510560036" lon="128.1472636666149">
        <ele>621.4</ele>
      </trkpt>
      <trkpt lat="37.258395943790674" lon="128.14726735465229">
        <ele>621.6</ele>
      </trkpt>
      <trkpt lat="37.25839820690453" lon="128.14727221615613">
        <ele>621.8</ele>
      </trkpt>
      <trkpt lat="37.25840105675161" lon="128.14727657474577">
        <ele>622.0</ele>
      </trkpt>
      <trkpt lat="37.25840407423675" lon="128.147282442078">
        <ele>622.2</ele>
      </trkpt>
      <trkpt lat="37.25840734317899" lon="128.1472885608673">
        <ele>622.4</ele>
      </trkpt>
      <trkpt lat="37.2584102768451" lon="128.1472945958376">
        <ele>622.6</ele>
      </trkpt>
      <trkpt lat="37.258413042873144" lon="128.14730239100754">
        <ele>622.8</ele>
      </trkpt>
      <trkpt lat="37.258415054529905" lon="128.14731161110103">
        <ele>623.0</ele>
      </trkpt>
      <trkpt lat="37.25841723382473" lon="128.1473239324987">
        <ele>623.2</ele>
      </trkpt>
      <trkpt lat="37.25841932930052" lon="128.14733725972474">
        <ele>623.4</ele>
      </trkpt>
      <trkpt lat="37.25842209532857" lon="128.14735075458884">
        <ele>623.4</ele>
      </trkpt>
      <trkpt lat="37.25842595100403" lon="128.14736617729068">
        <ele>623.6</ele>
      </trkpt>
      <trkpt lat="37.25843056105077" lon="128.14738084562123">
        <ele>623.6</ele>
      </trkpt>
      <trkpt lat="37.25843567401171" lon="128.14739459194243">
        <ele>623.6</ele>
      </trkpt>
      <trkpt lat="37.25844061933458" lon="128.14740733243525">
        <ele>623.6</ele>
      </trkpt>
      <trkpt lat="37.25844514556229" lon="128.14741613343358">
        <ele>623.8</ele>
      </trkpt>
      <trkpt lat="37.258450761437416" lon="128.14742585644126">
        <ele>623.8</ele>
      </trkpt>
      <trkpt lat="37.25845579057932" lon="128.1474346574396">
        <ele>623.8</ele>
      </trkpt>
      <trkpt lat="37.258461490273476" lon="128.14744588918984">
        <ele>623.8</ele>
      </trkpt>
      <trkpt lat="37.25846601650119" lon="128.14745376817882">
        <ele>624.0</ele>
      </trkpt>
      <trkpt lat="37.25847196765244" lon="128.14746391028166">
        <ele>624.0</ele>
      </trkpt>
      <trkpt lat="37.2584774158895" lon="128.14747715368867">
        <ele>624.2</ele>
      </trkpt>
      <trkpt lat="37.25848319940269" lon="128.14748662523925">
        <ele>624.2</ele>
      </trkpt>
      <trkpt lat="37.258490826934576" lon="128.147499198094">
        <ele>624.4</ele>
      </trkpt>
      <trkpt lat="37.25850080139935" lon="128.14751260913908">
        <ele>624.6</ele>
      </trkpt>
      <trkpt lat="37.258513709530234" lon="128.14752283506095">
        <ele>624.8</ele>
      </trkpt>
      <trkpt lat="37.25852569565177" lon="128.1475263554603">
        <ele>625.0</ele>
      </trkpt>
      <trkpt lat="37.25853826850653" lon="128.14752484671772">
        <ele>625.2</ele>
      </trkpt>
      <trkpt lat="37.25854975171387" lon="128.1475182250142">
        <ele>625.4</ele>
      </trkpt>
      <trkpt lat="37.25855997763574" lon="128.1475107651204">
        <ele>625.6</ele>
      </trkpt>
      <trkpt lat="37.2585691139102" lon="128.1475047301501">
        <ele>625.8</ele>
      </trkpt>
      <trkpt lat="37.25858185440302" lon="128.14749701879919">
        <ele>626.0</ele>
      </trkpt>
      <trkpt lat="37.25859115831554" lon="128.1474883016199">
        <ele>626.2</ele>
      </trkpt>
      <trkpt lat="37.258600713685155" lon="128.14747807569802">
        <ele>626.4</ele>
      </trkpt>
      <trkpt lat="37.25861077196896" lon="128.14746935851872">
        <ele>626.6</ele>
      </trkpt>
      <trkpt lat="37.2586190700531" lon="128.14746131189167">
        <ele>626.8</ele>
      </trkpt>
      <trkpt lat="37.25862485356629" lon="128.14745192416012">
        <ele>627.0</ele>
      </trkpt>
      <trkpt lat="37.258629547432065" lon="128.14744044095278">
        <ele>627.4</ele>
      </trkpt>
      <trkpt lat="37.25863264873624" lon="128.14743004739285">
        <ele>627.6</ele>
      </trkpt>
      <trkpt lat="37.258633989840746" lon="128.14742116257548">
        <ele>627.8</ele>
      </trkpt>
      <trkpt lat="37.25863533094525" lon="128.14741286449134">
        <ele>628.0</ele>
      </trkpt>
      <trkpt lat="37.25863658823073" lon="128.14740967936814">
        <ele>628.2</ele>
      </trkpt>
      <trkpt lat="37.25863960571587" lon="128.14740926027298">
        <ele>628.4</ele>
      </trkpt>
      <trkpt lat="37.25864094682038" lon="128.14741051755846">
        <ele>628.6</ele>
      </trkpt>
      <trkpt lat="37.25863516330719" lon="128.14743038266897">
        <ele>629.0</ele>
      </trkpt>
      <trkpt lat="37.25863482803106" lon="128.14743666909635">
        <ele>629.2</ele>
      </trkpt>
      <trkpt lat="37.258634660393" lon="128.14744362607598">
        <ele>629.4</ele>
      </trkpt>
      <trkpt lat="37.25863792933524" lon="128.14745091833174">
        <ele>629.6</ele>
      </trkpt>
      <trkpt lat="37.25864069536328" lon="128.1474563665688">
        <ele>629.8</ele>
      </trkpt>
      <trkpt lat="37.2586433775723" lon="128.14746072515845">
        <ele>630.0</ele>
      </trkpt>
      <trkpt lat="37.25864429958165" lon="128.1474627368152">
        <ele>630.0</ele>
      </trkpt>
      <trkpt lat="37.25864429958165" lon="128.1474664248526">
        <ele>630.2</ele>
      </trkpt>
      <trkpt lat="37.258645724505186" lon="128.1474738009274">
        <ele>630.4</ele>
      </trkpt>
      <trkpt lat="37.25864941254258" lon="128.14748075790703">
        <ele>630.6</ele>
      </trkpt>
      <trkpt lat="37.25865217857063" lon="128.14748377539217">
        <ele>630.8</ele>
      </trkpt>
      <trkpt lat="37.25865486077964" lon="128.14748662523925">
        <ele>631.0</ele>
      </trkpt>
      <trkpt lat="37.25866064429283" lon="128.14748737961054">
        <ele>631.2</ele>
      </trkpt>
      <trkpt lat="37.25866986438632" lon="128.1474888883531">
        <ele>631.4</ele>
      </trkpt>
      <trkpt lat="37.258680341765285" lon="128.147485954687">
        <ele>631.4</ele>
      </trkpt>
      <trkpt lat="37.258688723668456" lon="128.14748059026897">
        <ele>631.6</ele>
      </trkpt>
      <trkpt lat="37.25869635120034" lon="128.14747572876513">
        <ele>631.8</ele>
      </trkpt>
      <trkpt lat="37.25870096124709" lon="128.14747346565127">
        <ele>631.8</ele>
      </trkpt>
      <trkpt lat="37.25870448164642" lon="128.14747162163258">
        <ele>632.0</ele>
      </trkpt>
      <trkpt lat="37.258706744760275" lon="128.14747028052807">
        <ele>632.2</ele>
      </trkpt>
      <trkpt lat="37.258708253502846" lon="128.1474698614329">
        <ele>632.2</ele>
      </trkpt>
      <trkpt lat="37.2587105166167" lon="128.14747044816613">
        <ele>632.2</ele>
      </trkpt>
      <trkpt lat="37.258724849671125" lon="128.14745720475912">
        <ele>632.2</ele>
      </trkpt>
      <trkpt lat="37.25872912444174" lon="128.14745100215077">
        <ele>632.2</ele>
      </trkpt>
      <trkpt lat="37.25873390212655" lon="128.14744387753308">
        <ele>632.2</ele>
      </trkpt>
      <trkpt lat="37.25873867981136" lon="128.1474354956299">
        <ele>632.4</ele>
      </trkpt>
      <trkpt lat="37.25874278694391" lon="128.14742661081254">
        <ele>632.6</ele>
      </trkpt>
      <trkpt lat="37.25874496623874" lon="128.14741814509034">
        <ele>632.6</ele>
      </trkpt>
      <trkpt lat="37.2587469778955" lon="128.14740867353976">
        <ele>632.8</ele>
      </trkpt>
      <trkpt lat="37.258748235180974" lon="128.14740071073174">
        <ele>633.0</ele>
      </trkpt>
      <trkpt lat="37.25874966010451" lon="128.1473921611905">
        <ele>633.0</ele>
      </trkpt>
      <trkpt lat="37.25875083357096" lon="128.14738520421088">
        <ele>633.0</ele>
      </trkpt>
      <trkpt lat="37.258753180503845" lon="128.14736969769">
        <ele>633.0</ele>
      </trkpt>
      <trkpt lat="37.25875284522772" lon="128.1473601423204">
        <ele>633.0</ele>
      </trkpt>
      <trkpt lat="37.25875376723707" lon="128.14735108986497">
        <ele>633.2</ele>
      </trkpt>
      <trkpt lat="37.2587556950748" lon="128.14734421670437">
        <ele>633.2</ele>
      </trkpt>
      <trkpt lat="37.25875871255994" lon="128.14734027720988">
        <ele>633.4</ele>
      </trkpt>
      <trkpt lat="37.25876281969249" lon="128.1473397742957">
        <ele>633.4</ele>
      </trkpt>
      <trkpt lat="37.258765837177634" lon="128.1473419535905">
        <ele>633.6</ele>
      </trkpt>
      <trkpt lat="37.25876659154892" lon="128.1473463959992">
        <ele>633.8</ele>
      </trkpt>
      <trkpt lat="37.25876793265343" lon="128.14735134132206">
        <ele>634.2</ele>
      </trkpt>
      <trkpt lat="37.25876851938665" lon="128.1473559513688">
        <ele>634.4</ele>
      </trkpt>
      <trkpt lat="37.25877279415727" lon="128.14736483618617">
        <ele>634.6</ele>
      </trkpt>
      <trkpt lat="37.258774638175964" lon="128.1473709549755">
        <ele>634.8</ele>
      </trkpt>
      <trkpt lat="37.25877824239433" lon="128.14737900160253">
        <ele>635.0</ele>
      </trkpt>
      <trkpt lat="37.25878092460334" lon="128.1473839469254">
        <ele>635.2</ele>
      </trkpt>
      <trkpt lat="37.25878327153623" lon="128.14739048480988">
        <ele>635.4</ele>
      </trkpt>
      <trkpt lat="37.258785869926214" lon="128.1473984476179">
        <ele>635.4</ele>
      </trkpt>
      <trkpt lat="37.258787797763944" lon="128.1474029738456">
        <ele>635.6</ele>
      </trkpt>
      <trkpt lat="37.25879408419132" lon="128.14740766771138">
        <ele>635.8</ele>
      </trkpt>
      <trkpt lat="37.258798610419035" lon="128.14740917645395">
        <ele>636.0</ele>
      </trkpt>
      <trkpt lat="37.2588106803596" lon="128.14741730690002">
        <ele>636.6</ele>
      </trkpt>
      <trkpt lat="37.2588228341192" lon="128.14741889946163">
        <ele>636.8</ele>
      </trkpt>
      <trkpt lat="37.258833730593324" lon="128.14741613343358">
        <ele>637.0</ele>
      </trkpt>
      <trkpt lat="37.25884487852454" lon="128.1474100984633">
        <ele>637.2</ele>
      </trkpt>
      <trkpt lat="37.25885108113289" lon="128.14740473404527">
        <ele>637.4</ele>
      </trkpt>
      <trkpt lat="37.25885996595025" lon="128.14739878289402">
        <ele>637.6</ele>
      </trkpt>
      <trkpt lat="37.25886784493923" lon="128.1473924126476">
        <ele>637.8</ele>
      </trkpt>
      <trkpt lat="37.25887471809983" lon="128.14738411456347">
        <ele>638.0</ele>
      </trkpt>
      <trkpt lat="37.2588817588985" lon="128.14737606793642">
        <ele>638.2</ele>
      </trkpt>
      <trkpt lat="37.25888737477362" lon="128.1473704520613">
        <ele>638.4</ele>
      </trkpt>
      <trkpt lat="37.2588918171823" lon="128.14736483618617">
        <ele>638.4</ele>
      </trkpt>
      <trkpt lat="37.258894415572286" lon="128.14735813066363">
        <ele>638.6</ele>
      </trkpt>
      <trkpt lat="37.25889919325709" lon="128.1473358348012">
        <ele>639.2</ele>
      </trkpt>
      <trkpt lat="37.25890036672354" lon="128.14732384867966">
        <ele>639.4</ele>
      </trkpt>
      <trkpt lat="37.25890137255192" lon="128.14731412567198">
        <ele>639.6</ele>
      </trkpt>
      <trkpt lat="37.2589039709419" lon="128.14730364829302">
        <ele>639.8</ele>
      </trkpt>
      <trkpt lat="37.25890589877963" lon="128.1472948472947">
        <ele>639.8</ele>
      </trkpt>
      <trkpt lat="37.25890967063606" lon="128.1472845375538">
        <ele>640.0</ele>
      </trkpt>
      <trkpt lat="37.2589126881212" lon="128.14727406017482">
        <ele>640.0</ele>
      </trkpt>
      <trkpt lat="37.25891469977796" lon="128.14726282842457">
        <ele>640.2</ele>
      </trkpt>
      <trkpt lat="37.258914951235056" lon="128.14725436270237">
        <ele>640.4</ele>
      </trkpt>
      <trkpt lat="37.25891335867345" lon="128.14724774099886">
        <ele>640.4</ele>
      </trkpt>
      <trkpt lat="37.25891159847379" lon="128.1472393590957">
        <ele>640.6</ele>
      </trkpt>
      <trkpt lat="37.258909000083804" lon="128.1472327373922">
        <ele>640.8</ele>
      </trkpt>
      <trkpt lat="37.258906653150916" lon="128.14722754061222">
        <ele>641.0</ele>
      </trkpt>
      <trkpt lat="37.258902713656425" lon="128.14722049981356">
        <ele>641.0</ele>
      </trkpt>
      <trkpt lat="37.2589005343616" lon="128.14721379429102">
        <ele>641.2</ele>
      </trkpt>
      <trkpt lat="37.25889944471419" lon="128.14721195027232">
        <ele>641.4</ele>
      </trkpt>
      <trkpt lat="37.25890229456127" lon="128.14720616675913">
        <ele>641.6</ele>
      </trkpt>
      <trkpt lat="37.258907156065106" lon="128.14720524474978">
        <ele>641.6</ele>
      </trkpt>
      <trkpt lat="37.25891134701669" lon="128.14720725640655">
        <ele>641.8</ele>
      </trkpt>
      <trkpt lat="37.25891721434891" lon="128.1472129561007">
        <ele>641.8</ele>
      </trkpt>
      <trkpt lat="37.25892207585275" lon="128.14721857197583">
        <ele>642.0</ele>
      </trkpt>
      <trkpt lat="37.25892693735659" lon="128.14722578041255">
        <ele>642.2</ele>
      </trkpt>
      <trkpt lat="37.258930038660765" lon="128.14723256975412">
        <ele>642.2</ele>
      </trkpt>
      <trkpt lat="37.25893867202103" lon="128.14724514260888">
        <ele>642.6</ele>
      </trkpt>
      <trkpt lat="37.25894504226744" lon="128.1472510099411">
        <ele>642.8</ele>
      </trkpt>
      <trkpt lat="37.25895116105676" lon="128.14725612290204">
        <ele>643.0</ele>
      </trkpt>
      <trkpt lat="37.25895409472287" lon="128.14726073294878">
        <ele>643.2</ele>
      </trkpt>
      <trkpt lat="37.258958453312516" lon="128.14726433716714">
        <ele>643.4</ele>
      </trkpt>
      <trkpt lat="37.25896214134991" lon="128.14726760610938">
        <ele>643.6</ele>
      </trkpt>
      <trkpt lat="37.25896700285375" lon="128.14727095887065">
        <ele>643.6</ele>
      </trkpt>
      <trkpt lat="37.25897094234824" lon="128.14727565273643">
        <ele>643.8</ele>
      </trkpt>
      <trkpt lat="37.25897781550884" lon="128.14728202298284">
        <ele>644.0</ele>
      </trkpt>
      <trkpt lat="37.25898594595492" lon="128.1472837831825">
        <ele>644.0</ele>
      </trkpt>
      <trkpt lat="37.25899776443839" lon="128.14728336408734">
        <ele>644.2</ele>
      </trkpt>
      <trkpt lat="37.25901192985475" lon="128.14727221615613">
        <ele>644.4</ele>
      </trkpt>
      <trkpt lat="37.25902467034757" lon="128.14725846983492">
        <ele>644.6</ele>
      </trkpt>
      <trkpt lat="37.259033722803" lon="128.14724246039987">
        <ele>644.8</ele>
      </trkpt>
      <trkpt lat="37.2590387519449" lon="128.14722795970738">
        <ele>645.0</ele>
      </trkpt>
      <trkpt lat="37.25904311053455" lon="128.14721203409135">
        <ele>645.2</ele>
      </trkpt>
      <trkpt lat="37.259045876562595" lon="128.14719744957983">
        <ele>645.6</ele>
      </trkpt>
      <trkpt lat="37.25904763676226" lon="128.14718185923994">
        <ele>645.8</ele>
      </trkpt>
      <trkpt lat="37.25904847495258" lon="128.14716869965196">
        <ele>646.2</ele>
      </trkpt>
      <trkpt lat="37.259048307314515" lon="128.1471566297114">
        <ele>646.4</ele>
      </trkpt>
      <trkpt lat="37.259048726409674" lon="128.14714707434177">
        <ele>646.8</ele>
      </trkpt>
      <trkpt lat="37.259048307314515" lon="128.14713978208601">
        <ele>647.0</ele>
      </trkpt>
      <trkpt lat="37.25904847495258" lon="128.1471339147538">
        <ele>647.2</ele>
      </trkpt>
      <trkpt lat="37.259048810228705" lon="128.14712829887867">
        <ele>647.4</ele>
      </trkpt>
      <trkpt lat="37.2590509057045" lon="128.14712410792708">
        <ele>647.8</ele>
      </trkpt>
      <trkpt lat="37.259052246809006" lon="128.14712000079453">
        <ele>648.0</ele>
      </trkpt>
      <trkpt lat="37.259054677560925" lon="128.14711656421423">
        <ele>648.2</ele>
      </trkpt>
      <trkpt lat="37.25905769504607" lon="128.14711379818618">
        <ele>648.6</ele>
      </trkpt>
      <trkpt lat="37.259059036150575" lon="128.14711337909102">
        <ele>648.8</ele>
      </trkpt>
      <trkpt lat="37.25906381383538" lon="128.14711421728134">
        <ele>649.0</ele>
      </trkpt>
      <trkpt lat="37.25906716659665" lon="128.14711388200521">
        <ele>649.4</ele>
      </trkpt>
      <trkpt lat="37.25906859152019" lon="128.1471167318523">
        <ele>649.6</ele>
      </trkpt>
      <trkpt lat="37.25906959734857" lon="128.14712402410805">
        <ele>650.0</ele>
      </trkpt>
      <trkpt lat="37.259069848805666" lon="128.1471439730376">
        <ele>650.6</ele>
      </trkpt>
      <trkpt lat="37.25907110609114" lon="128.14715151675045">
        <ele>650.8</ele>
      </trkpt>
      <trkpt lat="37.259072782471776" lon="128.14715704880655">
        <ele>651.0</ele>
      </trkpt>
      <trkpt lat="37.25907487794757" lon="128.14716199412942">
        <ele>651.2</ele>
      </trkpt>
      <trkpt lat="37.2590765543282" lon="128.14716978929937">
        <ele>651.4</ele>
      </trkpt>
      <trkpt lat="37.2590802423656" lon="128.14717942848802">
        <ele>651.6</ele>
      </trkpt>
      <trkpt lat="37.25908510386944" lon="128.14718982204795">
        <ele>651.8</ele>
      </trkpt>
      <trkpt lat="37.25909105502069" lon="128.14719904214144">
        <ele>652.0</ele>
      </trkpt>
      <trkpt lat="37.2590974252671" lon="128.14720784313977">
        <ele>652.0</ele>
      </trkpt>
      <trkpt lat="37.25910572335124" lon="128.14721647650003">
        <ele>652.2</ele>
      </trkpt>
      <trkpt lat="37.259115278720856" lon="128.14722452312708">
        <ele>652.2</ele>
      </trkpt>
      <trkpt lat="37.25912919268012" lon="128.14722980372608">
        <ele>652.4</ele>
      </trkpt>
      <trkpt lat="37.25914293900132" lon="128.14722787588835">
        <ele>652.4</ele>
      </trkpt>
      <trkpt lat="37.259155260398984" lon="128.1472221761942">
        <ele>652.6</ele>
      </trkpt>
      <trkpt lat="37.25916674360633" lon="128.14721253700554">
        <ele>652.6</ele>
      </trkpt>
      <trkpt lat="37.25917604751885" lon="128.1471994612366">
        <ele>652.8</ele>
      </trkpt>
      <trkpt lat="37.25918333977461" lon="128.1471875589341">
        <ele>653.2</ele>
      </trkpt>
      <trkpt lat="37.25918878801167" lon="128.14717892557383">
        <ele>653.4</ele>
      </trkpt>
      <trkpt lat="37.25919180549681" lon="128.14716953784227">
        <ele>653.8</ele>
      </trkpt>
      <trkpt lat="37.25919432006776" lon="128.1471595633775">
        <ele>654.2</ele>
      </trkpt>
      <trkpt lat="37.259195828810334" lon="128.14714984036982">
        <ele>654.4</ele>
      </trkpt>
      <trkpt lat="37.25919557735324" lon="128.14714640378952">
        <ele>654.8</ele>
      </trkpt>
      <trkpt lat="37.25919742137194" lon="128.14714967273176">
        <ele>655.2</ele>
      </trkpt>
      <trkpt lat="37.259198846295476" lon="128.1471595633775">
        <ele>655.4</ele>
      </trkpt>
      <trkpt lat="37.2592010255903" lon="128.14716769382358">
        <ele>655.8</ele>
      </trkpt>
      <trkpt lat="37.25920203141868" lon="128.14717632718384">
        <ele>656.0</ele>
      </trkpt>
      <trkpt lat="37.259204713627696" lon="128.1471857149154">
        <ele>656.4</ele>
      </trkpt>
      <trkpt lat="37.25920555181801" lon="128.14719292335212">
        <ele>656.4</ele>
      </trkpt>
      <trkpt lat="37.25920639000833" lon="128.14719912596047">
        <ele>656.8</ele>
      </trkpt>
      <trkpt lat="37.25920722819865" lon="128.14720306545496">
        <ele>657.0</ele>
      </trkpt>
      <trkpt lat="37.25920898839831" lon="128.14720851369202">
        <ele>657.2</ele>
      </trkpt>
      <trkpt lat="37.25921234115958" lon="128.14721463248134">
        <ele>657.4</ele>
      </trkpt>
      <trkpt lat="37.259216364473104" lon="128.14721882343292">
        <ele>657.8</ele>
      </trkpt>
      <trkpt lat="37.25922315381467" lon="128.14722578041255">
        <ele>658.0</ele>
      </trkpt>
      <trkpt lat="37.25923212245107" lon="128.14723131246865">
        <ele>658.4</ele>
      </trkpt>
      <trkpt lat="37.259243270382285" lon="128.14723558723927">
        <ele>658.6</ele>
      </trkpt>
      <trkpt lat="37.25925617851317" lon="128.1472333241254">
        <ele>659.0</ele>
      </trkpt>
      <trkpt lat="37.25926900282502" lon="128.14722678624094">
        <ele>659.2</ele>
      </trkpt>
      <trkpt lat="37.25927981548011" lon="128.1472148001194">
        <ele>659.6</ele>
      </trkpt>
      <trkpt lat="37.259287275373936" lon="128.14720189198852">
        <ele>659.8</ele>
      </trkpt>
      <trkpt lat="37.25929230451584" lon="128.14718906767666">
        <ele>660.0</ele>
      </trkpt>
      <trkpt lat="37.25929741747677" lon="128.14717590808868">
        <ele>660.2</ele>
      </trkpt>
      <trkpt lat="37.25930102169514" lon="128.14716241322458">
        <ele>660.4</ele>
      </trkpt>
      <trkpt lat="37.25930412299931" lon="128.147150343284">
        <ele>660.6</ele>
      </trkpt>
      <trkpt lat="37.25930697284639" lon="128.14713802188635">
        <ele>660.8</ele>
      </trkpt>
      <trkpt lat="37.25930814631283" lon="128.1471244432032">
        <ele>661.0</ele>
      </trkpt>
      <trkpt lat="37.259308733046055" lon="128.14711086452007">
        <ele>661.4</ele>
      </trkpt>
      <trkpt lat="37.25930881686509" lon="128.1471019797027">
        <ele>661.6</ele>
      </trkpt>
      <trkpt lat="37.25931091234088" lon="128.14709552563727">
        <ele>661.8</ele>
      </trkpt>
      <trkpt lat="37.25931233726442" lon="128.1470892392099">
        <ele>662.2</ele>
      </trkpt>
      <trkpt lat="37.259313091635704" lon="128.1470834556967">
        <ele>662.4</ele>
      </trkpt>
      <trkpt lat="37.25931485183537" lon="128.14707666635513">
        <ele>662.6</ele>
      </trkpt>
      <trkpt lat="37.259317114949226" lon="128.14707054756582">
        <ele>662.8</ele>
      </trkpt>
      <trkpt lat="37.2593202162534" lon="128.14706501550972">
        <ele>663.0</ele>
      </trkpt>
      <trkpt lat="37.25932323373854" lon="128.14705881290138">
        <ele>663.4</ele>
      </trkpt>
      <trkpt lat="37.259325329214334" lon="128.1470546219498">
        <ele>663.6</ele>
      </trkpt>
      <trkpt lat="37.25932742469013" lon="128.1470514368266">
        <ele>663.8</ele>
      </trkpt>
      <trkpt lat="37.259328765794635" lon="128.14705294556916">
        <ele>664.2</ele>
      </trkpt>
      <trkpt lat="37.25933060981333" lon="128.14705554395914">
        <ele>664.6</ele>
      </trkpt>
      <trkpt lat="37.25933253765106" lon="128.1470623333007">
        <ele>664.8</ele>
      </trkpt>
      <trkpt lat="37.25933304056525" lon="128.14706719480455">
        <ele>665.2</ele>
      </trkpt>
      <trkpt lat="37.25933387875557" lon="128.14707297831774">
        <ele>665.4</ele>
      </trkpt>
      <trkpt lat="37.25933530367911" lon="128.14707742072642">
        <ele>665.6</ele>
      </trkpt>
      <trkpt lat="37.25933547131717" lon="128.14708337187767">
        <ele>666.0</ele>
      </trkpt>
      <trkpt lat="37.259334633126855" lon="128.1470900774002">
        <ele>666.2</ele>
      </trkpt>
      <trkpt lat="37.25933597423136" lon="128.1470987945795">
        <ele>666.4</ele>
      </trkpt>
      <trkpt lat="37.259337147697806" lon="128.14711136743426">
        <ele>666.8</ele>
      </trkpt>
      <trkpt lat="37.25933798588812" lon="128.14712192863226">
        <ele>667.0</ele>
      </trkpt>
      <trkpt lat="37.25933798588812" lon="128.14713324420154">
        <ele>667.2</ele>
      </trkpt>
      <trkpt lat="37.25933915935457" lon="128.14714321866632">
        <ele>667.4</ele>
      </trkpt>
      <trkpt lat="37.25934159010649" lon="128.1471516005695">
        <ele>667.6</ele>
      </trkpt>
      <trkpt lat="37.25934326648712" lon="128.14715914428234">
        <ele>667.8</ele>
      </trkpt>
      <trkpt lat="37.259347289800644" lon="128.14716660417616">
        <ele>668.0</ele>
      </trkpt>
      <trkpt lat="37.25934963673353" lon="128.14717238768935">
        <ele>668.2</ele>
      </trkpt>
      <trkpt lat="37.259350810199976" lon="128.14717942848802">
        <ele>668.4</ele>
      </trkpt>
      <trkpt lat="37.2593529894948" lon="128.1471955217421">
        <ele>668.8</ele>
      </trkpt>
      <trkpt lat="37.259354246780276" lon="128.14720440655947">
        <ele>669.0</ele>
      </trkpt>
      <trkpt lat="37.25935550406575" lon="128.14721178263426">
        <ele>669.4</ele>
      </trkpt>
      <trkpt lat="37.25935634225607" lon="128.14721706323326">
        <ele>669.6</ele>
      </trkpt>
      <trkpt lat="37.259356174618006" lon="128.14722477458417">
        <ele>669.8</ele>
      </trkpt>
      <trkpt lat="37.25935676135123" lon="128.14723131246865">
        <ele>670.2</ele>
      </trkpt>
      <trkpt lat="37.25935751572251" lon="128.1472370121628">
        <ele>670.4</ele>
      </trkpt>
      <trkpt lat="37.25935877300799" lon="128.14724287949502">
        <ele>670.6</ele>
      </trkpt>
      <trkpt lat="37.25936036556959" lon="128.14724908210337">
        <ele>670.8</ele>
      </trkpt>
      <trkpt lat="37.25936212576926" lon="128.1472562905401">
        <ele>671.0</ele>
      </trkpt>
      <trkpt lat="37.25936430506408" lon="128.14726484008133">
        <ele>671.2</ele>
      </trkpt>
      <trkpt lat="37.25936522707343" lon="128.14727489836514">
        <ele>671.4</ele>
      </trkpt>
      <trkpt lat="37.25936707109213" lon="128.1472842860967">
        <ele>671.8</ele>
      </trkpt>
      <trkpt lat="37.25936891511083" lon="128.14729467965662">
        <ele>672.0</ele>
      </trkpt>
      <trkpt lat="37.259370256215334" lon="128.1473038997501">
        <ele>672.2</ele>
      </trkpt>
      <trkpt lat="37.25937210023403" lon="128.14731353893876">
        <ele>672.6</ele>
      </trkpt>
      <trkpt lat="37.259373692795634" lon="128.14732267521322">
        <ele>672.8</ele>
      </trkpt>
      <trkpt lat="37.25937503390014" lon="128.14733432605863">
        <ele>673.0</ele>
      </trkpt>
      <trkpt lat="37.25937788374722" lon="128.1473448034376">
        <ele>673.4</ele>
      </trkpt>
      <trkpt lat="37.259379643946886" lon="128.1473569571972">
        <ele>673.6</ele>
      </trkpt>
      <trkpt lat="37.25938098505139" lon="128.1473678536713">
        <ele>673.8</ele>
      </trkpt>
      <trkpt lat="37.25938366726041" lon="128.14737900160253">
        <ele>674.2</ele>
      </trkpt>
      <trkpt lat="37.259386936202645" lon="128.14738855697215">
        <ele>674.4</ele>
      </trkpt>
      <trkpt lat="37.259389786049724" lon="128.14739861525595">
        <ele>674.6</ele>
      </trkpt>
      <trkpt lat="37.25939456373453" lon="128.14741370268166">
        <ele>674.8</ele>
      </trkpt>
      <trkpt lat="37.25940043106675" lon="128.14742711372674">
        <ele>675.0</ele>
      </trkpt>
      <trkpt lat="37.25940780714154" lon="128.1474394351244">
        <ele>675.4</ele>
      </trkpt>
      <trkpt lat="37.25941602140665" lon="128.14745142124593">
        <ele>675.6</ele>
      </trkpt>
      <trkpt lat="37.259427420794964" lon="128.1474600546062">
        <ele>675.8</ele>
      </trkpt>
      <trkpt lat="37.25944007746875" lon="128.1474650837481">
        <ele>676.2</ele>
      </trkpt>
      <trkpt lat="37.25945055484772" lon="128.14746977761388">
        <ele>676.4</ele>
      </trkpt>
      <trkpt lat="37.25946296006441" lon="128.14747648313642">
        <ele>676.6</ele>
      </trkpt>
      <trkpt lat="37.25947544910014" lon="128.1474830210209">
        <ele>677.0</ele>
      </trkpt>
      <trkpt lat="37.259485675022006" lon="128.14748905599117">
        <ele>677.2</ele>
      </trkpt>
      <trkpt lat="37.2594946436584" lon="128.14749324694276">
        <ele>677.4</ele>
      </trkpt>
      <trkpt lat="37.25950537249446" lon="128.147496515885">
        <ele>677.6</ele>
      </trkpt>
      <trkpt lat="37.259516352787614" lon="128.14749978482723">
        <ele>677.8</ele>
      </trkpt>
      <trkpt lat="37.259524650871754" lon="128.1475036405027">
        <ele>678.0</ele>
      </trkpt>
      <trkpt lat="37.25953579880297" lon="128.14750749617815">
        <ele>678.2</ele>
      </trkpt>
      <trkpt lat="37.25954711437225" lon="128.1475113518536">
        <ele>678.2</ele>
      </trkpt>
      <trkpt lat="37.25955708883703" lon="128.1475157942623">
        <ele>678.4</ele>
      </trkpt>
      <trkpt lat="37.25956840440631" lon="128.1475182250142">
        <ele>678.6</ele>
      </trkpt>
      <trkpt lat="37.259579971432686" lon="128.1475189793855">
        <ele>678.6</ele>
      </trkpt>
      <trkpt lat="37.25959346629679" lon="128.14751805737615">
        <ele>678.8</ele>
      </trkpt>
      <trkpt lat="37.25960763171315" lon="128.14751671627164">
        <ele>678.8</ele>
      </trkpt>
      <trkpt lat="37.25962162949145" lon="128.14751428551972">
        <ele>679.0</ele>
      </trkpt>
      <trkpt lat="37.25963579490781" lon="128.14751244150102">
        <ele>679.0</ele>
      </trkpt>
      <trkpt lat="37.25964752957225" lon="128.1475113518536">
        <ele>679.2</ele>
      </trkpt>
      <trkpt lat="37.25965934805572" lon="128.14751177094877">
        <ele>679.4</ele>
      </trkpt>
      <trkpt lat="37.25967057980597" lon="128.14751378260553">
        <ele>679.4</ele>
      </trkpt>
      <trkpt lat="37.2596809733659" lon="128.1475168839097">
        <ele>679.6</ele>
      </trkpt>
      <trkpt lat="37.25969094783068" lon="128.14752040430903">
        <ele>679.8</ele>
      </trkpt>
      <trkpt lat="37.2597000002861" lon="128.14752367325127">
        <ele>680.2</ele>
      </trkpt>
      <trkpt lat="37.25970955565572" lon="128.14752602018416">
        <ele>680.4</ele>
      </trkpt>
      <trkpt lat="37.25971844047308" lon="128.14752811565995">
        <ele>680.6</ele>
      </trkpt>
      <trkpt lat="37.259726487100124" lon="128.1475297920406">
        <ele>681.0</ele>
      </trkpt>
      <trkpt lat="37.25973260588944" lon="128.1475303787738">
        <ele>681.2</ele>
      </trkpt>
      <trkpt lat="37.25974936969578" lon="128.14753398299217">
        <ele>681.8</ele>
      </trkpt>
      <trkpt lat="37.25975741632283" lon="128.14753549173474">
        <ele>682.0</ele>
      </trkpt>
      <trkpt lat="37.259765630587935" lon="128.14753733575344">
        <ele>682.4</ele>
      </trkpt>
      <trkpt lat="37.25977258756757" lon="128.14753850921988">
        <ele>682.6</ele>
      </trkpt>
      <trkpt lat="37.25978004746139" lon="128.14754077233374">
        <ele>683.0</ele>
      </trkpt>
      <trkpt lat="37.25978784263134" lon="128.14754362218082">
        <ele>683.2</ele>
      </trkpt>
      <trkpt lat="37.259798403829336" lon="128.14754613675177">
        <ele>683.4</ele>
      </trkpt>
      <trkpt lat="37.25980946794152" lon="128.14754798077047">
        <ele>683.6</ele>
      </trkpt>
      <trkpt lat="37.25982212461531" lon="128.14754789695144">
        <ele>683.8</ele>
      </trkpt>
      <trkpt lat="37.25983218289912" lon="128.14754705876112">
        <ele>684.0</ele>
      </trkpt>
      <trkpt lat="37.25984106771648" lon="128.14754739403725">
        <ele>684.4</ele>
      </trkpt>
      <trkpt lat="37.25984886288643" lon="128.14754772931337">
        <ele>684.6</ele>
      </trkpt>
      <trkpt lat="37.25985640659928" lon="128.14754798077047">
        <ele>684.8</ele>
      </trkpt>
      <trkpt lat="37.25986294448376" lon="128.14754923805594">
        <ele>685.0</ele>
      </trkpt>
      <trkpt lat="37.25986763834953" lon="128.14755083061755">
        <ele>685.4</ele>
      </trkpt>
      <trkpt lat="37.25987593643367" lon="128.14755594357848">
        <ele>685.6</ele>
      </trkpt>
      <trkpt lat="37.25988490507007" lon="128.14756248146296">
        <ele>685.8</ele>
      </trkpt>
      <trkpt lat="37.259892700240016" lon="128.1475694384426">
        <ele>686.0</ele>
      </trkpt>
      <trkpt lat="37.259898567572236" lon="128.14757731743157">
        <ele>686.2</ele>
      </trkpt>
      <trkpt lat="37.25990669801831" lon="128.14758628606796">
        <ele>686.2</ele>
      </trkpt>
      <trkpt lat="37.25991348735988" lon="128.14759416505694">
        <ele>686.2</ele>
      </trkpt>
      <trkpt lat="37.25991876795888" lon="128.14760229550302">
        <ele>686.4</ele>
      </trkpt>
      <trkpt lat="37.2599227912724" lon="128.14761025831103">
        <ele>686.6</ele>
      </trkpt>
      <trkpt lat="37.25992723368108" lon="128.14761897549033">
        <ele>686.8</ele>
      </trkpt>
      <trkpt lat="37.25992999970913" lon="128.14762953668833">
        <ele>687.0</ele>
      </trkpt>
      <trkpt lat="37.25993284955621" lon="128.14763867296278">
        <ele>687.2</ele>
      </trkpt>
      <trkpt lat="37.25993771106005" lon="128.1476521678269">
        <ele>687.4</ele>
      </trkpt>
      <trkpt lat="37.25994315929711" lon="128.14766792580485">
        <ele>687.6</ele>
      </trkpt>
      <trkpt lat="37.259947434067726" lon="128.1476823426783">
        <ele>687.6</ele>
      </trkpt>
      <trkpt lat="37.25995254702866" lon="128.1476984359324">
        <ele>687.8</ele>
      </trkpt>
      <trkpt lat="37.25995782762766" lon="128.1477135233581">
        <ele>688.0</ele>
      </trkpt>
      <trkpt lat="37.2599642816931" lon="128.14772877842188">
        <ele>688.4</ele>
      </trkpt>
      <trkpt lat="37.25997165776789" lon="128.14774487167597">
        <ele>688.6</ele>
      </trkpt>
      <trkpt lat="37.25998020730913" lon="128.14776113256812">
        <ele>688.6</ele>
      </trkpt>
      <trkpt lat="37.25999009795487" lon="128.14777571707964">
        <ele>688.8</ele>
      </trkpt>
      <trkpt lat="37.26000082679093" lon="128.14779139123857">
        <ele>689.0</ele>
      </trkpt>
      <trkpt lat="37.26001054979861" lon="128.14780714921653">
        <ele>689.0</ele>
      </trkpt>
      <trkpt lat="37.260019183158875" lon="128.14782332628965">
        <ele>689.0</ele>
      </trkpt>
      <trkpt lat="37.2600266430527" lon="128.1478364020586">
        <ele>689.0</ele>
      </trkpt>
      <trkpt lat="37.2600351087749" lon="128.14785023219883">
        <ele>689.2</ele>
      </trkpt>
      <trkpt lat="37.26004298776388" lon="128.14786490052938">
        <ele>689.0</ele>
      </trkpt>
      <trkpt lat="37.26005128584802" lon="128.14787797629833">
        <ele>689.0</ele>
      </trkpt>
      <trkpt lat="37.260060254484415" lon="128.14789096824825">
        <ele>689.0</ele>
      </trkpt>
      <trkpt lat="37.260069474577904" lon="128.1479051336646">
        <ele>689.0</ele>
      </trkpt>
      <trkpt lat="37.26007911376655" lon="128.1479172874242">
        <ele>689.0</ele>
      </trkpt>
      <trkpt lat="37.260091016069055" lon="128.14792952500284">
        <ele>689.0</ele>
      </trkpt>
      <trkpt lat="37.260102331638336" lon="128.1479407567531">
        <ele>689.0</ele>
      </trkpt>
      <trkpt lat="37.26011473685503" lon="128.14795131795108">
        <ele>689.2</ele>
      </trkpt>
      <trkpt lat="37.260126220062375" lon="128.14796120859683">
        <ele>689.2</ele>
      </trkpt>
      <trkpt lat="37.260138960555196" lon="128.14797051250935">
        <ele>689.2</ele>
      </trkpt>
      <trkpt lat="37.26015178486705" lon="128.14797889441252">
        <ele>689.2</ele>
      </trkpt>
      <trkpt lat="37.2601630166173" lon="128.14798576757312">
        <ele>689.4</ele>
      </trkpt>
      <trkpt lat="37.2601749189198" lon="128.14799247309566">
        <ele>689.4</ele>
      </trkpt>
      <trkpt lat="37.260186737403274" lon="128.1479968316853">
        <ele>689.6</ele>
      </trkpt>
      <trkpt lat="37.260201908648014" lon="128.1480023637414">
        <ele>689.6</ele>
      </trkpt>
      <trkpt lat="37.26021749898791" lon="128.14800705760717">
        <ele>689.6</ele>
      </trkpt>
      <trkpt lat="37.260232670232654" lon="128.14801066182554">
        <ele>689.8</ele>
      </trkpt>
      <trkpt lat="37.260249434039" lon="128.1480137631297">
        <ele>689.8</ele>
      </trkpt>
      <trkpt lat="37.260267371311784" lon="128.1480147689581">
        <ele>689.8</ele>
      </trkpt>
      <trkpt lat="37.2602856438607" lon="128.14801518805325">
        <ele>689.8</ele>
      </trkpt>
      <trkpt lat="37.260304084047675" lon="128.14801393076777">
        <ele>689.6</ele>
      </trkpt>
      <trkpt lat="37.26032109931111" lon="128.1480121705681">
        <ele>689.6</ele>
      </trkpt>
      <trkpt lat="37.2603374440223" lon="128.14801074564457">
        <ele>689.6</ele>
      </trkpt>
      <trkpt lat="37.260353369638324" lon="128.14800940454006">
        <ele>689.4</ele>
      </trkpt>
      <trkpt lat="37.26036745123565" lon="128.14800680615008">
        <ele>689.4</ele>
      </trkpt>
      <trkpt lat="37.260380359366536" lon="128.14800496213138">
        <ele>689.4</ele>
      </trkpt>
      <trkpt lat="37.26039125584066" lon="128.1480052974075">
        <ele>689.4</ele>
      </trkpt>
      <trkpt lat="37.26040190085769" lon="128.14800730906427">
        <ele>689.6</ele>
      </trkpt>
      <trkpt lat="37.260413970798254" lon="128.14800999127328">
        <ele>689.4</ele>
      </trkpt>
      <trkpt lat="37.26042461581528" lon="128.1480137631297">
        <ele>689.4</ele>
      </trkpt>
      <trkpt lat="37.26043484173715" lon="128.14801803790033">
        <ele>689.4</ele>
      </trkpt>
      <trkpt lat="37.260445738211274" lon="128.14802373759449">
        <ele>689.2</ele>
      </trkpt>
      <trkpt lat="37.260457556694746" lon="128.14802910201252">
        <ele>689.2</ele>
      </trkpt>
      <trkpt lat="37.26047096773982" lon="128.14803455024958">
        <ele>689.2</ele>
      </trkpt>
      <trkpt lat="37.2604841273278" lon="128.14804083667696">
        <ele>689.2</ele>
      </trkpt>
      <trkpt lat="37.260497622191906" lon="128.14804603345692">
        <ele>689.2</ele>
      </trkpt>
      <trkpt lat="37.26050952449441" lon="128.1480512302369">
        <ele>689.2</ele>
      </trkpt>
      <trkpt lat="37.26052134297788" lon="128.14805542118847">
        <ele>689.4</ele>
      </trkpt>
      <trkpt lat="37.26053257472813" lon="128.1480591930449">
        <ele>689.6</ele>
      </trkpt>
      <trkpt lat="37.260541040450335" lon="128.14806070178747">
        <ele>689.8</ele>
      </trkpt>
      <trkpt lat="37.26054866798222" lon="128.14806187525392">
        <ele>690.0</ele>
      </trkpt>
      <trkpt lat="37.26055730134249" lon="128.14806413836777">
        <ele>690.2</ele>
      </trkpt>
      <trkpt lat="37.26056442596018" lon="128.14806480892003">
        <ele>690.6</ele>
      </trkpt>
      <trkpt lat="37.260570377111435" lon="128.1480649765581">
        <ele>690.8</ele>
      </trkpt>
      <trkpt lat="37.26057456806302" lon="128.14806723967195">
        <ele>691.2</ele>
      </trkpt>
      <trkpt lat="37.26059149950743" lon="128.14806992188096">
        <ele>691.6</ele>
      </trkpt>
      <trkpt lat="37.260598205029964" lon="128.14807101152837">
        <ele>691.8</ele>
      </trkpt>
      <trkpt lat="37.26060323417187" lon="128.1480742804706">
        <ele>692.0</ele>
      </trkpt>
      <trkpt lat="37.26060784421861" lon="128.14807738177478">
        <ele>692.2</ele>
      </trkpt>
      <trkpt lat="37.26061253808439" lon="128.14808090217412">
        <ele>692.6</ele>
      </trkpt>
      <trkpt lat="37.260614885017276" lon="128.14808249473572">
        <ele>693.0</ele>
      </trkpt>
      <trkpt lat="37.26061807014048" lon="128.1480816565454">
        <ele>693.2</ele>
      </trkpt>
      <trkpt lat="37.26062159053981" lon="128.1480811536312">
        <ele>693.4</ele>
      </trkpt>
      <trkpt lat="37.2606276255101" lon="128.1480821594596">
        <ele>693.8</ele>
      </trkpt>
      <trkpt lat="37.26063231937587" lon="128.1480845902115">
        <ele>694.0</ele>
      </trkpt>
      <trkpt lat="37.26063810288906" lon="128.1480855960399">
        <ele>694.2</ele>
      </trkpt>
      <trkpt lat="37.26064430549741" lon="128.1480866856873">
        <ele>694.6</ele>
      </trkpt>
      <trkpt lat="37.260649586096406" lon="128.14808836206794">
        <ele>694.8</ele>
      </trkpt>
      <trkpt lat="37.26065520197153" lon="128.14809188246727">
        <ele>695.0</ele>
      </trkpt>
      <trkpt lat="37.26065872237086" lon="128.14809666015208">
        <ele>695.4</ele>
      </trkpt>
      <trkpt lat="37.260665176436305" lon="128.14810235984623">
        <ele>695.6</ele>
      </trkpt>
      <trkpt lat="37.26067313924432" lon="128.14810789190233">
        <ele>696.0</ele>
      </trkpt>
      <trkpt lat="37.26068152114749" lon="128.14811476506293">
        <ele>696.4</ele>
      </trkpt>
      <trkpt lat="37.26068940013647" lon="128.14812046475708">
        <ele>696.6</ele>
      </trkpt>
      <trkpt lat="37.260698452591896" lon="128.14812457188964">
        <ele>696.8</ele>
      </trkpt>
      <trkpt lat="37.26070742122829" lon="128.14812809228897">
        <ele>697.2</ele>
      </trkpt>
      <trkpt lat="37.26071706041694" lon="128.14813119359314">
        <ele>697.4</ele>
      </trkpt>
      <trkpt lat="37.260726699605584" lon="128.14813412725925">
        <ele>697.8</ele>
      </trkpt>
      <trkpt lat="37.26073675788939" lon="128.14813613891602">
        <ele>698.0</ele>
      </trkpt>
      <trkpt lat="37.26074648089707" lon="128.14813907258213">
        <ele>698.2</ele>
      </trkpt>
      <trkpt lat="37.26075737737119" lon="128.14814183861017">
        <ele>698.6</ele>
      </trkpt>
      <trkpt lat="37.260768692940474" lon="128.14814418554306">
        <ele>698.8</ele>
      </trkpt>
      <trkpt lat="37.26078017614782" lon="128.14814628101885">
        <ele>699.2</ele>
      </trkpt>
      <trkpt lat="37.26079207845032" lon="128.14814737066627">
        <ele>699.4</ele>
      </trkpt>
      <trkpt lat="37.26080381311476" lon="128.1481506396085">
        <ele>699.6</ele>
      </trkpt>
      <trkpt lat="37.26081244647503" lon="128.14815499819815">
        <ele>700.0</ele>
      </trkpt>
      <trkpt lat="37.26082074455917" lon="128.14816111698747">
        <ele>700.2</ele>
      </trkpt>
      <trkpt lat="37.260830299928784" lon="128.1481673195958">
        <ele>700.4</ele>
      </trkpt>
      <trkpt lat="37.26083750836551" lon="128.14817293547094">
        <ele>700.4</ele>
      </trkpt>
      <trkpt lat="37.260846477001905" lon="128.14817829988897">
        <ele>700.4</ele>
      </trkpt>
      <trkpt lat="37.260854775086045" lon="128.14818425104022">
        <ele>700.4</ele>
      </trkpt>
      <trkpt lat="37.26086005568504" lon="128.14818969927728">
        <ele>700.4</ele>
      </trkpt>
      <trkpt lat="37.26086516864598" lon="128.1481953151524">
        <ele>700.4</ele>
      </trkpt>
      <trkpt lat="37.26087162271142" lon="128.14820009283721">
        <ele>700.4</ele>
      </trkpt>
      <trkpt lat="37.26087782531977" lon="128.14820554107428">
        <ele>700.6</ele>
      </trkpt>
      <trkpt lat="37.26088344119489" lon="128.1482122465968">
        <ele>700.8</ele>
      </trkpt>
      <trkpt lat="37.260888470336795" lon="128.14821895211935">
        <ele>701.2</ele>
      </trkpt>
      <trkpt lat="37.260895343497396" lon="128.14822666347027">
        <ele>701.6</ele>
      </trkpt>
      <trkpt lat="37.26090154610574" lon="128.14823320135474">
        <ele>702.0</ele>
      </trkpt>
      <trkpt lat="37.260908083990216" lon="128.148239152506">
        <ele>702.4</ele>
      </trkpt>
      <trkpt lat="37.26091378368437" lon="128.14824434928596">
        <ele>702.8</ele>
      </trkpt>
      <trkpt lat="37.26092015393078" lon="128.14824854023755">
        <ele>703.2</ele>
      </trkpt>
      <trkpt lat="37.260926021263" lon="128.14825340174139">
        <ele>703.6</ele>
      </trkpt>
      <trkpt lat="37.26093230769038" lon="128.14825851470232">
        <ele>704.0</ele>
      </trkpt>
      <trkpt lat="37.26093867793679" lon="128.1482637114823">
        <ele>704.2</ele>
      </trkpt>
      <trkpt lat="37.260946556925774" lon="128.1482693273574">
        <ele>704.6</ele>
      </trkpt>
      <trkpt lat="37.26095326244831" lon="128.14827309921384">
        <ele>705.0</ele>
      </trkpt>
      <trkpt lat="37.26096055470407" lon="128.1482767034322">
        <ele>705.4</ele>
      </trkpt>
      <trkpt lat="37.26096742786467" lon="128.14828181639314">
        <ele>705.8</ele>
      </trkpt>
      <trkpt lat="37.260974049568176" lon="128.14828609116375">
        <ele>706.0</ele>
      </trkpt>
      <trkpt lat="37.260979833081365" lon="128.14828969538212">
        <ele>706.4</ele>
      </trkpt>
      <trkpt lat="37.260984778404236" lon="128.14829405397177">
        <ele>706.6</ele>
      </trkpt>
      <trkpt lat="37.26098855026066" lon="128.14829774200916">
        <ele>706.8</ele>
      </trkpt>
      <trkpt lat="37.2609936632216" lon="128.148302603513">
        <ele>707.2</ele>
      </trkpt>
      <trkpt lat="37.26099978201091" lon="128.1483060400933">
        <ele>707.6</ele>
      </trkpt>
      <trkpt lat="37.26100732572377" lon="128.14831006340683">
        <ele>708.0</ele>
      </trkpt>
      <trkpt lat="37.26101495325565" lon="128.14831534400582">
        <ele>708.2</ele>
      </trkpt>
      <trkpt lat="37.26102199405432" lon="128.14832079224288">
        <ele>708.6</ele>
      </trkpt>
      <trkpt lat="37.26102811284363" lon="128.14832598902285">
        <ele>709.0</ele>
      </trkpt>
      <trkpt lat="37.261034147813916" lon="128.1483319401741">
        <ele>709.2</ele>
      </trkpt>
      <trkpt lat="37.26104035042226" lon="128.14833713695407">
        <ele>709.6</ele>
      </trkpt>
      <trkpt lat="37.26104571484029" lon="128.1483419984579">
        <ele>710.0</ele>
      </trkpt>
      <trkpt lat="37.26104931905866" lon="128.14834669232368">
        <ele>710.4</ele>
      </trkpt>
      <trkpt lat="37.26105351001024" lon="128.14835163764656">
        <ele>710.8</ele>
      </trkpt>
      <trkpt lat="37.26105812005699" lon="128.14835742115974">
        <ele>711.2</ele>
      </trkpt>
      <trkpt lat="37.26106398738921" lon="128.1483647134155">
        <ele>711.6</ele>
      </trkpt>
      <trkpt lat="37.26107195019722" lon="128.1483734305948">
        <ele>712.0</ele>
      </trkpt>
      <trkpt lat="37.26107974536717" lon="128.148381896317">
        <ele>712.4</ele>
      </trkpt>
      <trkpt lat="37.26108762435615" lon="128.14838960766792">
        <ele>712.8</ele>
      </trkpt>
      <trkpt lat="37.261095587164164" lon="128.1483969837427">
        <ele>713.2</ele>
      </trkpt>
      <trkpt lat="37.261103466153145" lon="128.14840268343687">
        <ele>713.6</ele>
      </trkpt>
      <trkpt lat="37.261112770065665" lon="128.14841031096876">
        <ele>713.8</ele>
      </trkpt>
      <trkpt lat="37.26112173870206" lon="128.14841844141483">
        <ele>714.2</ele>
      </trkpt>
      <trkpt lat="37.26113095879555" lon="128.14842623658478">
        <ele>714.4</ele>
      </trkpt>
      <trkpt lat="37.26114101707935" lon="128.14843453466892">
        <ele>714.4</ele>
      </trkpt>
      <trkpt lat="37.26115057244897" lon="128.14844090491533">
        <ele>714.4</ele>
      </trkpt>
      <trkpt lat="37.26116037927568" lon="128.1484466046095">
        <ele>714.6</ele>
      </trkpt>
      <trkpt lat="37.26117102429271" lon="128.14845263957977">
        <ele>714.6</ele>
      </trkpt>
      <trkpt lat="37.261182675138116" lon="128.14845792017877">
        <ele>714.8</ele>
      </trkpt>
      <trkpt lat="37.26119985803962" lon="128.14846320077777">
        <ele>715.0</ele>
      </trkpt>
      <trkpt lat="37.261218298226595" lon="128.1484662182629">
        <ele>715.2</ele>
      </trkpt>
      <trkpt lat="37.261235397309065" lon="128.14846680499613">
        <ele>715.4</ele>
      </trkpt>
      <trkpt lat="37.26125258021057" lon="128.14846638590097">
        <ele>715.4</ele>
      </trkpt>
      <trkpt lat="37.26126557216048" lon="128.14846646972">
        <ele>715.4</ele>
      </trkpt>
      <trkpt lat="37.26127571426332" lon="128.14846596680582">
        <ele>715.6</ele>
      </trkpt>
      <trkpt lat="37.26128560490906" lon="128.14846546389163">
        <ele>715.8</ele>
      </trkpt>
      <trkpt lat="37.26129658520222" lon="128.14846479333937">
        <ele>716.0</ele>
      </trkpt>
      <trkpt lat="37.26130739785731" lon="128.14846336841583">
        <ele>716.2</ele>
      </trkpt>
      <trkpt lat="37.26131779141724" lon="128.1484609376639">
        <ele>716.4</ele>
      </trkpt>
      <trkpt lat="37.26132810115814" lon="128.14845892600715">
        <ele>716.8</ele>
      </trkpt>
      <trkpt lat="37.26133924908936" lon="128.1484593451023">
        <ele>717.2</ele>
      </trkpt>
      <trkpt lat="37.261349810287356" lon="128.1484609376639">
        <ele>717.4</ele>
      </trkpt>
      <trkpt lat="37.261359449476004" lon="128.14846454188228">
        <ele>717.8</ele>
      </trkpt>
      <trkpt lat="37.26136892102659" lon="128.14846772700548">
        <ele>718.0</ele>
      </trkpt>
      <trkpt lat="37.26137738674879" lon="128.14847158268094">
        <ele>718.4</ele>
      </trkpt>
      <trkpt lat="37.26138568483293" lon="128.14847367815673">
        <ele>718.6</ele>
      </trkpt>
      <trkpt lat="37.26139213889837" lon="128.14847476780415">
        <ele>719.0</ele>
      </trkpt>
      <trkpt lat="37.26139968261123" lon="128.14847577363253">
        <ele>719.2</ele>
      </trkpt>
      <trkpt lat="37.26140454411507" lon="128.14847904257476">
        <ele>719.6</ele>
      </trkpt>
      <trkpt lat="37.26140923798084" lon="128.14847979694605">
        <ele>720.0</ele>
      </trkpt>
      <trkpt lat="37.26141300983727" lon="128.14848247915506">
        <ele>720.2</ele>
      </trkpt>
      <trkpt lat="37.261419547721744" lon="128.1484878435731">
        <ele>720.6</ele>
      </trkpt>
      <trkpt lat="37.26142734289169" lon="128.1484971474856">
        <ele>720.8</ele>
      </trkpt>
      <trkpt lat="37.2614392451942" lon="128.1485105585307">
        <ele>721.0</ele>
      </trkpt>
      <trkpt lat="37.26145550608635" lon="128.1485288310796">
        <ele>721.0</ele>
      </trkpt>
      <trkpt lat="37.261476796120405" lon="128.1485517974943">
        <ele>720.8</ele>
      </trkpt>
      <trkpt lat="37.26149967871606" lon="128.1485761050135">
        <ele>720.4</ele>
      </trkpt>
      <trkpt lat="37.261520214378834" lon="128.14860007725656">
        <ele>720.0</ele>
      </trkpt>
      <trkpt lat="37.26153907366097" lon="128.14862413331866">
        <ele>719.8</ele>
      </trkpt>
      <trkpt lat="37.26155801676214" lon="128.14864793792367">
        <ele>719.8</ele>
      </trkpt>
      <trkpt lat="37.261576037853956" lon="128.14866989850998">
        <ele>719.8</ele>
      </trkpt>
      <trkpt lat="37.261595483869314" lon="128.14869177527726">
        <ele>719.8</ele>
      </trkpt>
      <trkpt lat="37.261617025360465" lon="128.1487138196826">
        <ele>719.8</ele>
      </trkpt>
      <trkpt lat="37.26163814775646" lon="128.14873301424086">
        <ele>719.8</ele>
      </trkpt>
      <trkpt lat="37.261659521609545" lon="128.14875120297074">
        <ele>719.6</ele>
      </trkpt>
      <trkpt lat="37.26168131455779" lon="128.14876821823418">
        <ele>719.6</ele>
      </trkpt>
      <trkpt lat="37.261703945696354" lon="128.14878380857408">
        <ele>719.6</ele>
      </trkpt>
      <trkpt lat="37.261726995930076" lon="128.14879780635238">
        <ele>719.6</ele>
      </trkpt>
      <trkpt lat="37.261750968173146" lon="128.14881289377809">
        <ele>719.6</ele>
      </trkpt>
      <trkpt lat="37.26177368313074" lon="128.1488288193941">
        <ele>719.6</ele>
      </trkpt>
      <trkpt lat="37.26179765537381" lon="128.14884575083852">
        <ele>719.6</ele>
      </trkpt>
      <trkpt lat="37.26182137615979" lon="128.14886586740613">
        <ele>719.6</ele>
      </trkpt>
      <trkpt lat="37.261841744184494" lon="128.1488848105073">
        <ele>719.6</ele>
      </trkpt>
      <trkpt lat="37.261861776933074" lon="128.14890526235104">
        <ele>719.6</ele>
      </trkpt>
      <trkpt lat="37.26188055239618" lon="128.1489276420325">
        <ele>719.6</ele>
      </trkpt>
      <trkpt lat="37.2618967294693" lon="128.14895052462816">
        <ele>719.6</ele>
      </trkpt>
      <trkpt lat="37.261912152171135" lon="128.14897558651865">
        <ele>719.6</ele>
      </trkpt>
      <trkpt lat="37.26192690432072" lon="128.1490019056946">
        <ele>719.6</ele>
      </trkpt>
      <trkpt lat="37.2619398124516" lon="128.14902864396572">
        <ele>719.6</ele>
      </trkpt>
      <trkpt lat="37.26195104420185" lon="128.1490568909794">
        <ele>719.6</ele>
      </trkpt>
      <trkpt lat="37.261961018666625" lon="128.14908614382148">
        <ele>719.6</ele>
      </trkpt>
      <trkpt lat="37.26196864619851" lon="128.14911464229226">
        <ele>719.4</ele>
      </trkpt>
      <trkpt lat="37.26197401061654" lon="128.14914154820144">
        <ele>719.4</ele>
      </trkpt>
      <trkpt lat="37.26197686046362" lon="128.14917054958642">
        <ele>719.2</ele>
      </trkpt>
      <trkpt lat="37.261977698653936" lon="128.14919820986688">
        <ele>719.2</ele>
      </trkpt>
      <trkpt lat="37.26197677664459" lon="128.1492220144719">
        <ele>719.0</ele>
      </trkpt>
      <trkpt lat="37.26197459734976" lon="128.14924196340144">
        <ele>719.0</ele>
      </trkpt>
      <trkpt lat="37.26197141222656" lon="128.14926107414067">
        <ele>718.8</ele>
      </trkpt>
      <trkpt lat="37.26196923293173" lon="128.14927431754768">
        <ele>718.8</ele>
      </trkpt>
      <trkpt lat="37.26196621544659" lon="128.14929091371596">
        <ele>718.6</ele>
      </trkpt>
      <trkpt lat="37.26196210831404" lon="128.1493076775223">
        <ele>718.4</ele>
      </trkpt>
      <trkpt lat="37.26195691153407" lon="128.14932662062347">
        <ele>718.2</ele>
      </trkpt>
      <trkpt lat="37.261949786916375" lon="128.14934489317238">
        <ele>718.0</ele>
      </trkpt>
      <trkpt lat="37.26194123737514" lon="128.14936433918774">
        <ele>718.0</ele>
      </trkpt>
      <trkpt lat="37.261930676177144" lon="128.14938655123115">
        <ele>717.8</ele>
      </trkpt>
      <trkpt lat="37.26191860623658" lon="128.1494085956365">
        <ele>717.6</ele>
      </trkpt>
      <trkpt lat="37.26190494373441" lon="128.1494324002415">
        <ele>717.4</ele>
      </trkpt>
      <trkpt lat="37.26189044304192" lon="128.14945603720844">
        <ele>717.2</ele>
      </trkpt>
      <trkpt lat="37.2618761099875" lon="128.14948084764183">
        <ele>717.0</ele>
      </trkpt>
      <trkpt lat="37.261862363666296" lon="128.14950808882713">
        <ele>716.8</ele>
      </trkpt>
      <trkpt lat="37.26185029372573" lon="128.14953859895468">
        <ele>716.6</ele>
      </trkpt>
      <trkpt lat="37.26184241473675" lon="128.1495706178248">
        <ele>716.4</ele>
      </trkpt>
      <trkpt lat="37.26183948107064" lon="128.14960515126586">
        <ele>716.0</ele>
      </trkpt>
      <trkpt lat="37.26184342056513" lon="128.1496396008879">
        <ele>715.8</ele>
      </trkpt>
      <trkpt lat="37.26185331121087" lon="128.1496718712151">
        <ele>715.4</ele>
      </trkpt>
      <trkpt lat="37.261866722255945" lon="128.149703303352">
        <ele>715.0</ele>
      </trkpt>
      <trkpt lat="37.26188306696713" lon="128.14972962252796">
        <ele>714.8</ele>
      </trkpt>
      <trkpt lat="37.261898908764124" lon="128.1497551035136">
        <ele>714.4</ele>
      </trkpt>
      <trkpt lat="37.261914666742086" lon="128.1497844401747">
        <ele>714.2</ele>
      </trkpt>
      <trkpt lat="37.26192640140653" lon="128.14981419593096">
        <ele>713.8</ele>
      </trkpt>
      <trkpt lat="37.26193285547197" lon="128.14984587952495">
        <ele>713.6</ele>
      </trkpt>
      <trkpt lat="37.261934615671635" lon="128.14987496472895">
        <ele>713.2</ele>
      </trkpt>
      <trkpt lat="37.26193277165294" lon="128.14990404993296">
        <ele>712.8</ele>
      </trkpt>
      <trkpt lat="37.26192707195878" lon="128.14993204548955">
        <ele>712.4</ele>
      </trkpt>
      <trkpt lat="37.261916594579816" lon="128.14995987340808">
        <ele>712.2</ele>
      </trkpt>
      <trkpt lat="37.2619020100683" lon="128.14998652786016">
        <ele>711.8</ele>
      </trkpt>
      <trkpt lat="37.26188390515745" lon="128.15001142211258">
        <ele>711.4</ele>
      </trkpt>
      <trkpt lat="37.26186362095177" lon="128.15003665164113">
        <ele>711.0</ele>
      </trkpt>
      <trkpt lat="37.261842330917716" lon="128.15005995333195">
        <ele>710.6</ele>
      </trkpt>
      <trkpt lat="37.261819867417216" lon="128.1500817462802">
        <ele>710.4</ele>
      </trkpt>
      <trkpt lat="37.26179706864059" lon="128.150102365762">
        <ele>710.0</ele>
      </trkpt>
      <trkpt lat="37.26177443750203" lon="128.15012172795832">
        <ele>709.8</ele>
      </trkpt>
      <trkpt lat="37.26175105199218" lon="128.15014092251658">
        <ele>709.6</ele>
      </trkpt>
      <trkpt lat="37.261728420853615" lon="128.15016020089388">
        <ele>709.4</ele>
      </trkpt>
      <trkpt lat="37.26170428097248" lon="128.15018023364246">
        <ele>709.4</ele>
      </trkpt>
      <trkpt lat="37.261679554358125" lon="128.1501993443817">
        <ele>709.0</ele>
      </trkpt>
      <trkpt lat="37.26165424101055" lon="128.15021728165448">
        <ele>709.0</ele>
      </trkpt>
      <trkpt lat="37.26162867620587" lon="128.1502337101847">
        <ele>708.8</ele>
      </trkpt>
      <trkpt lat="37.26160168647766" lon="128.15024871379137">
        <ele>708.6</ele>
      </trkpt>
      <trkpt lat="37.26157478056848" lon="128.15026237629354">
        <ele>708.4</ele>
      </trkpt>
      <trkpt lat="37.26154795847833" lon="128.15027486532927">
        <ele>708.2</ele>
      </trkpt>
      <trkpt lat="37.261523650959134" lon="128.15028458833694">
        <ele>707.8</ele>
      </trkpt>
      <trkpt lat="37.26149984635413" lon="128.15029297024012">
        <ele>707.6</ele>
      </trkpt>
      <trkpt lat="37.26147553883493" lon="128.15030302852392">
        <ele>707.4</ele>
      </trkpt>
      <trkpt lat="37.26145097985864" lon="128.15031266771257">
        <ele>707.2</ele>
      </trkpt>
      <trkpt lat="37.26142751052976" lon="128.15032130107284">
        <ele>707.0</ele>
      </trkpt>
      <trkpt lat="37.26140370592475" lon="128.15032800659537">
        <ele>706.8</ele>
      </trkpt>
      <trkpt lat="37.261379482224584" lon="128.1503359694034">
        <ele>706.4</ele>
      </trkpt>
      <trkpt lat="37.26135542616248" lon="128.15034468658268">
        <ele>706.2</ele>
      </trkpt>
      <trkpt lat="37.26133086718619" lon="128.1503531523049">
        <ele>705.8</ele>
      </trkpt>
      <trkpt lat="37.26130471564829" lon="128.15036379732192">
        <ele>705.6</ele>
      </trkpt>
      <trkpt lat="37.26127973757684" lon="128.15037444233894">
        <ele>705.2</ele>
      </trkpt>
      <trkpt lat="37.26125165820122" lon="128.15038852393627">
        <ele>704.8</ele>
      </trkpt>
      <trkpt lat="37.261225087568164" lon="128.150403695181">
        <ele>704.4</ele>
      </trkpt>
      <trkpt lat="37.26119935512543" lon="128.15042414702475">
        <ele>704.0</ele>
      </trkpt>
      <trkpt lat="37.26117764599621" lon="128.1504507176578">
        <ele>703.6</ele>
      </trkpt>
      <trkpt lat="37.26116222329438" lon="128.1504813954234">
        <ele>703.0</ele>
      </trkpt>
      <trkpt lat="37.261153841391206" lon="128.15051911398768">
        <ele>702.6</ele>
      </trkpt>
      <trkpt lat="37.261153254657984" lon="128.15055515617132">
        <ele>702.0</ele>
      </trkpt>
      <trkpt lat="37.26116037927568" lon="128.15058977343142">
        <ele>701.6</ele>
      </trkpt>
      <trkpt lat="37.261172365397215" lon="128.15062154084444">
        <ele>701.4</ele>
      </trkpt>
      <trkpt lat="37.2611871175468" lon="128.15065188333392">
        <ele>701.0</ele>
      </trkpt>
      <trkpt lat="37.26120421662927" lon="128.1506822258234">
        <ele>700.6</ele>
      </trkpt>
      <trkpt lat="37.26122106425464" lon="128.1507118139416">
        <ele>700.4</ele>
      </trkpt>
      <trkpt lat="37.26123841479421" lon="128.15073989331722">
        <ele>700.0</ele>
      </trkpt>
      <trkpt lat="37.2612561006099" lon="128.15076638013124">
        <ele>699.6</ele>
      </trkpt>
      <trkpt lat="37.26127521134913" lon="128.1507926993072">
        <ele>699.2</ele>
      </trkpt>
      <trkpt lat="37.26129474118352" lon="128.15081784501672">
        <ele>698.8</ele>
      </trkpt>
      <trkpt lat="37.26131368428469" lon="128.1508436612785">
        <ele>698.6</ele>
      </trkpt>
      <trkpt lat="37.26133287884295" lon="128.15086981281638">
        <ele>698.2</ele>
      </trkpt>
      <trkpt lat="37.26135349832475" lon="128.15089780837297">
        <ele>697.8</ele>
      </trkpt>
      <trkpt lat="37.2613718546927" lon="128.15092387609184">
        <ele>697.4</ele>
      </trkpt>
      <trkpt lat="37.26138954050839" lon="128.15094893798232">
        <ele>697.0</ele>
      </trkpt>
      <trkpt lat="37.261402029544115" lon="128.15097576007247">
        <ele>696.8</ele>
      </trkpt>
      <trkpt lat="37.26140974089503" lon="128.15100207924843">
        <ele>696.4</ele>
      </trkpt>
      <trkpt lat="37.26141166873276" lon="128.15103041008115">
        <ele>696.2</ele>
      </trkpt>
      <trkpt lat="37.261408399790525" lon="128.15105714835227">
        <ele>696.0</ele>
      </trkpt>
      <trkpt lat="37.26140127517283" lon="128.15107986330986">
        <ele>695.8</ele>
      </trkpt>
      <trkpt lat="37.261388367041945" lon="128.15110207535326">
        <ele>695.6</ele>
      </trkpt>
      <trkpt lat="37.261371267959476" lon="128.15112319774926">
        <ele>695.4</ele>
      </trkpt>
      <trkpt lat="37.261353665962815" lon="128.1511441525072">
        <ele>695.2</ele>
      </trkpt>
      <trkpt lat="37.26133472286165" lon="128.15116628073156">
        <ele>695.2</ele>
      </trkpt>
      <trkpt lat="37.26131678558886" lon="128.15119234845042">
        <ele>695.0</ele>
      </trkpt>
      <trkpt lat="37.26130060851574" lon="128.151222942397">
        <ele>695.0</ele>
      </trkpt>
      <trkpt lat="37.261286191642284" lon="128.15125479362905">
        <ele>695.0</ele>
      </trkpt>
      <trkpt lat="37.26127571426332" lon="128.15128706395626">
        <ele>694.8</ele>
      </trkpt>
      <trkpt lat="37.26126682944596" lon="128.1513199210167">
        <ele>694.8</ele>
      </trkpt>
      <trkpt lat="37.261260878294706" lon="128.1513535324484">
        <ele>694.6</ele>
      </trkpt>
      <trkpt lat="37.26125618442893" lon="128.1513863056898">
        <ele>694.6</ele>
      </trkpt>
      <trkpt lat="37.26125216111541" lon="128.1514193303883">
        <ele>694.4</ele>
      </trkpt>
      <trkpt lat="37.26124989800155" lon="128.15145000815392">
        <ele>694.4</ele>
      </trkpt>
      <trkpt lat="37.26124688051641" lon="128.15148026682436">
        <ele>694.4</ele>
      </trkpt>
      <trkpt lat="37.26124336011708" lon="128.15150859765708">
        <ele>694.4</ele>
      </trkpt>
      <trkpt lat="37.26123908534646" lon="128.15153173170984">
        <ele>694.2</ele>
      </trkpt>
      <trkpt lat="37.261234391480684" lon="128.15155025571585">
        <ele>694.4</ele>
      </trkpt>
      <trkpt lat="37.26122986525297" lon="128.1515635829419">
        <ele>694.4</ele>
      </trkpt>
      <trkpt lat="37.26122357882559" lon="128.1515768263489">
        <ele>694.4</ele>
      </trkpt>
      <trkpt lat="37.26121695712209" lon="128.1515882257372">
        <ele>694.4</ele>
      </trkpt>
      <trkpt lat="37.2612111736089" lon="128.15159937366843">
        <ele>694.6</ele>
      </trkpt>
      <trkpt lat="37.26120522245765" lon="128.1516098510474">
        <ele>694.6</ele>
      </trkpt>
      <trkpt lat="37.261197846382856" lon="128.15161982551217">
        <ele>694.6</ele>
      </trkpt>
      <trkpt lat="37.26118929684162" lon="128.15163005143404">
        <ele>694.8</ele>
      </trkpt>
      <trkpt lat="37.26117949001491" lon="128.1516394391656">
        <ele>694.8</ele>
      </trkpt>
      <trkpt lat="37.26116884499788" lon="128.15165016800165">
        <ele>695.0</ele>
      </trkpt>
      <trkpt lat="37.261156775057316" lon="128.15166106447577">
        <ele>695.0</ele>
      </trkpt>
      <trkpt lat="37.261144956573844" lon="128.15167112275958">
        <ele>695.2</ele>
      </trkpt>
      <trkpt lat="37.26113338954747" lon="128.15167975611985">
        <ele>695.4</ele>
      </trkpt>
      <trkpt lat="37.26112031377852" lon="128.1516891438514">
        <ele>695.4</ele>
      </trkpt>
      <trkpt lat="37.261107321828604" lon="128.1516978610307">
        <ele>695.6</ele>
      </trkpt>
      <trkpt lat="37.261095587164164" lon="128.1517044827342">
        <ele>695.8</ele>
      </trkpt>
      <trkpt lat="37.26108234375715" lon="128.1517121102661">
        <ele>696.0</ele>
      </trkpt>
      <trkpt lat="37.261071195825934" lon="128.15171965397894">
        <ele>696.2</ele>
      </trkpt>
      <trkpt lat="37.26105694659054" lon="128.15172753296793">
        <ele>696.4</ele>
      </trkpt>
      <trkpt lat="37.26104345172644" lon="128.151735663414">
        <ele>696.6</ele>
      </trkpt>
      <trkpt lat="37.26102995686233" lon="128.15174211747944">
        <ele>696.8</ele>
      </trkpt>
      <trkpt lat="37.26101738400757" lon="128.15174957737327">
        <ele>697.0</ele>
      </trkpt>
      <trkpt lat="37.261005314067006" lon="128.15175728872418">
        <ele>697.2</ele>
      </trkpt>
      <trkpt lat="37.26099383085966" lon="128.1517652515322">
        <ele>697.4</ele>
      </trkpt>
      <trkpt lat="37.260982347652316" lon="128.15177447162569">
        <ele>697.6</ele>
      </trkpt>
      <trkpt lat="37.260971032083035" lon="128.15178369171917">
        <ele>697.8</ele>
      </trkpt>
      <trkpt lat="37.260961811989546" lon="128.151793833822">
        <ele>698.2</ele>
      </trkpt>
      <trkpt lat="37.26095309481025" lon="128.15180229954422">
        <ele>698.4</ele>
      </trkpt>
      <trkpt lat="37.26094312034547" lon="128.1518131121993">
        <ele>698.6</ele>
      </trkpt>
      <trkpt lat="37.260935325175524" lon="128.1518223322928">
        <ele>698.8</ele>
      </trkpt>
      <trkpt lat="37.260927530005574" lon="128.15183113329113">
        <ele>699.0</ele>
      </trkpt>
      <trkpt lat="37.26092057302594" lon="128.15184094011784">
        <ele>699.2</ele>
      </trkpt>
      <trkpt lat="37.26091302931309" lon="128.1518503278494">
        <ele>699.6</ele>
      </trkpt>
      <trkpt lat="37.26090498268604" lon="128.15186181105673">
        <ele>699.8</ele>
      </trkpt>
      <trkpt lat="37.26089618168771" lon="128.1518736295402">
        <ele>700.0</ele>
      </trkpt>
      <trkpt lat="37.26088494993746" lon="128.15188678912818">
        <ele>700.2</ele>
      </trkpt>
      <trkpt lat="37.26087371818721" lon="128.15189600922167">
        <ele>700.6</ele>
      </trkpt>
      <trkpt lat="37.26086248643696" lon="128.15190589986742">
        <ele>700.6</ele>
      </trkpt>
      <trkpt lat="37.26085066795349" lon="128.1519146170467">
        <ele>700.8</ele>
      </trkpt>
      <trkpt lat="37.2608398552984" lon="128.1519222445786">
        <ele>701.0</ele>
      </trkpt>
      <trkpt lat="37.26082912646234" lon="128.15193154849112">
        <ele>701.2</ele>
      </trkpt>
      <trkpt lat="37.26081990636885" lon="128.1519410200417">
        <ele>701.4</ele>
      </trkpt>
      <trkpt lat="37.26080993190408" lon="128.15195082686841">
        <ele>701.6</ele>
      </trkpt>
      <trkpt lat="37.260801047086716" lon="128.15195971168578">
        <ele>702.0</ele>
      </trkpt>
      <trkpt lat="37.26079182699323" lon="128.15196943469346">
        <ele>702.2</ele>
      </trkpt>
      <trkpt lat="37.26078134961426" lon="128.15197706222534">
        <ele>702.2</ele>
      </trkpt>
      <trkpt lat="37.26077238097787" lon="128.15198452211916">
        <ele>702.4</ele>
      </trkpt>
      <trkpt lat="37.26076282560825" lon="128.15199139527977">
        <ele>702.6</ele>
      </trkpt>
      <trkpt lat="37.26075335405767" lon="128.15199960954487">
        <ele>702.8</ele>
      </trkpt>
      <trkpt lat="37.26074254140258" lon="128.1520068179816">
        <ele>703.0</ele>
      </trkpt>
      <trkpt lat="37.26073248311877" lon="128.1520126014948">
        <ele>703.2</ele>
      </trkpt>
      <trkpt lat="37.26072007790208" lon="128.15201939083636">
        <ele>703.4</ele>
      </trkpt>
      <trkpt lat="37.26070758886635" lon="128.15202592872083">
        <ele>703.4</ele>
      </trkpt>
      <trkpt lat="37.260694513097405" lon="128.15203187987208">
        <ele>703.6</ele>
      </trkpt>
      <trkpt lat="37.26068018004298" lon="128.1520385015756">
        <ele>703.8</ele>
      </trkpt>
      <trkpt lat="37.260668529197574" lon="128.15204386599362">
        <ele>704.0</ele>
      </trkpt>
      <trkpt lat="37.260655872523785" lon="128.15205107443035">
        <ele>704.2</ele>
      </trkpt>
      <trkpt lat="37.260644221678376" lon="128.15205803140998">
        <ele>704.4</ele>
      </trkpt>
      <trkpt lat="37.260632654652" lon="128.15206649713218">
        <ele>704.6</ele>
      </trkpt>
      <trkpt lat="37.260620668530464" lon="128.1520771421492">
        <ele>704.8</ele>
      </trkpt>
      <trkpt lat="37.260609436780214" lon="128.1520868651569">
        <ele>705.0</ele>
      </trkpt>
      <trkpt lat="37.26059812121093" lon="128.1520980130881">
        <ele>705.2</ele>
      </trkpt>
      <trkpt lat="37.26058722473681" lon="128.1521093286574">
        <ele>705.4</ele>
      </trkpt>
      <trkpt lat="37.260577669367194" lon="128.1521193869412">
        <ele>705.8</ele>
      </trkpt>
      <trkpt lat="37.260568868368864" lon="128.15212877467275">
        <ele>706.0</ele>
      </trkpt>
      <trkpt lat="37.26055939681828" lon="128.15213967114687">
        <ele>706.2</ele>
      </trkpt>
      <trkpt lat="37.2605496738106" lon="128.1521514058113">
        <ele>706.4</ele>
      </trkpt>
      <trkpt lat="37.26053978316486" lon="128.15216121263802">
        <ele>706.6</ele>
      </trkpt>
      <trkpt lat="37.260529892519116" lon="128.15217026509345">
        <ele>706.6</ele>
      </trkpt>
      <trkpt lat="37.26051975041628" lon="128.15217822790146">
        <ele>706.8</ele>
      </trkpt>
      <trkpt lat="37.26050860248506" lon="128.15218610689044">
        <ele>707.0</ele>
      </trkpt>
      <trkpt lat="37.260497119277716" lon="128.15219306387007">
        <ele>707.0</ele>
      </trkpt>
      <trkpt lat="37.26048655807972" lon="128.15219859592617">
        <ele>707.2</ele>
      </trkpt>
      <trkpt lat="37.260475158691406" lon="128.15220303833485">
        <ele>707.4</ele>
      </trkpt>
      <trkpt lat="37.2604632563889" lon="128.15220622345805">
        <ele>707.4</ele>
      </trkpt>
      <trkpt lat="37.260451186448336" lon="128.15220840275288">
        <ele>707.6</ele>
      </trkpt>
      <trkpt lat="37.260437440127134" lon="128.1522089894861">
        <ele>707.6</ele>
      </trkpt>
      <trkpt lat="37.26042587310076" lon="128.15220915712416">
        <ele>707.8</ele>
      </trkpt>
      <trkpt lat="37.260412126779556" lon="128.15220932476223">
        <ele>707.8</ele>
      </trkpt>
      <trkpt lat="37.260398883372545" lon="128.15220957621932">
        <ele>708.0</ele>
      </trkpt>
      <trkpt lat="37.26038429886103" lon="128.15220890566707">
        <ele>708.2</ele>
      </trkpt>
      <trkpt lat="37.260370552539825" lon="128.1522078998387">
        <ele>708.2</ele>
      </trkpt>
      <trkpt lat="37.26035814732313" lon="128.15220597200096">
        <ele>708.4</ele>
      </trkpt>
      <trkpt lat="37.26034574210644" lon="128.15220404416323">
        <ele>708.6</ele>
      </trkpt>
      <trkpt lat="37.26033275015652" lon="128.1522023677826">
        <ele>708.6</ele>
      </trkpt>
      <trkpt lat="37.26031908765435" lon="128.15220010466874">
        <ele>708.8</ele>
      </trkpt>
      <trkpt lat="37.2603062633425" lon="128.152198176831">
        <ele>709.0</ele>
      </trkpt>
      <trkpt lat="37.260292768478394" lon="128.15219482406974">
        <ele>709.2</ele>
      </trkpt>
      <trkpt lat="37.26028044708073" lon="128.15219138748944">
        <ele>709.4</ele>
      </trkpt>
      <trkpt lat="37.26026762276888" lon="128.15218711271882">
        <ele>709.4</ele>
      </trkpt>
      <trkpt lat="37.26025496609509" lon="128.1521835923195">
        <ele>709.6</ele>
      </trkpt>
      <trkpt lat="37.26024180650711" lon="128.15217956900597">
        <ele>709.8</ele>
      </trkpt>
      <trkpt lat="37.2602285631001" lon="128.1521757133305">
        <ele>709.8</ele>
      </trkpt>
      <trkpt lat="37.260213643312454" lon="128.15217219293118">
        <ele>710.0</ele>
      </trkpt>
      <trkpt lat="37.260199226439" lon="128.1521693430841">
        <ele>710.0</ele>
      </trkpt>
      <trkpt lat="37.26018455810845" lon="128.15216716378927">
        <ele>710.2</ele>
      </trkpt>
      <trkpt lat="37.26017081178725" lon="128.152166409418">
        <ele>710.4</ele>
      </trkpt>
      <trkpt lat="37.260157484561205" lon="128.152166409418">
        <ele>710.6</ele>
      </trkpt>
      <trkpt lat="37.260143822059035" lon="128.15216481685638">
        <ele>710.6</ele>
      </trkpt>
      <trkpt lat="37.260130075737834" lon="128.15216096118093">
        <ele>710.8</ele>
      </trkpt>
      <trkpt lat="37.26011750288308" lon="128.15215526148677">
        <ele>711.0</ele>
      </trkpt>
      <trkpt lat="37.26010576821864" lon="128.15215065144002">
        <ele>711.2</ele>
      </trkpt>
      <trkpt lat="37.26009319536388" lon="128.15214545466006">
        <ele>711.4</ele>
      </trkpt>
      <trkpt lat="37.26008137688041" lon="128.15213992260396">
        <ele>711.4</ele>
      </trkpt>
      <trkpt lat="37.26006796583533" lon="128.15213430672884">
        <ele>711.6</ele>
      </trkpt>
      <trkpt lat="37.26005304604769" lon="128.15212693065405">
        <ele>711.8</ele>
      </trkpt>
      <trkpt lat="37.26004055701196" lon="128.1521196383983">
        <ele>712.0</ele>
      </trkpt>
      <trkpt lat="37.26002739742398" lon="128.15211209468544">
        <ele>712.0</ele>
      </trkpt>
      <trkpt lat="37.260016752406955" lon="128.1521053891629">
        <ele>712.2</ele>
      </trkpt>
      <trkpt lat="37.26000535301864" lon="128.1520980130881">
        <ele>712.4</ele>
      </trkpt>
      <trkpt lat="37.259992863982916" lon="128.15208988264203">
        <ele>712.6</ele>
      </trkpt>
      <trkpt lat="37.259982135146856" lon="128.15208124928176">
        <ele>712.6</ele>
      </trkpt>
      <trkpt lat="37.259969310835004" lon="128.15207228064537">
        <ele>712.8</ele>
      </trkpt>
      <trkpt lat="37.25995640270412" lon="128.15206532366574">
        <ele>713.0</ele>
      </trkpt>
      <trkpt lat="37.25994131527841" lon="128.15205987542868">
        <ele>713.0</ele>
      </trkpt>
      <trkpt lat="37.25992673076689" lon="128.15205669030547">
        <ele>713.2</ele>
      </trkpt>
      <trkpt lat="37.25991155952215" lon="128.1520546786487">
        <ele>713.2</ele>
      </trkpt>
      <trkpt lat="37.259895633906126" lon="128.15205400809646">
        <ele>713.4</ele>
      </trkpt>
      <trkpt lat="37.25987987592816" lon="128.1520575284958">
        <ele>713.6</ele>
      </trkpt>
      <trkpt lat="37.25986487232149" lon="128.15206482075155">
        <ele>713.6</ele>
      </trkpt>
      <trkpt lat="37.259850623086095" lon="128.15207546576858">
        <ele>713.8</ele>
      </trkpt>
      <trkpt lat="37.259839810431004" lon="128.1520882062614">
        <ele>714.0</ele>
      </trkpt>
      <trkpt lat="37.25983000360429" lon="128.15210505388677">
        <ele>714.0</ele>
      </trkpt>
      <trkpt lat="37.25981952622533" lon="128.15212315879762">
        <ele>714.2</ele>
      </trkpt>
      <trkpt lat="37.25981089286506" lon="128.15214117988944">
        <ele>714.4</ele>
      </trkpt>
      <trkpt lat="37.25980393588543" lon="128.15215802751482">
        <ele>714.6</ele>
      </trkpt>
      <trkpt lat="37.259796895086765" lon="128.15217814408243">
        <ele>714.8</ele>
      </trkpt>
      <trkpt lat="37.25979127921164" lon="128.15219507552683">
        <ele>714.8</ele>
      </trkpt>
      <trkpt lat="37.259787172079086" lon="128.1522116716951">
        <ele>715.0</ele>
      </trkpt>
      <trkpt lat="37.25978340022266" lon="128.15222902223468">
        <ele>715.2</ele>
      </trkpt>
      <trkpt lat="37.25977946072817" lon="128.15224620513618">
        <ele>715.2</ele>
      </trkpt>
      <trkpt lat="37.259774850681424" lon="128.15226414240897">
        <ele>715.4</ele>
      </trkpt>
      <trkpt lat="37.259770492091775" lon="128.15228258259594">
        <ele>715.6</ele>
      </trkpt>
      <trkpt lat="37.259766636416316" lon="128.15230119042099">
        <ele>715.6</ele>
      </trkpt>
      <trkpt lat="37.259763702750206" lon="128.15232038497925">
        <ele>715.6</ele>
      </trkpt>
      <trkpt lat="37.25976110436022" lon="128.15233731642365">
        <ele>715.6</ele>
      </trkpt>
      <trkpt lat="37.25975900888443" lon="128.15235508605838">
        <ele>715.8</ele>
      </trkpt>
      <trkpt lat="37.259758254513144" lon="128.1523736100644">
        <ele>715.8</ele>
      </trkpt>
      <trkpt lat="37.259758338332176" lon="128.15239389427006">
        <ele>715.8</ele>
      </trkpt>
      <trkpt lat="37.25975850597024" lon="128.15241241827607">
        <ele>715.8</ele>
      </trkpt>
      <trkpt lat="37.25975800305605" lon="128.1524301879108">
        <ele>715.8</ele>
      </trkpt>
      <trkpt lat="37.25975716486573" lon="128.15244695171714">
        <ele>715.8</ele>
      </trkpt>
      <trkpt lat="37.25975649431348" lon="128.1524640507996">
        <ele>716.0</ele>
      </trkpt>
      <trkpt lat="37.259754817932844" lon="128.1524819880724">
        <ele>716.0</ele>
      </trkpt>
      <trkpt lat="37.25975330919027" lon="128.1524991709739">
        <ele>716.0</ele>
      </trkpt>
      <trkpt lat="37.25975079461932" lon="128.1525147613138">
        <ele>716.0</ele>
      </trkpt>
      <trkpt lat="37.259747525677085" lon="128.1525269150734">
        <ele>716.0</ele>
      </trkpt>
      <trkpt lat="37.25974249653518" lon="128.1525404099375">
        <ele>716.0</ele>
      </trkpt>
      <trkpt lat="37.25973595865071" lon="128.1525530666113">
        <ele>716.0</ele>
      </trkpt>
      <trkpt lat="37.259727995842695" lon="128.15256245434284">
        <ele>716.0</ele>
      </trkpt>
      <trkpt lat="37.259720116853714" lon="128.1525726802647">
        <ele>716.0</ele>
      </trkpt>
      <trkpt lat="37.25970863364637" lon="128.15258173272014">
        <ele>715.8</ele>
      </trkpt>
      <trkpt lat="37.259697737172246" lon="128.152589276433">
        <ele>715.8</ele>
      </trkpt>
      <trkpt lat="37.259684996679425" lon="128.1525977421552">
        <ele>715.6</ele>
      </trkpt>
      <trkpt lat="37.25967150181532" lon="128.1526062078774">
        <ele>715.6</ele>
      </trkpt>
      <trkpt lat="37.25965825840831" lon="128.15261500887573">
        <ele>715.4</ele>
      </trkpt>
      <trkpt lat="37.259643422439694" lon="128.15262590534985">
        <ele>715.2</ele>
      </trkpt>
      <trkpt lat="37.25963001139462" lon="128.15263629890978">
        <ele>715.0</ele>
      </trkpt>
      <trkpt lat="37.259618025273085" lon="128.15264736302197">
        <ele>714.8</ele>
      </trkpt>
      <trkpt lat="37.259603356942534" lon="128.1526609417051">
        <ele>714.4</ele>
      </trkpt>
      <trkpt lat="37.259587682783604" lon="128.15267636440694">
        <ele>714.4</ele>
      </trkpt>
      <trkpt lat="37.25957142189145" lon="128.15269480459392">
        <ele>714.2</ele>
      </trkpt>
      <trkpt lat="37.25955524481833" lon="128.15271475352347">
        <ele>714.0</ele>
      </trkpt>
      <trkpt lat="37.25953973829746" lon="128.1527388934046">
        <ele>713.6</ele>
      </trkpt>
      <trkpt lat="37.259524734690785" lon="128.15276646986604">
        <ele>713.4</ele>
      </trkpt>
      <trkpt lat="37.259510569274426" lon="128.15279681235552">
        <ele>713.0</ele>
      </trkpt>
      <trkpt lat="37.25949699059129" lon="128.15283042378724">
        <ele>712.6</ele>
      </trkpt>
      <trkpt lat="37.25948441773653" lon="128.15286847762764">
        <ele>712.2</ele>
      </trkpt>
      <trkpt lat="37.25947326980531" lon="128.15290703438222">
        <ele>711.8</ele>
      </trkpt>
      <trkpt lat="37.259462624788284" lon="128.15294718369842">
        <ele>711.2</ele>
      </trkpt>
      <trkpt lat="37.259452817961574" lon="128.15298523753881">
        <ele>710.8</ele>
      </trkpt>
      <trkpt lat="37.25944351404905" lon="128.15302069298923">
        <ele>710.4</ele>
      </trkpt>
      <trkpt lat="37.2594341263175" lon="128.15305539406836">
        <ele>710.2</ele>
      </trkpt>
      <trkpt lat="37.25942297838628" lon="128.15308791585267">
        <ele>710.0</ele>
      </trkpt>
      <trkpt lat="37.259412836283445" lon="128.15311809070408">
        <ele>709.8</ele>
      </trkpt>
      <trkpt lat="37.25940227508545" lon="128.1531455833465">
        <ele>709.8</ele>
      </trkpt>
      <trkpt lat="37.259391378611326" lon="128.15317056141794">
        <ele>709.8</ele>
      </trkpt>
      <trkpt lat="37.25937981158495" lon="128.15319562330842">
        <ele>709.8</ele>
      </trkpt>
      <trkpt lat="37.259365897625685" lon="128.1532198470086">
        <ele>709.8</ele>
      </trkpt>
      <trkpt lat="37.25935231894255" lon="128.1532426457852">
        <ele>709.8</ele>
      </trkpt>
      <trkpt lat="37.25933773443103" lon="128.15326326526701">
        <ele>709.8</ele>
      </trkpt>
      <trkpt lat="37.259322479367256" lon="128.1532819569111">
        <ele>710.0</ele>
      </trkpt>
      <trkpt lat="37.259306721389294" lon="128.15329964272678">
        <ele>709.8</ele>
      </trkpt>
      <trkpt lat="37.25929037667811" lon="128.15331682562828">
        <ele>709.8</ele>
      </trkpt>
      <trkpt lat="37.2592734452337" lon="128.153331913054">
        <ele>709.8</ele>
      </trkpt>
      <trkpt lat="37.25925567559898" lon="128.15334389917552">
        <ele>709.8</ele>
      </trkpt>
      <trkpt lat="37.259237905964255" lon="128.15335144288838">
        <ele>709.8</ele>
      </trkpt>
      <trkpt lat="37.25922055542469" lon="128.1533559691161">
        <ele>710.0</ele>
      </trkpt>
      <trkpt lat="37.2592044621706" lon="128.15336007624865">
        <ele>710.0</ele>
      </trkpt>
      <trkpt lat="37.25918627344072" lon="128.15336544066668">
        <ele>710.2</ele>
      </trkpt>
      <trkpt lat="37.25916833616793" lon="128.15337189473212">
        <ele>710.2</ele>
      </trkpt>
      <trkpt lat="37.259151404723525" lon="128.15337851643562">
        <ele>710.2</ele>
      </trkpt>
      <trkpt lat="37.259135730564594" lon="128.15338538959622">
        <ele>710.2</ele>
      </trkpt>
      <trkpt lat="37.259120559319854" lon="128.15339226275682">
        <ele>710.2</ele>
      </trkpt>
      <trkpt lat="37.259104549884796" lon="128.15340056084096">
        <ele>710.2</ele>
      </trkpt>
      <trkpt lat="37.25909063592553" lon="128.15340978093445">
        <ele>710.2</ele>
      </trkpt>
      <trkpt lat="37.25907823070884" lon="128.1534215155989">
        <ele>710.2</ele>
      </trkpt>
      <trkpt lat="37.25906800478697" lon="128.15343718975782">
        <ele>710.0</ele>
      </trkpt>
      <trkpt lat="37.25905920378864" lon="128.15345655195415">
        <ele>710.0</ele>
      </trkpt>
      <trkpt lat="37.25905082188547" lon="128.15347733907402">
        <ele>709.6</ele>
      </trkpt>
      <trkpt lat="37.25904369726777" lon="128.15349812619388">
        <ele>709.2</ele>
      </trkpt>
      <trkpt lat="37.259035650640726" lon="128.1535163987428">
        <ele>708.8</ele>
      </trkpt>
      <trkpt lat="37.25902886129916" lon="128.15353156998754">
        <ele>708.4</ele>
      </trkpt>
      <trkpt lat="37.259021485224366" lon="128.15354900434613">
        <ele>708.2</ele>
      </trkpt>
      <trkpt lat="37.259013606235385" lon="128.1535676959902">
        <ele>707.8</ele>
      </trkpt>
      <trkpt lat="37.25900321267545" lon="128.15359284169972">
        <ele>707.4</ele>
      </trkpt>
      <trkpt lat="37.25899105891585" lon="128.1536184065044">
        <ele>706.8</ele>
      </trkpt>
      <trkpt lat="37.25897731259465" lon="128.1536406185478">
        <ele>706.2</ele>
      </trkpt>
      <trkpt lat="37.25896490737796" lon="128.15365880727768">
        <ele>705.6</ele>
      </trkpt>
      <trkpt lat="37.258954932913184" lon="128.15367372706532">
        <ele>705.2</ele>
      </trkpt>
      <trkpt lat="37.258943701162934" lon="128.15368697047234">
        <ele>705.0</ele>
      </trkpt>
      <trkpt lat="37.25893179886043" lon="128.1536997947842">
        <ele>704.8</ele>
      </trkpt>
      <trkpt lat="37.25892056711018" lon="128.1537109427154">
        <ele>704.8</ele>
      </trkpt>
      <trkpt lat="37.25890983827412" lon="128.15372007898986">
        <ele>704.6</ele>
      </trkpt>
      <trkpt lat="37.25889910943806" lon="128.1537281256169">
        <ele>704.4</ele>
      </trkpt>
      <trkpt lat="37.25888988934457" lon="128.15373617224395">
        <ele>704.2</ele>
      </trkpt>
      <trkpt lat="37.258880753070116" lon="128.15374388359487">
        <ele>704.0</ele>
      </trkpt>
      <trkpt lat="37.25887170061469" lon="128.15375352278352">
        <ele>703.8</ele>
      </trkpt>
      <trkpt lat="37.25886231288314" lon="128.15376207232475">
        <ele>703.4</ele>
      </trkpt>
      <trkpt lat="37.25885150022805" lon="128.15377003513277">
        <ele>703.2</ele>
      </trkpt>
      <trkpt lat="37.25883976556361" lon="128.1537780817598">
        <ele>703.0</ele>
      </trkpt>
      <trkpt lat="37.258826941251755" lon="128.15378629602492">
        <ele>702.6</ele>
      </trkpt>
      <trkpt lat="37.258815709501505" lon="128.15379358828068">
        <ele>702.2</ele>
      </trkpt>
      <trkpt lat="37.25880472920835" lon="128.1537999585271">
        <ele>701.6</ele>
      </trkpt>
      <trkpt lat="37.25879500620067" lon="128.15380364656448">
        <ele>701.0</ele>
      </trkpt>
      <trkpt lat="37.25878385826945" lon="128.153804987669">
        <ele>700.4</ele>
      </trkpt>
      <trkpt lat="37.258770698681474" lon="128.15380515530705">
        <ele>700.0</ele>
      </trkpt>
      <trkpt lat="37.25875644944608" lon="128.15380482003093">
        <ele>699.2</ele>
      </trkpt>
      <trkpt lat="37.258741864934564" lon="128.15380440093577">
        <ele>698.6</ele>
      </trkpt>
      <trkpt lat="37.25872619077563" lon="128.15380540676415">
        <ele>698.0</ele>
      </trkpt>
      <trkpt lat="37.25871202535927" lon="128.1538068316877">
        <ele>697.4</ele>
      </trkpt>
      <trkpt lat="37.25870163179934" lon="128.1538081727922">
        <ele>696.8</ele>
      </trkpt>
      <trkpt lat="37.25869040004909" lon="128.153807669878">
        <ele>696.2</ele>
      </trkpt>
      <trkpt lat="37.25868059322238" lon="128.1538052391261">
        <ele>695.6</ele>
      </trkpt>
      <trkpt lat="37.25867439061403" lon="128.1538028921932">
        <ele>695.0</ele>
      </trkpt>
      <trkpt lat="37.25866776891053" lon="128.1538005452603">
        <ele>694.8</ele>
      </trkpt>
      <trkpt lat="37.2586589679122" lon="128.15379769541323">
        <ele>694.4</ele>
      </trkpt>
      <trkpt lat="37.25865142419934" lon="128.15379501320422">
        <ele>694.0</ele>
      </trkpt>
      <trkpt lat="37.258644215762615" lon="128.15379266627133">
        <ele>693.6</ele>
      </trkpt>
      <trkpt lat="37.258636420592666" lon="128.153789145872">
        <ele>693.0</ele>
      </trkpt>
      <trkpt lat="37.25862720049918" lon="128.15378319472075">
        <ele>692.4</ele>
      </trkpt>
      <trkpt lat="37.25861605256796" lon="128.15377498045564">
        <ele>691.8</ele>
      </trkpt>
      <trkpt lat="37.25860440172255" lon="128.15376567654312">
        <ele>691.4</ele>
      </trkpt>
      <trkpt lat="37.258591409772635" lon="128.15375394187868">
        <ele>690.8</ele>
      </trkpt>
      <trkpt lat="37.25857456214726" lon="128.15374589525163">
        <ele>690.4</ele>
      </trkpt>
      <trkpt lat="37.25855360738933" lon="128.15374153666198">
        <ele>689.8</ele>
      </trkpt>
      <trkpt lat="37.258530892431736" lon="128.15373977646232">
        <ele>689.2</ele>
      </trkpt>
      <trkpt lat="37.25850851275027" lon="128.15373701043427">
        <ele>688.4</ele>
      </trkpt>
      <trkpt lat="37.25848747417331" lon="128.15373650752008">
        <ele>687.8</ele>
      </trkpt>
      <trkpt lat="37.25846668705344" lon="128.1537384353578">
        <ele>687.2</ele>
      </trkpt>
      <trkpt lat="37.25844799540937" lon="128.15374363213778">
        <ele>686.8</ele>
      </trkpt>
      <trkpt lat="37.25842846557498" lon="128.1537489965558">
        <ele>686.2</ele>
      </trkpt>
      <trkpt lat="37.25840784609318" lon="128.1537526845932">
        <ele>685.8</ele>
      </trkpt>
      <trkpt lat="37.25838202983141" lon="128.1537582166493">
        <ele>685.4</ele>
      </trkpt>
      <trkpt lat="37.25835721939802" lon="128.1537645868957">
        <ele>685.0</ele>
      </trkpt>
      <trkpt lat="37.25833324715495" lon="128.15376944839954">
        <ele>684.6</ele>
      </trkpt>
      <trkpt lat="37.25831103511155" lon="128.1537728011608">
        <ele>684.2</ele>
      </trkpt>
      <trkpt lat="37.25829393602908" lon="128.15377531573176">
        <ele>684.0</ele>
      </trkpt>
      <trkpt lat="37.258276250213385" lon="128.15377783030272">
        <ele>684.0</ele>
      </trkpt>
      <trkpt lat="37.25825596600771" lon="128.1537804286927">
        <ele>684.0</ele>
      </trkpt>
      <trkpt lat="37.2582358494401" lon="128.15378294326365">
        <ele>684.0</ele>
      </trkpt>
      <trkpt lat="37.25821305066347" lon="128.15378554165363">
        <ele>683.8</ele>
      </trkpt>
      <trkpt lat="37.25818815641105" lon="128.15378973260522">
        <ele>683.6</ele>
      </trkpt>
      <trkpt lat="37.25816326215863" lon="128.15379543229938">
        <ele>683.4</ele>
      </trkpt>
      <trkpt lat="37.25813627243042" lon="128.15380356274545">
        <ele>683.0</ele>
      </trkpt>
      <trkpt lat="37.25811028853059" lon="128.1538116093725">
        <ele>682.6</ele>
      </trkpt>
      <trkpt lat="37.25808463990688" lon="128.1538198236376">
        <ele>682.4</ele>
      </trkpt>
      <trkpt lat="37.258059745654464" lon="128.15382870845497">
        <ele>682.2</ele>
      </trkpt>
      <trkpt lat="37.25803468376398" lon="128.15383742563426">
        <ele>681.8</ele>
      </trkpt>
      <trkpt lat="37.258008532226086" lon="128.15384723246098">
        <ele>681.6</ele>
      </trkpt>
      <trkpt lat="37.25798321887851" lon="128.1538560334593">
        <ele>681.2</ele>
      </trkpt>
      <trkpt lat="37.257956648245454" lon="128.15386508591473">
        <ele>680.8</ele>
      </trkpt>
      <trkpt lat="37.25793292745948" lon="128.1538774073124">
        <ele>680.2</ele>
      </trkpt>
      <trkpt lat="37.257910799235106" lon="128.1538919918239">
        <ele>679.4</ele>
      </trkpt>
      <trkpt lat="37.25788992829621" lon="128.15390925854445">
        <ele>678.8</ele>
      </trkpt>
      <trkpt lat="37.25786855444312" lon="128.15393147058785">
        <ele>678.2</ele>
      </trkpt>
      <trkpt lat="37.257847767323256" lon="128.15395653247833">
        <ele>677.6</ele>
      </trkpt>
      <trkpt lat="37.257828153669834" lon="128.15398218110204">
        <ele>677.2</ele>
      </trkpt>
      <trkpt lat="37.25780895911157" lon="128.15400682389736">
        <ele>676.8</ele>
      </trkpt>
      <trkpt lat="37.2577937040478" lon="128.1540286168456">
        <ele>676.6</ele>
      </trkpt>
      <trkpt lat="37.257782220840454" lon="128.15404638648033">
        <ele>676.4</ele>
      </trkpt>
      <trkpt lat="37.25777224637568" lon="128.154061390087">
        <ele>676.4</ele>
      </trkpt>
      <trkpt lat="37.257762188091874" lon="128.15407656133175">
        <ele>676.4</ele>
      </trkpt>
      <trkpt lat="37.25775078870356" lon="128.15409349277616">
        <ele>676.4</ele>
      </trkpt>
      <trkpt lat="37.257740227505565" lon="128.1541102565825">
        <ele>676.2</ele>
      </trkpt>
      <trkpt lat="37.2577297501266" lon="128.15412727184594">
        <ele>676.0</ele>
      </trkpt>
      <trkpt lat="37.257717344909906" lon="128.1541443709284">
        <ele>675.8</ele>
      </trkpt>
      <trkpt lat="37.25770611315966" lon="128.15416004508734">
        <ele>675.4</ele>
      </trkpt>
      <trkpt lat="37.257693791761994" lon="128.15417597070336">
        <ele>675.2</ele>
      </trkpt>
      <trkpt lat="37.257681051269174" lon="128.15419214777648">
        <ele>674.8</ele>
      </trkpt>
      <trkpt lat="37.25766730494797" lon="128.15421159379184">
        <ele>674.4</ele>
      </trkpt>
      <trkpt lat="37.25765221752226" lon="128.15423439256847">
        <ele>673.8</ele>
      </trkpt>
      <trkpt lat="37.25763545371592" lon="128.15425870008767">
        <ele>673.0</ele>
      </trkpt>
      <trkpt lat="37.25761726498604" lon="128.15428376197815">
        <ele>672.2</ele>
      </trkpt>
      <trkpt lat="37.257599076256156" lon="128.15430915914476">
        <ele>671.6</ele>
      </trkpt>
      <trkpt lat="37.25758231244981" lon="128.1543322931975">
        <ele>671.2</ele>
      </trkpt>
      <trkpt lat="37.25756848230958" lon="128.1543550081551">
        <ele>671.0</ele>
      </trkpt>
      <trkpt lat="37.257555071264505" lon="128.15437680110335">
        <ele>671.2</ele>
      </trkpt>
      <trkpt lat="37.25754400715232" lon="128.1543930619955">
        <ele>671.6</ele>
      </trkpt>
      <trkpt lat="37.25753378123045" lon="128.1544065568596">
        <ele>672.0</ele>
      </trkpt>
      <trkpt lat="37.25752355530858" lon="128.15441728569567">
        <ele>672.4</ele>
      </trkpt>
      <trkpt lat="37.257513077929616" lon="128.15442700870335">
        <ele>672.8</ele>
      </trkpt>
      <trkpt lat="37.25750268436968" lon="128.1544361449778">
        <ele>673.2</ele>
      </trkpt>
      <trkpt lat="37.257490027695894" lon="128.15444150939584">
        <ele>673.6</ele>
      </trkpt>
      <trkpt lat="37.257473515346646" lon="128.1544440239668">
        <ele>673.8</ele>
      </trkpt>
      <trkpt lat="37.2574535664171" lon="128.15444234758615">
        <ele>673.8</ele>
      </trkpt>
      <trkpt lat="37.257431941106915" lon="128.15443404950202">
        <ele>673.6</ele>
      </trkpt>
      <trkpt lat="37.25741056725383" lon="128.15442306920886">
        <ele>673.4</ele>
      </trkpt>
      <trkpt lat="37.2573896124959" lon="128.1544118374586">
        <ele>673.2</ele>
      </trkpt>
      <trkpt lat="37.25736756809056" lon="128.1544009409845">
        <ele>673.0</ele>
      </trkpt>
      <trkpt lat="37.25734820589423" lon="128.15439046360552">
        <ele>673.0</ele>
      </trkpt>
      <trkpt lat="37.25732842460275" lon="128.15438082441688">
        <ele>673.2</ele>
      </trkpt>
      <trkpt lat="37.25731308571994" lon="128.1543711014092">
        <ele>673.6</ele>
      </trkpt>
      <trkpt lat="37.25729942321777" lon="128.15435936674476">
        <ele>673.8</ele>
      </trkpt>
      <trkpt lat="37.25728953257203" lon="128.15434553660452">
        <ele>674.0</ele>
      </trkpt>
      <trkpt lat="37.25727737881243" lon="128.15432785078883">
        <ele>674.0</ele>
      </trkpt>
      <trkpt lat="37.257265225052834" lon="128.15430681221187">
        <ele>674.2</ele>
      </trkpt>
      <trkpt lat="37.25725248456001" lon="128.15427714027464">
        <ele>674.0</ele>
      </trkpt>
      <trkpt lat="37.25723966024816" lon="128.1542429421097">
        <ele>673.4</ele>
      </trkpt>
      <trkpt lat="37.25722725503147" lon="128.15420765429735">
        <ele>672.8</ele>
      </trkpt>
      <trkpt lat="37.25721585564315" lon="128.15417278558016">
        <ele>672.2</ele>
      </trkpt>
      <trkpt lat="37.25720822811127" lon="128.15414210781455">
        <ele>671.6</ele>
      </trkpt>
      <trkpt lat="37.25720236077905" lon="128.1541163753718">
        <ele>671.2</ele>
      </trkpt>
      <trkpt lat="37.25719657726586" lon="128.15409407950938">
        <ele>671.2</ele>
      </trkpt>
      <trkpt lat="37.25718869827688" lon="128.1540732923895">
        <ele>671.0</ele>
      </trkpt>
      <trkpt lat="37.257180316373706" lon="128.15405510365963">
        <ele>670.8</ele>
      </trkpt>
      <trkpt lat="37.257172018289566" lon="128.1540378369391">
        <ele>670.6</ele>
      </trkpt>
      <trkpt lat="37.25716380402446" lon="128.1540238391608">
        <ele>670.4</ele>
      </trkpt>
      <trkpt lat="37.257154416292906" lon="128.1540114339441">
        <ele>670.0</ele>
      </trkpt>
      <trkpt lat="37.25714469328523" lon="128.15399995073676">
        <ele>669.6</ele>
      </trkpt>
      <trkpt lat="37.25713513791561" lon="128.15398746170104">
        <ele>669.0</ele>
      </trkpt>
      <trkpt lat="37.25712424144149" lon="128.15397480502725">
        <ele>668.6</ele>
      </trkpt>
      <trkpt lat="37.25711468607187" lon="128.15396390855312">
        <ele>668.2</ele>
      </trkpt>
      <trkpt lat="37.257106052711606" lon="128.15395359881222">
        <ele>667.8</ele>
      </trkpt>
      <trkpt lat="37.25709985010326" lon="128.15394437871873">
        <ele>667.4</ele>
      </trkpt>
      <trkpt lat="37.25709306076169" lon="128.153934488073">
        <ele>667.0</ele>
      </trkpt>
      <trkpt lat="37.2570856846869" lon="128.15392652526498">
        <ele>666.6</ele>
      </trkpt>
      <trkpt lat="37.25707822479308" lon="128.15391873009503">
        <ele>666.2</ele>
      </trkpt>
      <trkpt lat="37.25707068108022" lon="128.15391093492508">
        <ele>665.8</ele>
      </trkpt>
      <trkpt lat="37.257063053548336" lon="128.15390272065997">
        <ele>665.4</ele>
      </trkpt>
      <trkpt lat="37.25705341435969" lon="128.1538943387568">
        <ele>665.0</ele>
      </trkpt>
      <trkpt lat="37.2570426017046" lon="128.15388461574912">
        <ele>664.4</ele>
      </trkpt>
      <trkpt lat="37.25703103467822" lon="128.15387472510338">
        <ele>664.0</ele>
      </trkpt>
      <trkpt lat="37.25701846182346" lon="128.15386349335313">
        <ele>663.4</ele>
      </trkpt>
      <trkpt lat="37.25700320675969" lon="128.1538480706513">
        <ele>662.6</ele>
      </trkpt>
      <trkpt lat="37.25698669441044" lon="128.15382954664528">
        <ele>661.8</ele>
      </trkpt>
      <trkpt lat="37.25697143934667" lon="128.15380909480155">
        <ele>661.0</ele>
      </trkpt>
      <trkpt lat="37.25695710629225" lon="128.15379241481423">
        <ele>660.2</ele>
      </trkpt>
      <trkpt lat="37.256942270323634" lon="128.15377866849303">
        <ele>659.6</ele>
      </trkpt>
      <trkpt lat="37.256928607821465" lon="128.15376517362893">
        <ele>659.0</ele>
      </trkpt>
      <trkpt lat="37.25691578350961" lon="128.15375494770706">
        <ele>658.6</ele>
      </trkpt>
      <trkpt lat="37.256903210654855" lon="128.15374514088035">
        <ele>658.2</ele>
      </trkpt>
      <trkpt lat="37.25688820704818" lon="128.1537357531488">
        <ele>657.6</ele>
      </trkpt>
      <trkpt lat="37.25687412545085" lon="128.1537275388837">
        <ele>657.0</ele>
      </trkpt>
      <trkpt lat="37.25685752928257" lon="128.1537196598947">
        <ele>656.4</ele>
      </trkpt>
      <trkpt lat="37.25684009492397" lon="128.1537093501538">
        <ele>655.8</ele>
      </trkpt>
      <trkpt lat="37.25682148709893" lon="128.1536961067468">
        <ele>655.0</ele>
      </trkpt>
      <trkpt lat="37.25680296309292" lon="128.15368378534913">
        <ele>654.4</ele>
      </trkpt>
      <trkpt lat="37.25678586401045" lon="128.15367322415113">
        <ele>653.8</ele>
      </trkpt>
      <trkpt lat="37.25677018985152" lon="128.15366350114346">
        <ele>653.4</ele>
      </trkpt>
      <trkpt lat="37.256754180416465" lon="128.1536541134119">
        <ele>652.8</ele>
      </trkpt>
      <trkpt lat="37.25674018263817" lon="128.1536445580423">
        <ele>652.4</ele>
      </trkpt>
      <trkpt lat="37.256728280335665" lon="128.15363726578653">
        <ele>652.0</ele>
      </trkpt>
      <trkpt lat="37.25671730004251" lon="128.15363173373044">
        <ele>651.6</ele>
      </trkpt>
      <trkpt lat="37.256706822663546" lon="128.15362561494112">
        <ele>651.2</ele>
      </trkpt>
      <trkpt lat="37.25669676437974" lon="128.1536158081144">
        <ele>650.8</ele>
      </trkpt>
      <trkpt lat="37.25668637081981" lon="128.15360616892576">
        <ele>650.4</ele>
      </trkpt>
      <trkpt lat="37.25667329505086" lon="128.1535949371755">
        <ele>650.0</ele>
      </trkpt>
      <trkpt lat="37.25665963254869" lon="128.15358437597752">
        <ele>649.4</ele>
      </trkpt>
      <trkpt lat="37.2566469758749" lon="128.1535729765892">
        <ele>648.8</ele>
      </trkpt>
      <trkpt lat="37.256632978096604" lon="128.1535621639341">
        <ele>648.2</ele>
      </trkpt>
      <trkpt lat="37.256618393585086" lon="128.15355353057384">
        <ele>647.6</ele>
      </trkpt>
      <trkpt lat="37.25660338997841" lon="128.15354741178453">
        <ele>647.0</ele>
      </trkpt>
      <trkpt lat="37.256589476019144" lon="128.1535431370139">
        <ele>646.6</ele>
      </trkpt>
      <trkpt lat="37.25657757371664" lon="128.15353978425264">
        <ele>646.2</ele>
      </trkpt>
      <trkpt lat="37.25656684488058" lon="128.15353743731976">
        <ele>645.8</ele>
      </trkpt>
      <trkpt lat="37.256557289510965" lon="128.15353559330106">
        <ele>645.6</ele>
      </trkpt>
      <trkpt lat="37.256550500169396" lon="128.15353391692042">
        <ele>645.2</ele>
      </trkpt>
      <trkpt lat="37.256547566503286" lon="128.1535306479782">
        <ele>645.0</ele>
      </trkpt>
      <trkpt lat="37.25654513575137" lon="128.1535267084837">
        <ele>644.6</ele>
      </trkpt>
      <trkpt lat="37.25654228590429" lon="128.15352285280824">
        <ele>644.2</ele>
      </trkpt>
      <trkpt lat="37.256529461592436" lon="128.15351472236216">
        <ele>643.6</ele>
      </trkpt>
      <trkpt lat="37.256523091346025" lon="128.1535113696009">
        <ele>643.2</ele>
      </trkpt>
      <trkpt lat="37.25651554763317" lon="128.15350810065866">
        <ele>643.0</ele>
      </trkpt>
      <trkpt lat="37.25650766864419" lon="128.15350441262126">
        <ele>642.6</ele>
      </trkpt>
      <trkpt lat="37.25649878382683" lon="128.1534994672984">
        <ele>642.2</ele>
      </trkpt>
      <trkpt lat="37.25648679770529" lon="128.15349326469004">
        <ele>641.8</ele>
      </trkpt>
      <trkpt lat="37.256472799926996" lon="128.153487900272">
        <ele>641.2</ele>
      </trkpt>
      <trkpt lat="37.256454611197114" lon="128.15348236821592">
        <ele>640.6</ele>
      </trkpt>
      <trkpt lat="37.25643441081047" lon="128.1534728128463">
        <ele>639.8</ele>
      </trkpt>
      <trkpt lat="37.256412031129" lon="128.15346174873412">
        <ele>639.0</ele>
      </trkpt>
      <trkpt lat="37.256386298686266" lon="128.15344909206033">
        <ele>638.2</ele>
      </trkpt>
      <trkpt lat="37.25636308081448" lon="128.15343677066267">
        <ele>637.4</ele>
      </trkpt>
      <trkpt lat="37.25634455680847" lon="128.15342436544597">
        <ele>636.6</ele>
      </trkpt>
      <trkpt lat="37.2563308943063" lon="128.15341355279088">
        <ele>636.2</ele>
      </trkpt>
      <trkpt lat="37.25631907582283" lon="128.15340508706868">
        <ele>635.8</ele>
      </trkpt>
      <trkpt lat="37.25630692206323" lon="128.15339754335582">
        <ele>635.8</ele>
      </trkpt>
      <trkpt lat="37.25629518739879" lon="128.15338932909071">
        <ele>635.8</ele>
      </trkpt>
      <trkpt lat="37.25628395564854" lon="128.1533786840737">
        <ele>635.8</ele>
      </trkpt>
      <trkpt lat="37.25627272389829" lon="128.15336770378053">
        <ele>635.8</ele>
      </trkpt>
      <trkpt lat="37.25625956431031" lon="128.1533573102206">
        <ele>635.8</ele>
      </trkpt>
      <trkpt lat="37.25624866783619" lon="128.15334783867002">
        <ele>635.8</ele>
      </trkpt>
      <trkpt lat="37.25623693317175" lon="128.15333903767169">
        <ele>635.6</ele>
      </trkpt>
      <trkpt lat="37.25622477941215" lon="128.15333208069205">
        <ele>635.6</ele>
      </trkpt>
      <trkpt lat="37.25621120072901" lon="128.15332487225533">
        <ele>635.4</ele>
      </trkpt>
      <trkpt lat="37.256196616217494" lon="128.15331757999957">
        <ele>635.2</ele>
      </trkpt>
      <trkpt lat="37.256181947886944" lon="128.15330953337252">
        <ele>634.8</ele>
      </trkpt>
      <trkpt lat="37.25616761483252" lon="128.15330215729773">
        <ele>634.4</ele>
      </trkpt>
      <trkpt lat="37.25615353323519" lon="128.1532965414226">
        <ele>634.2</ele>
      </trkpt>
      <trkpt lat="37.256140038371086" lon="128.15329159609973">
        <ele>633.8</ele>
      </trkpt>
      <trkpt lat="37.25612562149763" lon="128.15328589640558">
        <ele>633.4</ele>
      </trkpt>
      <trkpt lat="37.256111204624176" lon="128.15327952615917">
        <ele>633.0</ele>
      </trkpt>
      <trkpt lat="37.25609578192234" lon="128.15327256917953">
        <ele>632.6</ele>
      </trkpt>
      <trkpt lat="37.25607952103019" lon="128.1532653607428">
        <ele>632.2</ele>
      </trkpt>
      <trkpt lat="37.25606401450932" lon="128.15325773321092">
        <ele>632.0</ele>
      </trkpt>
      <trkpt lat="37.2560478374362" lon="128.15324943512678">
        <ele>631.6</ele>
      </trkpt>
      <trkpt lat="37.25603333674371" lon="128.15324197523296">
        <ele>631.4</ele>
      </trkpt>
      <trkpt lat="37.25601908750832" lon="128.1532349344343">
        <ele>631.2</ele>
      </trkpt>
      <trkpt lat="37.256005676463246" lon="128.15322822891176">
        <ele>631.0</ele>
      </trkpt>
      <trkpt lat="37.255992935970426" lon="128.15322194248438">
        <ele>630.6</ele>
      </trkpt>
      <trkpt lat="37.255979189649224" lon="128.15321741625667">
        <ele>630.4</ele>
      </trkpt>
      <trkpt lat="37.255965610966086" lon="128.15321372821927">
        <ele>630.2</ele>
      </trkpt>
      <trkpt lat="37.25595219992101" lon="128.15320886671543">
        <ele>629.8</ele>
      </trkpt>
      <trkpt lat="37.25593937560916" lon="128.15320308320224">
        <ele>629.6</ele>
      </trkpt>
      <trkpt lat="37.25592671893537" lon="128.15319914370775">
        <ele>629.2</ele>
      </trkpt>
      <trkpt lat="37.25591456517577" lon="128.15319621004164">
        <ele>628.8</ele>
      </trkpt>
      <trkpt lat="37.25590224377811" lon="128.15319336019456">
        <ele>628.4</ele>
      </trkpt>
      <trkpt lat="37.25588824599981" lon="128.1531895045191">
        <ele>627.8</ele>
      </trkpt>
      <trkpt lat="37.25587483495474" lon="128.15318564884365">
        <ele>627.4</ele>
      </trkpt>
      <trkpt lat="37.25586217828095" lon="128.1531810387969">
        <ele>626.8</ele>
      </trkpt>
      <trkpt lat="37.25584885105491" lon="128.15317567437887">
        <ele>626.2</ele>
      </trkpt>
      <trkpt lat="37.25583736784756" lon="128.1531712319702">
        <ele>625.8</ele>
      </trkpt>
      <trkpt lat="37.25582747720182" lon="128.15316695719957">
        <ele>625.2</ele>
      </trkpt>
      <trkpt lat="37.25581691600382" lon="128.15316075459123">
        <ele>624.8</ele>
      </trkpt>
      <trkpt lat="37.25580610334873" lon="128.1531551387161">
        <ele>624.4</ele>
      </trkpt>
      <trkpt lat="37.255794536322355" lon="128.15315052866936">
        <ele>624.0</ele>
      </trkpt>
      <trkpt lat="37.25578405894339" lon="128.15314751118422">
        <ele>623.6</ele>
      </trkpt>
      <trkpt lat="37.255773581564426" lon="128.1531461700797">
        <ele>623.0</ele>
      </trkpt>
      <trkpt lat="37.25576352328062" lon="128.15314340405166">
        <ele>622.6</ele>
      </trkpt>
      <trkpt lat="37.25575631484389" lon="128.15313996747136">
        <ele>622.0</ele>
      </trkpt>
      <trkpt lat="37.25574751384556" lon="128.1531350221485">
        <ele>621.6</ele>
      </trkpt>
      <trkpt lat="37.25573820993304" lon="128.15312915481627">
        <ele>621.2</ele>
      </trkpt>
      <trkpt lat="37.255731504410505" lon="128.1531255505979">
        <ele>621.0</ele>
      </trkpt>
      <trkpt lat="37.25572454743087" lon="128.15312228165567">
        <ele>620.6</ele>
      </trkpt>
      <trkpt lat="37.25571951828897" lon="128.1531186774373">
        <ele>620.2</ele>
      </trkpt>
      <trkpt lat="37.25571624934673" lon="128.15311431884766">
        <ele>619.8</ele>
      </trkpt>
      <trkpt lat="37.25571306422353" lon="128.15310878679156">
        <ele>619.4</ele>
      </trkpt>
      <trkpt lat="37.25570225156844" lon="128.1530959624797">
        <ele>618.8</ele>
      </trkpt>
      <trkpt lat="37.25569671951234" lon="128.15308900550008">
        <ele>618.4</ele>
      </trkpt>
      <trkpt lat="37.25568909198046" lon="128.15308179706335">
        <ele>618.0</ele>
      </trkpt>
      <trkpt lat="37.25568188354373" lon="128.15307316370308">
        <ele>617.6</ele>
      </trkpt>
      <trkpt lat="37.2556730825454" lon="128.1530634406954">
        <ele>617.2</ele>
      </trkpt>
      <trkpt lat="37.25566444918513" lon="128.1530547235161">
        <ele>616.6</ele>
      </trkpt>
      <trkpt lat="37.2556558996439" lon="128.15304801799357">
        <ele>616.0</ele>
      </trkpt>
      <trkpt lat="37.25564802065492" lon="128.15304273739457">
        <ele>615.6</ele>
      </trkpt>
      <trkpt lat="37.25564123131335" lon="128.1530401390046">
        <ele>615.0</ele>
      </trkpt>
      <trkpt lat="37.255635028705" lon="128.15303678624332">
        <ele>614.4</ele>
      </trkpt>
      <trkpt lat="37.25563050247729" lon="128.15303167328238">
        <ele>614.0</ele>
      </trkpt>
      <trkpt lat="37.25562530569732" lon="128.1530245486647">
        <ele>613.4</ele>
      </trkpt>
      <trkpt lat="37.25562186911702" lon="128.15301625058055">
        <ele>613.0</ele>
      </trkpt>
      <trkpt lat="37.25561885163188" lon="128.15300677902997">
        <ele>612.6</ele>
      </trkpt>
      <trkpt lat="37.25561675615609" lon="128.15299697220325">
        <ele>612.2</ele>
      </trkpt>
      <trkpt lat="37.25561155937612" lon="128.15298607572913">
        <ele>611.8</ele>
      </trkpt>
      <trkpt lat="37.255605440586805" lon="128.1529780291021">
        <ele>611.4</ele>
      </trkpt>
      <trkpt lat="37.255598567426205" lon="128.1529690604657">
        <ele>611.0</ele>
      </trkpt>
      <trkpt lat="37.25559052079916" lon="128.1529603432864">
        <ele>610.6</ele>
      </trkpt>
      <trkpt lat="37.25558213889599" lon="128.15295221284032">
        <ele>610.2</ele>
      </trkpt>
      <trkpt lat="37.25557534955442" lon="128.15294123254716">
        <ele>609.8</ele>
      </trkpt>
      <trkpt lat="37.25556839257479" lon="128.15293109044433">
        <ele>609.4</ele>
      </trkpt>
      <trkpt lat="37.25556017830968" lon="128.1529217865318">
        <ele>609.0</ele>
      </trkpt>
      <trkpt lat="37.25555079057813" lon="128.1529138237238">
        <ele>608.4</ele>
      </trkpt>
      <trkpt lat="37.25553964264691" lon="128.1529066991061">
        <ele>608.0</ele>
      </trkpt>
      <trkpt lat="37.25553025491536" lon="128.1529014185071">
        <ele>607.4</ele>
      </trkpt>
      <trkpt lat="37.2555211186409" lon="128.15289739519358">
        <ele>607.0</ele>
      </trkpt>
      <trkpt lat="37.255511647090316" lon="128.15289529971778">
        <ele>606.6</ele>
      </trkpt>
      <trkpt lat="37.255500415340066" lon="128.15289437770844">
        <ele>606.2</ele>
      </trkpt>
      <trkpt lat="37.25548683665693" lon="128.1528977304697">
        <ele>605.8</ele>
      </trkpt>
      <trkpt lat="37.25547996349633" lon="128.15290820784867">
        <ele>605.4</ele>
      </trkpt>
      <trkpt lat="37.255477868020535" lon="128.1529254745692">
        <ele>605.2</ele>
      </trkpt>
      <trkpt lat="37.25547862239182" lon="128.1529439985752">
        <ele>604.8</ele>
      </trkpt>
      <trkpt lat="37.25547904148698" lon="128.15296294167638">
        <ele>604.6</ele>
      </trkpt>
      <trkpt lat="37.25547946058214" lon="128.1529802083969">
        <ele>604.6</ele>
      </trkpt>
      <trkpt lat="37.25548172369599" lon="128.15299672074616">
        <ele>604.6</ele>
      </trkpt>
      <trkpt lat="37.25548599846661" lon="128.15301616676152">
        <ele>604.8</ele>
      </trkpt>
      <trkpt lat="37.25549052469432" lon="128.15303351730108">
        <ele>604.8</ele>
      </trkpt>
      <trkpt lat="37.25549530237913" lon="128.15304919146">
        <ele>604.8</ele>
      </trkpt>
      <trkpt lat="37.255501337349415" lon="128.15306436270475">
        <ele>605.0</ele>
      </trkpt>
      <trkpt lat="37.25550795905292" lon="128.15308003686368">
        <ele>605.2</ele>
      </trkpt>
      <trkpt lat="37.25551441311836" lon="128.153094118461">
        <ele>605.4</ele>
      </trkpt>
      <trkpt lat="37.2555211186409" lon="128.15310761332512">
        <ele>605.6</ele>
      </trkpt>
      <trkpt lat="37.25552757270634" lon="128.1531228683889">
        <ele>605.8</ele>
      </trkpt>
      <trkpt lat="37.25553419440985" lon="128.1531374529004">
        <ele>605.8</ele>
      </trkpt>
      <trkpt lat="37.255542408674955" lon="128.15315388143063">
        <ele>606.0</ele>
      </trkpt>
      <trkpt lat="37.25555003620684" lon="128.1531686335802">
        <ele>606.2</ele>
      </trkpt>
      <trkpt lat="37.255555652081966" lon="128.15318187698722">
        <ele>606.4</ele>
      </trkpt>
      <trkpt lat="37.255559926852584" lon="128.15319193527102">
        <ele>606.8</ele>
      </trkpt>
      <trkpt lat="37.25556353107095" lon="128.15319973044097">
        <ele>607.0</ele>
      </trkpt>
      <trkpt lat="37.25556755438447" lon="128.1532087828964">
        <ele>607.4</ele>
      </trkpt>
      <trkpt lat="37.25557208061218" lon="128.15321867354214">
        <ele>607.8</ele>
      </trkpt>
      <trkpt lat="37.25557736121118" lon="128.15322864800692">
        <ele>608.0</ele>
      </trkpt>
      <trkpt lat="37.255584402009845" lon="128.1532378681004">
        <ele>608.4</ele>
      </trkpt>
      <trkpt lat="37.255589263513684" lon="128.1532444898039">
        <ele>608.6</ele>
      </trkpt>
      <trkpt lat="37.2555937897414" lon="128.1532507762313">
        <ele>609.0</ele>
      </trkpt>
      <trkpt lat="37.25559848360717" lon="128.1532589904964">
        <ele>609.4</ele>
      </trkpt>
      <trkpt lat="37.25560267455876" lon="128.15326569601893">
        <ele>609.8</ele>
      </trkpt>
      <trkpt lat="37.255605943500996" lon="128.15327365882695">
        <ele>610.0</ele>
      </trkpt>
      <trkpt lat="37.25561005063355" lon="128.15328103490174">
        <ele>610.4</ele>
      </trkpt>
      <trkpt lat="37.25561449304223" lon="128.15328908152878">
        <ele>610.6</ele>
      </trkpt>
      <trkpt lat="37.255617594346404" lon="128.15329721197486">
        <ele>611.0</ele>
      </trkpt>
      <trkpt lat="37.255621030926704" lon="128.1533065997064">
        <ele>611.2</ele>
      </trkpt>
      <trkpt lat="37.25562664680183" lon="128.15331674180925">
        <ele>611.4</ele>
      </trkpt>
      <trkpt lat="37.25563410669565" lon="128.15332395024598">
        <ele>611.8</ele>
      </trkpt>
      <trkpt lat="37.25564382970333" lon="128.1533309072256">
        <ele>612.0</ele>
      </trkpt>
      <trkpt lat="37.25565556436777" lon="128.1533396244049">
        <ele>612.2</ele>
      </trkpt>
      <trkpt lat="37.255665957927704" lon="128.15334641374648">
        <ele>612.4</ele>
      </trkpt>
      <trkpt lat="37.2556765191257" lon="128.15335161052644">
        <ele>612.6</ele>
      </trkpt>
      <trkpt lat="37.25568875670433" lon="128.15335529856384">
        <ele>612.8</ele>
      </trkpt>
      <trkpt lat="37.25569990463555" lon="128.15335764549673">
        <ele>613.0</ele>
      </trkpt>
      <trkpt lat="37.255713399499655" lon="128.15336016006768">
        <ele>613.2</ele>
      </trkpt>
      <trkpt lat="37.2557283192873" lon="128.15336300991476">
        <ele>613.4</ele>
      </trkpt>
      <trkpt lat="37.25573997013271" lon="128.1533665303141">
        <ele>613.6</ele>
      </trkpt>
      <trkpt lat="37.25575069896877" lon="128.15336988307536">
        <ele>613.8</ele>
      </trkpt>
      <trkpt lat="37.255761343985796" lon="128.15337231382728">
        <ele>614.2</ele>
      </trkpt>
      <trkpt lat="37.25577190518379" lon="128.15337533131242">
        <ele>614.4</ele>
      </trkpt>
      <trkpt lat="37.25578238256276" lon="128.15337709151208">
        <ele>614.8</ele>
      </trkpt>
      <trkpt lat="37.255790596827865" lon="128.15337851643562">
        <ele>615.0</ele>
      </trkpt>
      <trkpt lat="37.255799397826195" lon="128.15338019281626">
        <ele>615.4</ele>
      </trkpt>
      <trkpt lat="37.25580467842519" lon="128.1533827073872">
        <ele>615.8</ele>
      </trkpt>
      <trkpt lat="37.25581155158579" lon="128.15338631160557">
        <ele>616.0</ele>
      </trkpt>
      <trkpt lat="37.2558181732893" lon="128.15338580869138">
        <ele>616.2</ele>
      </trkpt>
      <trkpt lat="37.255824292078614" lon="128.15338631160557">
        <ele>616.4</ele>
      </trkpt>
      <trkpt lat="37.25583124905825" lon="128.15338890999556">
        <ele>616.8</ele>
      </trkpt>
      <trkpt lat="37.25583326071501" lon="128.15339108929038">
        <ele>617.0</ele>
      </trkpt>
      <trkpt lat="37.25583820603788" lon="128.1533919274807">
        <ele>617.6</ele>
      </trkpt>
      <trkpt lat="37.25584206171334" lon="128.15339318476617">
        <ele>617.8</ele>
      </trkpt>
      <trkpt lat="37.25584650412202" lon="128.15339385531843">
        <ele>618.0</ele>
      </trkpt>
      <trkpt lat="37.25584994070232" lon="128.15339553169906">
        <ele>618.2</ele>
      </trkpt>
      <trkpt lat="37.25585346110165" lon="128.15339662134647">
        <ele>618.6</ele>
      </trkpt>
      <trkpt lat="37.25585815496743" lon="128.15339821390808">
        <ele>619.0</ele>
      </trkpt>
      <trkpt lat="37.25586452521384" lon="128.15340030938387">
        <ele>619.2</ele>
      </trkpt>
      <trkpt lat="37.25587005726993" lon="128.15340190194547">
        <ele>619.6</ele>
      </trkpt>
      <trkpt lat="37.255875086411834" lon="128.15340399742126">
        <ele>619.8</ele>
      </trkpt>
      <trkpt lat="37.25588120520115" lon="128.15340760163963">
        <ele>620.2</ele>
      </trkpt>
      <trkpt lat="37.25588866509497" lon="128.15341078676283">
        <ele>620.4</ele>
      </trkpt>
      <trkpt lat="37.25589754991233" lon="128.15341380424798">
        <ele>620.6</ele>
      </trkpt>
      <trkpt lat="37.255906350910664" lon="128.1534183304757">
        <ele>621.0</ele>
      </trkpt>
      <trkpt lat="37.25591406226158" lon="128.1534226052463">
        <ele>621.2</ele>
      </trkpt>
      <trkpt lat="37.25592294707894" lon="128.1534267961979">
        <ele>621.4</ele>
      </trkpt>
      <trkpt lat="37.255931328982115" lon="128.15342905931175">
        <ele>621.8</ele>
      </trkpt>
      <trkpt lat="37.255939124152064" lon="128.15343031659722">
        <ele>622.0</ele>
      </trkpt>
      <trkpt lat="37.25594725459814" lon="128.15343216061592">
        <ele>622.2</ele>
      </trkpt>
      <trkpt lat="37.255955720320344" lon="128.15343576483428">
        <ele>622.4</ele>
      </trkpt>
      <trkpt lat="37.25596225820482" lon="128.1534400396049">
        <ele>622.8</ele>
      </trkpt>
      <trkpt lat="37.25597064010799" lon="128.15344515256584">
        <ele>623.0</ele>
      </trkpt>
      <trkpt lat="37.255978770554066" lon="128.15344934351742">
        <ele>623.2</ele>
      </trkpt>
      <trkpt lat="37.2559854760766" lon="128.15345261245966">
        <ele>623.4</ele>
      </trkpt>
      <trkpt lat="37.255993355065584" lon="128.1534563843161">
        <ele>623.4</ele>
      </trkpt>
      <trkpt lat="37.25600047968328" lon="128.15346132963896">
        <ele>623.6</ele>
      </trkpt>
      <trkpt lat="37.25600936450064" lon="128.15346686169505">
        <ele>623.8</ele>
      </trkpt>
      <trkpt lat="37.25602109916508" lon="128.1534733157605">
        <ele>623.8</ele>
      </trkpt>
      <trkpt lat="37.25602981634438" lon="128.153479937464">
        <ele>623.8</ele>
      </trkpt>
      <trkpt lat="37.25604062899947" lon="128.15348697826266">
        <ele>623.8</ele>
      </trkpt>
      <trkpt lat="37.25605077110231" lon="128.15349410288036">
        <ele>623.8</ele>
      </trkpt>
      <trkpt lat="37.25606091320515" lon="128.1535024009645">
        <ele>623.8</ele>
      </trkpt>
      <trkpt lat="37.25606946274638" lon="128.15351229161024">
        <ele>623.8</ele>
      </trkpt>
      <trkpt lat="37.25607826374471" lon="128.1535243615508">
        <ele>623.8</ele>
      </trkpt>
      <trkpt lat="37.25608605891466" lon="128.15353693440557">
        <ele>623.8</ele>
      </trkpt>
      <trkpt lat="37.25609242916107" lon="128.1535494234413">
        <ele>623.8</ele>
      </trkpt>
      <trkpt lat="37.256099889054894" lon="128.15356174483895">
        <ele>623.6</ele>
      </trkpt>
      <trkpt lat="37.25610760040581" lon="128.1535753235221">
        <ele>623.4</ele>
      </trkpt>
      <trkpt lat="37.256114641204476" lon="128.15359099768102">
        <ele>623.4</ele>
      </trkpt>
      <trkpt lat="37.256122939288616" lon="128.1536057498306">
        <ele>623.2</ele>
      </trkpt>
      <trkpt lat="37.25613224320114" lon="128.1536197476089">
        <ele>623.0</ele>
      </trkpt>
      <trkpt lat="37.256141882389784" lon="128.15363332629204">
        <ele>622.8</ele>
      </trkpt>
      <trkpt lat="37.256153197959065" lon="128.15364631824195">
        <ele>622.6</ele>
      </trkpt>
      <trkpt lat="37.25616560317576" lon="128.1536612380296">
        <ele>622.2</ele>
      </trkpt>
      <trkpt lat="37.25617825984955" lon="128.15367875620723">
        <ele>621.8</ele>
      </trkpt>
      <trkpt lat="37.256190832704306" lon="128.15369417890906">
        <ele>621.4</ele>
      </trkpt>
      <trkpt lat="37.25620374083519" lon="128.15370968542993">
        <ele>620.8</ele>
      </trkpt>
      <trkpt lat="37.25621824152768" lon="128.15372611396015">
        <ele>620.4</ele>
      </trkpt>
      <trkpt lat="37.25623307749629" lon="128.15374564379454">
        <ele>619.8</ele>
      </trkpt>
      <trkpt lat="37.25624858401716" lon="128.15376735292375">
        <ele>619.4</ele>
      </trkpt>
      <trkpt lat="37.256263084709644" lon="128.15378763712943">
        <ele>618.8</ele>
      </trkpt>
      <trkpt lat="37.256277753040195" lon="128.15380750223994">
        <ele>618.4</ele>
      </trkpt>
      <trkpt lat="37.25629032589495" lon="128.15382602624595">
        <ele>618.0</ele>
      </trkpt>
      <trkpt lat="37.25629954598844" lon="128.15384471789002">
        <ele>617.6</ele>
      </trkpt>
      <trkpt lat="37.256308598443866" lon="128.1538618169725">
        <ele>617.4</ele>
      </trkpt>
      <trkpt lat="37.25631614215672" lon="128.1538766529411">
        <ele>617.4</ele>
      </trkpt>
      <trkpt lat="37.2563240211457" lon="128.1538890581578">
        <ele>617.6</ele>
      </trkpt>
      <trkpt lat="37.25633164867759" lon="128.15390188246965">
        <ele>617.6</ele>
      </trkpt>
      <trkpt lat="37.25633726455271" lon="128.15391277894378">
        <ele>617.8</ele>
      </trkpt>
      <trkpt lat="37.256343718618155" lon="128.15392644144595">
        <ele>617.8</ele>
      </trkpt>
      <trkpt lat="37.25635193288326" lon="128.15394052304327">
        <ele>617.8</ele>
      </trkpt>
      <trkpt lat="37.25636065006256" lon="128.15395628102124">
        <ele>617.8</ele>
      </trkpt>
      <trkpt lat="37.25636945106089" lon="128.15397287718952">
        <ele>617.4</ele>
      </trkpt>
      <trkpt lat="37.25637724623084" lon="128.15399098210037">
        <ele>617.2</ele>
      </trkpt>
      <trkpt lat="37.25638487376273" lon="128.15400766208768">
        <ele>617.0</ele>
      </trkpt>
      <trkpt lat="37.25639233365655" lon="128.15402425825596">
        <ele>616.6</ele>
      </trkpt>
      <trkpt lat="37.25639929063618" lon="128.15404068678617">
        <ele>616.6</ele>
      </trkpt>
      <trkpt lat="37.25640792399645" lon="128.15405602566898">
        <ele>616.4</ele>
      </trkpt>
      <trkpt lat="37.256417060270905" lon="128.15407077781856">
        <ele>616.4</ele>
      </trkpt>
      <trkpt lat="37.25642619654536" lon="128.1540854461491">
        <ele>616.4</ele>
      </trkpt>
      <trkpt lat="37.25643533281982" lon="128.15410078503191">
        <ele>616.4</ele>
      </trkpt>
      <trkpt lat="37.25644354708493" lon="128.15411411225796">
        <ele>616.4</ele>
      </trkpt>
      <trkpt lat="37.25645209662616" lon="128.15412676893175">
        <ele>616.4</ele>
      </trkpt>
      <trkpt lat="37.2564606461674" lon="128.15413950942457">
        <ele>616.4</ele>
      </trkpt>
      <trkpt lat="37.25646818988025" lon="128.15415342338383">
        <ele>616.4</ele>
      </trkpt>
      <trkpt lat="37.25647548213601" lon="128.1541647389531">
        <ele>616.4</ele>
      </trkpt>
      <trkpt lat="37.256480595096946" lon="128.15417890436947">
        <ele>616.4</ele>
      </trkpt>
      <trkpt lat="37.25648528896272" lon="128.1541916448623">
        <ele>616.4</ele>
      </trkpt>
      <trkpt lat="37.25649015046656" lon="128.15420824103057">
        <ele>616.4</ele>
      </trkpt>
      <trkpt lat="37.25649626925588" lon="128.15422668121755">
        <ele>616.4</ele>
      </trkpt>
      <trkpt lat="37.256501130759716" lon="128.1542447861284">
        <ele>616.4</ele>
      </trkpt>
      <trkpt lat="37.256505992263556" lon="128.15426314249635">
        <ele>616.6</ele>
      </trkpt>
      <trkpt lat="37.256509847939014" lon="128.15427814610302">
        <ele>616.8</ele>
      </trkpt>
      <trkpt lat="37.256513787433505" lon="128.15429113805294">
        <ele>616.8</ele>
      </trkpt>
      <trkpt lat="37.2565174754709" lon="128.15430387854576">
        <ele>617.0</ele>
      </trkpt>
      <trkpt lat="37.25652325898409" lon="128.15431494265795">
        <ele>617.2</ele>
      </trkpt>
      <trkpt lat="37.25653080269694" lon="128.15432676114142">
        <ele>617.4</ele>
      </trkpt>
      <trkpt lat="37.25654044188559" lon="128.15434050746262">
        <ele>617.6</ele>
      </trkpt>
      <trkpt lat="37.25654806941748" lon="128.15435224212706">
        <ele>617.8</ele>
      </trkpt>
      <trkpt lat="37.25655460730195" lon="128.15436364151537">
        <ele>618.0</ele>
      </trkpt>
      <trkpt lat="37.25656089372933" lon="128.15437738783658">
        <ele>618.0</ele>
      </trkpt>
      <trkpt lat="37.25656718015671" lon="128.15438996069133">
        <ele>618.2</ele>
      </trkpt>
      <trkpt lat="37.25657363422215" lon="128.15440161153674">
        <ele>618.4</ele>
      </trkpt>
      <trkpt lat="37.25658033974469" lon="128.15441477112472">
        <ele>618.8</ele>
      </trkpt>
      <trkpt lat="37.25658687762916" lon="128.15442851744592">
        <ele>619.0</ele>
      </trkpt>
      <trkpt lat="37.25659400224686" lon="128.15444394014776">
        <ele>619.2</ele>
      </trkpt>
      <trkpt lat="37.25660213269293" lon="128.15446212887764">
        <ele>619.4</ele>
      </trkpt>
      <trkpt lat="37.25660783238709" lon="128.15448174253106">
        <ele>619.6</ele>
      </trkpt>
      <trkpt lat="37.2566126100719" lon="128.154500098899">
        <ele>619.8</ele>
      </trkpt>
      <trkpt lat="37.25661621429026" lon="128.154515940696">
        <ele>619.8</ele>
      </trkpt>
      <trkpt lat="37.25661956705153" lon="128.15452817827463">
        <ele>620.0</ele>
      </trkpt>
      <trkpt lat="37.25662241689861" lon="128.15454167313874">
        <ele>620.2</ele>
      </trkpt>
      <trkpt lat="37.256625685840845" lon="128.15455147996545">
        <ele>620.4</ele>
      </trkpt>
      <trkpt lat="37.256627194583416" lon="128.15456103533506">
        <ele>620.6</ele>
      </trkpt>
      <trkpt lat="37.25663046352565" lon="128.15457369200885">
        <ele>620.8</ele>
      </trkpt>
      <trkpt lat="37.25663314573467" lon="128.15458710305393">
        <ele>621.2</ele>
      </trkpt>
      <trkpt lat="37.256633481010795" lon="128.1545991729945">
        <ele>621.4</ele>
      </trkpt>
      <trkpt lat="37.25663381628692" lon="128.15461040474474">
        <ele>621.6</ele>
      </trkpt>
      <trkpt lat="37.25663373246789" lon="128.1546174455434">
        <ele>622.0</ele>
      </trkpt>
      <trkpt lat="37.256632559001446" lon="128.15462607890368">
        <ele>622.2</ele>
      </trkpt>
      <trkpt lat="37.25663130171597" lon="128.15463571809232">
        <ele>622.4</ele>
      </trkpt>
      <trkpt lat="37.256628116592765" lon="128.1546461954713">
        <ele>622.6</ele>
      </trkpt>
      <trkpt lat="37.25662384182215" lon="128.15465885214508">
        <ele>622.6</ele>
      </trkpt>
      <trkpt lat="37.25661805830896" lon="128.15467008389533">
        <ele>622.8</ele>
      </trkpt>
      <trkpt lat="37.25661084987223" lon="128.15467779524624">
        <ele>623.0</ele>
      </trkpt>
      <trkpt lat="37.25660288706422" lon="128.15468709915876">
        <ele>623.0</ele>
      </trkpt>
      <trkpt lat="37.256592912599444" lon="128.1546956487">
        <ele>623.0</ele>
      </trkpt>
      <trkpt lat="37.256581261754036" lon="128.15470352768898">
        <ele>623.0</ele>
      </trkpt>
      <trkpt lat="37.256570449098945" lon="128.15471056848764">
        <ele>623.0</ele>
      </trkpt>
      <trkpt lat="37.25655988790095" lon="128.15471844747663">
        <ele>622.8</ele>
      </trkpt>
      <trkpt lat="37.25654982961714" lon="128.15472565591335">
        <ele>622.6</ele>
      </trkpt>
      <trkpt lat="37.25653801113367" lon="128.15473454073071">
        <ele>622.6</ele>
      </trkpt>
      <trkpt lat="37.256525941193104" lon="128.1547426711768">
        <ele>622.4</ele>
      </trkpt>
      <trkpt lat="37.25651294924319" lon="128.1547492928803">
        <ele>622.2</ele>
      </trkpt>
      <trkpt lat="37.25649920292199" lon="128.15475557930768">
        <ele>622.2</ele>
      </trkpt>
      <trkpt lat="37.25648411549628" lon="128.15476027317345">
        <ele>622.0</ele>
      </trkpt>
      <trkpt lat="37.25646818988025" lon="128.15476262010634">
        <ele>622.0</ele>
      </trkpt>
      <trkpt lat="37.25645343773067" lon="128.15476714633405">
        <ele>622.0</ele>
      </trkpt>
      <trkpt lat="37.25643893703818" lon="128.15476974472404">
        <ele>621.8</ele>
      </trkpt>
      <trkpt lat="37.25642544217408" lon="128.15477091819048">
        <ele>621.8</ele>
      </trkpt>
      <trkpt lat="37.25641194730997" lon="128.1547694094479">
        <ele>621.6</ele>
      </trkpt>
      <trkpt lat="37.25639862008393" lon="128.15476731397212">
        <ele>621.4</ele>
      </trkpt>
      <trkpt lat="37.256384789943695" lon="128.15476655960083">
        <ele>621.4</ele>
      </trkpt>
      <trkpt lat="37.256371546536684" lon="128.1547662243247">
        <ele>621.4</ele>
      </trkpt>
      <trkpt lat="37.256357884034514" lon="128.15476764924824">
        <ele>621.4</ele>
      </trkpt>
      <trkpt lat="37.25634556263685" lon="128.1547701638192">
        <ele>621.4</ele>
      </trkpt>
      <trkpt lat="37.25633315742016" lon="128.15477452240884">
        <ele>621.4</ele>
      </trkpt>
      <trkpt lat="37.25632016547024" lon="128.15478533506393">
        <ele>621.6</ele>
      </trkpt>
      <trkpt lat="37.25631061010063" lon="128.1548021826893">
        <ele>621.6</ele>
      </trkpt>
      <trkpt lat="37.25630440749228" lon="128.1548201199621">
        <ele>621.6</ele>
      </trkpt>
      <trkpt lat="37.25630432367325" lon="128.15484082326293">
        <ele>621.6</ele>
      </trkpt>
      <trkpt lat="37.25630750879645" lon="128.15486043691635">
        <ele>621.8</ele>
      </trkpt>
      <trkpt lat="37.25631379522383" lon="128.15487996675074">
        <ele>621.8</ele>
      </trkpt>
      <trkpt lat="37.25632200948894" lon="128.15489798784256">
        <ele>621.8</ele>
      </trkpt>
      <trkpt lat="37.25633340887725" lon="128.15491726621985">
        <ele>621.8</ele>
      </trkpt>
      <trkpt lat="37.25634581409395" lon="128.15493226982653">
        <ele>621.8</ele>
      </trkpt>
      <trkpt lat="37.256357381120324" lon="128.15494366921484">
        <ele>621.8</ele>
      </trkpt>
      <trkpt lat="37.256367104128" lon="128.15495456568897">
        <ele>621.8</ele>
      </trkpt>
      <trkpt lat="37.256377413868904" lon="128.15496646799147">
        <ele>622.0</ele>
      </trkpt>
      <trkpt lat="37.256387220695615" lon="128.15497862175107">
        <ele>622.0</ele>
      </trkpt>
      <trkpt lat="37.25639577023685" lon="128.15499002113938">
        <ele>622.2</ele>
      </trkpt>
      <trkpt lat="37.25640272721648" lon="128.1550027616322">
        <ele>622.6</ele>
      </trkpt>
      <trkpt lat="37.25640742108226" lon="128.1550146639347">
        <ele>622.8</ele>
      </trkpt>
      <trkpt lat="37.25641253404319" lon="128.15502606332302">
        <ele>623.0</ele>
      </trkpt>
      <trkpt lat="37.25641714408994" lon="128.15503846853971">
        <ele>623.0</ele>
      </trkpt>
      <trkpt lat="37.25641781464219" lon="128.1550511252135">
        <ele>623.2</ele>
      </trkpt>
      <trkpt lat="37.256416557356715" lon="128.15506445243955">
        <ele>623.2</ele>
      </trkpt>
      <trkpt lat="37.25641538389027" lon="128.1550802104175">
        <ele>623.2</ele>
      </trkpt>
      <trkpt lat="37.25641077384353" lon="128.155097393319">
        <ele>623.2</ele>
      </trkpt>
      <trkpt lat="37.25640599615872" lon="128.15511440858245">
        <ele>623.0</ele>
      </trkpt>
      <trkpt lat="37.25640255957842" lon="128.15512991510332">
        <ele>622.8</ele>
      </trkpt>
      <trkpt lat="37.25639769807458" lon="128.15514340996742">
        <ele>622.6</ele>
      </trkpt>
      <trkpt lat="37.25639250129461" lon="128.15515698865056">
        <ele>622.4</ele>
      </trkpt>
      <trkpt lat="37.25638688541949" lon="128.15517048351467">
        <ele>622.2</ele>
      </trkpt>
      <trkpt lat="37.25638068281114" lon="128.15518523566425">
        <ele>622.2</ele>
      </trkpt>
      <trkpt lat="37.25637515075505" lon="128.15519923344254">
        <ele>622.0</ele>
      </trkpt>
      <trkpt lat="37.256366768851876" lon="128.15521591342986">
        <ele>621.8</ele>
      </trkpt>
      <trkpt lat="37.25635997951031" lon="128.1552350241691">
        <ele>621.8</ele>
      </trkpt>
      <trkpt lat="37.256354950368404" lon="128.15525262616575">
        <ele>621.6</ele>
      </trkpt>
      <trkpt lat="37.256348077207804" lon="128.15527316182852">
        <ele>621.6</ele>
      </trkpt>
      <trkpt lat="37.25634355098009" lon="128.15529143437743">
        <ele>621.6</ele>
      </trkpt>
      <trkpt lat="37.256340365856886" lon="128.15531054511666">
        <ele>621.4</ele>
      </trkpt>
      <trkpt lat="37.25633860565722" lon="128.1553296558559">
        <ele>621.2</ele>
      </trkpt>
      <trkpt lat="37.25633701309562" lon="128.15534675493836">
        <ele>621.0</ele>
      </trkpt>
      <trkpt lat="37.256334917619824" lon="128.1553637702018">
        <ele>620.8</ele>
      </trkpt>
      <trkpt lat="37.25633282214403" lon="128.15538019873202">
        <ele>620.6</ele>
      </trkpt>
      <trkpt lat="37.256329637020826" lon="128.15539771690965">
        <ele>620.6</ele>
      </trkpt>
      <trkpt lat="37.25632636807859" lon="128.15541389398277">
        <ele>620.6</ele>
      </trkpt>
      <trkpt lat="37.256323182955384" lon="128.1554282270372">
        <ele>620.6</ele>
      </trkpt>
      <trkpt lat="37.256316896528006" lon="128.15544264391065">
        <ele>620.6</ele>
      </trkpt>
      <trkpt lat="37.25630943663418" lon="128.15545613877475">
        <ele>620.8</ele>
      </trkpt>
      <trkpt lat="37.256304156035185" lon="128.15546988509595">
        <ele>620.8</ele>
      </trkpt>
      <trkpt lat="37.256299713626504" lon="128.15548254176974">
        <ele>621.0</ele>
      </trkpt>
      <trkpt lat="37.25629552267492" lon="128.15549519844353">
        <ele>621.0</ele>
      </trkpt>
      <trkpt lat="37.25628982298076" lon="128.15551036968827">
        <ele>621.0</ele>
      </trkpt>
      <trkpt lat="37.25628353655338" lon="128.15552621148527">
        <ele>621.2</ele>
      </trkpt>
      <trkpt lat="37.25627716630697" lon="128.15554356202483">
        <ele>621.4</ele>
      </trkpt>
      <trkpt lat="37.25627121515572" lon="128.1555630080402">
        <ele>621.4</ele>
      </trkpt>
      <trkpt lat="37.25626626983285" lon="128.1555804423988">
        <ele>621.6</ele>
      </trkpt>
      <trkpt lat="37.25626224651933" lon="128.15559879876673">
        <ele>621.8</ele>
      </trkpt>
      <trkpt lat="37.25625906139612" lon="128.155615394935">
        <ele>622.2</ele>
      </trkpt>
      <trkpt lat="37.25625596009195" lon="128.15563064999878">
        <ele>622.4</ele>
      </trkpt>
      <trkpt lat="37.256254367530346" lon="128.15564515069127">
        <ele>622.6</ele>
      </trkpt>
      <trkpt lat="37.25625277496874" lon="128.15566040575504">
        <ele>623.0</ele>
      </trkpt>
      <trkpt lat="37.25625076331198" lon="128.15567264333367">
        <ele>623.4</ele>
      </trkpt>
      <trkpt lat="37.25624808110297" lon="128.15568203106523">
        <ele>623.8</ele>
      </trkpt>
      <trkpt lat="37.25624481216073" lon="128.15569032914937">
        <ele>624.2</ele>
      </trkpt>
      <trkpt lat="37.256241627037525" lon="128.1557002197951">
        <ele>624.6</ele>
      </trkpt>
      <trkpt lat="37.25623860955238" lon="128.15571120008826">
        <ele>625.0</ele>
      </trkpt>
      <trkpt lat="37.25623609498143" lon="128.1557224318385">
        <ele>625.2</ele>
      </trkpt>
      <trkpt lat="37.256234837695956" lon="128.1557314004749">
        <ele>625.6</ele>
      </trkpt>
      <trkpt lat="37.25623265840113" lon="128.1557403691113">
        <ele>626.0</ele>
      </trkpt>
      <trkpt lat="37.25623006001115" lon="128.15575084649026">
        <ele>626.4</ele>
      </trkpt>
      <trkpt lat="37.25622687488794" lon="128.1557623296976">
        <ele>626.8</ele>
      </trkpt>
      <trkpt lat="37.256223522126675" lon="128.15577272325754">
        <ele>627.2</ele>
      </trkpt>
      <trkpt lat="37.25621849298477" lon="128.1557805184275">
        <ele>627.4</ele>
      </trkpt>
      <trkpt lat="37.256214302033186" lon="128.1557863857597">
        <ele>627.8</ele>
      </trkpt>
      <trkpt lat="37.25620432756841" lon="128.15580071881413">
        <ele>628.4</ele>
      </trkpt>
      <trkpt lat="37.25619871169329" lon="128.15580708906054">
        <ele>628.6</ele>
      </trkpt>
      <trkpt lat="37.25619242526591" lon="128.15581471659243">
        <ele>629.0</ele>
      </trkpt>
      <trkpt lat="37.2561858035624" lon="128.15582435578108">
        <ele>629.2</ele>
      </trkpt>
      <trkpt lat="37.2561789304018" lon="128.1558350007981">
        <ele>629.4</ele>
      </trkpt>
      <trkpt lat="37.25617096759379" lon="128.15584707073867">
        <ele>629.6</ele>
      </trkpt>
      <trkpt lat="37.2561617475003" lon="128.1558588054031">
        <ele>629.8</ele>
      </trkpt>
      <trkpt lat="37.2561532817781" lon="128.15586978569627">
        <ele>629.8</ele>
      </trkpt>
      <trkpt lat="37.25614414550364" lon="128.15588185563684">
        <ele>629.8</ele>
      </trkpt>
      <trkpt lat="37.25613567978144" lon="128.1558957695961">
        <ele>630.0</ele>
      </trkpt>
      <trkpt lat="37.25612805224955" lon="128.15591010265052">
        <ele>630.0</ele>
      </trkpt>
      <trkpt lat="37.256120424717665" lon="128.15592493861914">
        <ele>630.0</ele>
      </trkpt>
      <trkpt lat="37.25611204281449" lon="128.15594111569226">
        <ele>630.0</ele>
      </trkpt>
      <trkpt lat="37.25610374473035" lon="128.1559567898512">
        <ele>630.0</ele>
      </trkpt>
      <trkpt lat="37.25609578192234" lon="128.15597330220044">
        <ele>630.2</ele>
      </trkpt>
      <trkpt lat="37.25608857348561" lon="128.15598939545453">
        <ele>630.2</ele>
      </trkpt>
      <trkpt lat="37.25608119741082" lon="128.15600817091763">
        <ele>630.0</ele>
      </trkpt>
      <trkpt lat="37.25607516244054" lon="128.15602510236204">
        <ele>630.0</ele>
      </trkpt>
      <trkpt lat="37.25606979802251" lon="128.15604253672063">
        <ele>630.0</ele>
      </trkpt>
      <trkpt lat="37.256065271794796" lon="128.1560585461557">
        <ele>630.0</ele>
      </trkpt>
      <trkpt lat="37.25606149993837" lon="128.1560738850385">
        <ele>629.8</ele>
      </trkpt>
      <trkpt lat="37.25605714134872" lon="128.15609123557806">
        <ele>629.8</ele>
      </trkpt>
      <trkpt lat="37.256053034216166" lon="128.15610649064183">
        <ele>629.6</ele>
      </trkpt>
      <trkpt lat="37.25604875944555" lon="128.15612325444818">
        <ele>629.6</ele>
      </trkpt>
      <trkpt lat="37.25604549050331" lon="128.15614161081612">
        <ele>629.4</ele>
      </trkpt>
      <trkpt lat="37.25604398176074" lon="128.1561595480889">
        <ele>629.4</ele>
      </trkpt>
      <trkpt lat="37.2560444008559" lon="128.15617983229458">
        <ele>629.4</ele>
      </trkpt>
      <trkpt lat="37.25604339502752" lon="128.15620120614767">
        <ele>629.4</ele>
      </trkpt>
      <trkpt lat="37.25604247301817" lon="128.15622040070593">
        <ele>629.4</ele>
      </trkpt>
      <trkpt lat="37.25604188628495" lon="128.1562382541597">
        <ele>629.4</ele>
      </trkpt>
      <trkpt lat="37.25604197010398" lon="128.15625434741378">
        <ele>629.4</ele>
      </trkpt>
      <trkpt lat="37.256040796637535" lon="128.15627085976303">
        <ele>629.6</ele>
      </trkpt>
      <trkpt lat="37.25603853352368" lon="128.15628653392196">
        <ele>629.6</ele>
      </trkpt>
      <trkpt lat="37.25603627040982" lon="128.15630069933832">
        <ele>629.6</ele>
      </trkpt>
      <trkpt lat="37.25602931343019" lon="128.15631771460176">
        <ele>629.6</ele>
      </trkpt>
      <trkpt lat="37.256021182984114" lon="128.15633146092296">
        <ele>629.4</ele>
      </trkpt>
      <trkpt lat="37.25601280108094" lon="128.15634462051094">
        <ele>629.4</ele>
      </trkpt>
      <trkpt lat="37.256004167720675" lon="128.15636004321277">
        <ele>629.2</ele>
      </trkpt>
      <trkpt lat="37.25599553436041" lon="128.156376471743">
        <ele>629.2</ele>
      </trkpt>
      <trkpt lat="37.255986062809825" lon="128.15638963133097">
        <ele>629.0</ele>
      </trkpt>
      <trkpt lat="37.255975836887956" lon="128.1564032100141">
        <ele>628.8</ele>
      </trkpt>
      <trkpt lat="37.25596544332802" lon="128.15641779452562">
        <ele>628.6</ele>
      </trkpt>
      <trkpt lat="37.255957229062915" lon="128.1564322952181">
        <ele>628.4</ele>
      </trkpt>
      <trkpt lat="37.255949517712" lon="128.15644897520542">
        <ele>628.2</ele>
      </trkpt>
      <trkpt lat="37.25594323128462" lon="128.15646515227854">
        <ele>628.0</ele>
      </trkpt>
      <trkpt lat="37.25593652576208" lon="128.15648216754198">
        <ele>628.0</ele>
      </trkpt>
      <trkpt lat="37.25593015551567" lon="128.15649851225317">
        <ele>627.8</ele>
      </trkpt>
      <trkpt lat="37.255923533812165" lon="128.15651728771627">
        <ele>627.8</ele>
      </trkpt>
      <trkpt lat="37.25591741502285" lon="128.15653447061777">
        <ele>627.8</ele>
      </trkpt>
      <trkpt lat="37.255910374224186" lon="128.15655232407153">
        <ele>627.6</ele>
      </trkpt>
      <trkpt lat="37.25590190850198" lon="128.15657109953463">
        <ele>627.4</ele>
      </trkpt>
      <trkpt lat="37.25589042529464" lon="128.15658995881677">
        <ele>627.2</ele>
      </trkpt>
      <trkpt lat="37.25587357766926" lon="128.15660806372762">
        <ele>626.8</ele>
      </trkpt>
      <trkpt lat="37.25585103034973" lon="128.15662482753396">
        <ele>626.4</ele>
      </trkpt>
      <trkpt lat="37.2558266390115" lon="128.15663916058838">
        <ele>625.6</ele>
      </trkpt>
      <trkpt lat="37.25579931400716" lon="128.15665299072862">
        <ele>625.0</ele>
      </trkpt>
      <trkpt lat="37.2557679656893" lon="128.15666849724948">
        <ele>624.2</ele>
      </trkpt>
      <trkpt lat="37.25573955103755" lon="128.15668366849422">
        <ele>623.6</ele>
      </trkpt>
      <trkpt lat="37.25571323186159" lon="128.1566997617483">
        <ele>622.8</ele>
      </trkpt>
      <trkpt lat="37.25568816997111" lon="128.15671702846885">
        <ele>622.2</ele>
      </trkpt>
      <trkpt lat="37.255662102252245" lon="128.15673412755132">
        <ele>621.6</ele>
      </trkpt>
      <trkpt lat="37.25563603453338" lon="128.1567534059286">
        <ele>621.2</ele>
      </trkpt>
      <trkpt lat="37.255612229928374" lon="128.1567740254104">
        <ele>620.8</ele>
      </trkpt>
      <trkpt lat="37.25559052079916" lon="128.15679741092026">
        <ele>620.6</ele>
      </trkpt>
      <trkpt lat="37.255571745336056" lon="128.15682490356266">
        <ele>620.2</ele>
      </trkpt>
      <trkpt lat="37.25555489771068" lon="128.1568545754999">
        <ele>620.2</ele>
      </trkpt>
      <trkpt lat="37.25554157048464" lon="128.15688609145582">
        <ele>620.0</ele>
      </trkpt>
      <trkpt lat="37.25553377531469" lon="128.15692003816366">
        <ele>620.0</ele>
      </trkpt>
      <trkpt lat="37.25553008727729" lon="128.15695566125214">
        <ele>619.8</ele>
      </trkpt>
      <trkpt lat="37.255529752001166" lon="128.15699153579772">
        <ele>619.2</ele>
      </trkpt>
      <trkpt lat="37.2555330209434" lon="128.15702967345715">
        <ele>618.6</ele>
      </trkpt>
      <trkpt lat="37.255542911589146" lon="128.15706504508853">
        <ele>618.0</ele>
      </trkpt>
      <trkpt lat="37.25555615499616" lon="128.1570932082832">
        <ele>617.6</ele>
      </trkpt>
      <trkpt lat="37.255571661517024" lon="128.15711827017367">
        <ele>617.0</ele>
      </trkpt>
      <trkpt lat="37.25558750331402" lon="128.15714492462575">
        <ele>616.8</ele>
      </trkpt>
      <trkpt lat="37.25560309365392" lon="128.15716931596398">
        <ele>616.4</ele>
      </trkpt>
      <trkpt lat="37.25561751052737" lon="128.15719353966415">
        <ele>616.0</ele>
      </trkpt>
      <trkpt lat="37.25563067011535" lon="128.1572201102972">
        <ele>615.4</ele>
      </trkpt>
      <trkpt lat="37.25564274005592" lon="128.15724927932024">
        <ele>614.8</ele>
      </trkpt>
      <trkpt lat="37.25565455853939" lon="128.1572806276381">
        <ele>614.0</ele>
      </trkpt>
      <trkpt lat="37.25566729903221" lon="128.15731449052691">
        <ele>613.2</ele>
      </trkpt>
      <trkpt lat="37.25568196736276" lon="128.1573519576341">
        <ele>612.4</ele>
      </trkpt>
      <trkpt lat="37.25569982081652" lon="128.15739252604544">
        <ele>611.4</ele>
      </trkpt>
      <trkpt lat="37.25571968592703" lon="128.15743594430387">
        <ele>610.4</ele>
      </trkpt>
      <trkpt lat="37.2557404730469" lon="128.15747609362006">
        <ele>609.6</ele>
      </trkpt>
      <trkpt lat="37.25576067343354" lon="128.15751456655562">
        <ele>609.0</ele>
      </trkpt>
      <trkpt lat="37.2557801194489" lon="128.15755010582507">
        <ele>608.4</ele>
      </trkpt>
      <trkpt lat="37.25579805672169" lon="128.1575818732381">
        <ele>608.2</ele>
      </trkpt>
      <trkpt lat="37.25581440143287" lon="128.15761062316597">
        <ele>608.0</ele>
      </trkpt>
      <trkpt lat="37.25582697428763" lon="128.1576358526945">
        <ele>607.8</ele>
      </trkpt>
      <trkpt lat="37.255834601819515" lon="128.1576561369002">
        <ele>607.8</ele>
      </trkpt>
      <trkpt lat="37.25583736784756" lon="128.15767197869718">
        <ele>607.6</ele>
      </trkpt>
      <trkpt lat="37.255836026743054" lon="128.15768664702773">
        <ele>607.6</ele>
      </trkpt>
      <trkpt lat="37.25582940503955" lon="128.15770156681538">
        <ele>607.4</ele>
      </trkpt>
      <trkpt lat="37.25581775419414" lon="128.15771816298366">
        <ele>607.0</ele>
      </trkpt>
      <trkpt lat="37.25580266676843" lon="128.15773408859968">
        <ele>606.8</ele>
      </trkpt>
      <trkpt lat="37.255782801657915" lon="128.15774993039668">
        <ele>606.2</ele>
      </trkpt>
      <trkpt lat="37.25576008670032" lon="128.15776778385043">
        <ele>605.8</ele>
      </trkpt>
      <trkpt lat="37.255736868828535" lon="128.15778555348516">
        <ele>605.2</ele>
      </trkpt>
      <trkpt lat="37.25571373477578" lon="128.15780106000602">
        <ele>604.8</ele>
      </trkpt>
      <trkpt lat="37.2556939534843" lon="128.15781639888883">
        <ele>604.2</ele>
      </trkpt>
      <trkpt lat="37.25567459128797" lon="128.1578311510384">
        <ele>603.8</ele>
      </trkpt>
      <trkpt lat="37.25565606728196" lon="128.1578467413783">
        <ele>603.4</ele>
      </trkpt>
      <trkpt lat="37.25563980638981" lon="128.1578623317182">
        <ele>603.0</ele>
      </trkpt>
      <trkpt lat="37.255623042583466" lon="128.15788093954325">
        <ele>602.4</ele>
      </trkpt>
      <trkpt lat="37.25560803897679" lon="128.15789862535894">
        <ele>602.0</ele>
      </trkpt>
      <trkpt lat="37.255590772256255" lon="128.1579151377082">
        <ele>601.4</ele>
      </trkpt>
      <trkpt lat="37.255576606839895" lon="128.15793240442872">
        <ele>601.0</ele>
      </trkpt>
      <trkpt lat="37.255564369261265" lon="128.15795176662505">
        <ele>600.4</ele>
      </trkpt>
      <trkpt lat="37.255554059520364" lon="128.1579738110304">
        <ele>599.8</ele>
      </trkpt>
      <trkpt lat="37.25554500706494" lon="128.15799979493022">
        <ele>599.2</ele>
      </trkpt>
      <trkpt lat="37.25554073229432" lon="128.15802628174424">
        <ele>598.6</ele>
      </trkpt>
      <trkpt lat="37.2555435821414" lon="128.15805142745376">
        <ele>598.0</ele>
      </trkpt>
      <trkpt lat="37.255555149167776" lon="128.1580668501556">
        <ele>597.4</ele>
      </trkpt>
      <trkpt lat="37.25556897930801" lon="128.15807204693556">
        <ele>596.8</ele>
      </trkpt>
      <trkpt lat="37.255583480000496" lon="128.15807464532554">
        <ele>596.6</ele>
      </trkpt>
      <trkpt lat="37.255598567426205" lon="128.15807682462037">
        <ele>596.2</ele>
      </trkpt>
      <trkpt lat="37.25561248138547" lon="128.15807791426778">
        <ele>596.0</ele>
      </trkpt>
      <trkpt lat="37.255626898258924" lon="128.15808093175292">
        <ele>595.6</ele>
      </trkpt>
      <trkpt lat="37.25564081221819" lon="128.1580826919526">
        <ele>595.2</ele>
      </trkpt>
      <trkpt lat="37.25565640255809" lon="128.15808026120067">
        <ele>594.8</ele>
      </trkpt>
      <trkpt lat="37.2556712385267" lon="128.15807607024908">
        <ele>594.4</ele>
      </trkpt>
      <trkpt lat="37.25568624213338" lon="128.15807288512588">
        <ele>594.0</ele>
      </trkpt>
      <trkpt lat="37.255703592672944" lon="128.15807288512588">
        <ele>593.6</ele>
      </trkpt>
      <trkpt lat="37.25572152994573" lon="128.15807062201202">
        <ele>593.2</ele>
      </trkpt>
      <trkpt lat="37.255740221589804" lon="128.15806785598397">
        <ele>592.8</ele>
      </trkpt>
      <trkpt lat="37.25575941614807" lon="128.15806483849883">
        <ele>592.4</ele>
      </trkpt>
      <trkpt lat="37.255778945982456" lon="128.15806391648948">
        <ele>591.8</ele>
      </trkpt>
      <trkpt lat="37.25579948164523" lon="128.15806358121336">
        <ele>591.4</ele>
      </trkpt>
      <trkpt lat="37.255819430574775" lon="128.15806198865175">
        <ele>590.8</ele>
      </trkpt>
      <trkpt lat="37.25583828985691" lon="128.15805880352855">
        <ele>590.2</ele>
      </trkpt>
      <trkpt lat="37.255855640396476" lon="128.1580544449389">
        <ele>589.8</ele>
      </trkpt>
      <trkpt lat="37.25587382912636" lon="128.15805109217763">
        <ele>589.0</ele>
      </trkpt>
      <trkpt lat="37.25589050911367" lon="128.15804539248347">
        <ele>588.4</ele>
      </trkpt>
      <trkpt lat="37.25590827874839" lon="128.1580386031419">
        <ele>587.8</ele>
      </trkpt>
      <trkpt lat="37.25592764094472" lon="128.15803206525743">
        <ele>587.2</ele>
      </trkpt>
      <trkpt lat="37.25595077499747" lon="128.1580269522965">
        <ele>586.4</ele>
      </trkpt>
      <trkpt lat="37.255977261811495" lon="128.15802318044007">
        <ele>585.6</ele>
      </trkpt>
      <trkpt lat="37.25600492209196" lon="128.1580195762217">
        <ele>584.8</ele>
      </trkpt>
      <trkpt lat="37.25603233091533" lon="128.15801412798464">
        <ele>584.2</ele>
      </trkpt>
      <trkpt lat="37.25606015883386" lon="128.15800650045276">
        <ele>583.6</ele>
      </trkpt>
      <trkpt lat="37.2560874838382" lon="128.15799644216895">
        <ele>583.2</ele>
      </trkpt>
      <trkpt lat="37.256113048642874" lon="128.15798504278064">
        <ele>582.8</ele>
      </trkpt>
      <trkpt lat="37.25613844580948" lon="128.15797221846879">
        <ele>582.4</ele>
      </trkpt>
      <trkpt lat="37.256162920966744" lon="128.1579614058137">
        <ele>582.0</ele>
      </trkpt>
      <trkpt lat="37.25618672557175" lon="128.15795201808214">
        <ele>581.8</ele>
      </trkpt>
      <trkpt lat="37.25620717741549" lon="128.15794296562672">
        <ele>581.6</ele>
      </trkpt>
      <trkpt lat="37.256228467449546" lon="128.15793617628515">
        <ele>581.4</ele>
      </trkpt>
      <trkpt lat="37.25624439306557" lon="128.15792955458164">
        <ele>581.2</ele>
      </trkpt>
      <trkpt lat="37.25625839084387" lon="128.15792368724942">
        <ele>581.2</ele>
      </trkpt>
      <trkpt lat="37.25627020932734" lon="128.15791974775493">
        <ele>581.2</ele>
      </trkpt>
      <trkpt lat="37.25628454238176" lon="128.15791580826044">
        <ele>581.4</ele>
      </trkpt>
      <trkpt lat="37.25629795342684" lon="128.15791103057563">
        <ele>581.4</ele>
      </trkpt>
      <trkpt lat="37.25631010718644" lon="128.15790533088148">
        <ele>581.6</ele>
      </trkpt>
      <trkpt lat="37.25632117129862" lon="128.15790189430118">
        <ele>581.6</ele>
      </trkpt>
      <trkpt lat="37.25633081048727" lon="128.15789896063507">
        <ele>581.4</ele>
      </trkpt>
      <trkpt lat="37.25633759982884" lon="128.1578992959112">
        <ele>581.0</ele>
      </trkpt>
      <trkpt lat="37.256340365856886" lon="128.15790633670986">
        <ele>580.6</ele>
      </trkpt>
      <trkpt lat="37.25633583962917" lon="128.15791681408882">
        <ele>580.0</ele>
      </trkpt>
      <trkpt lat="37.2563240211457" lon="128.15792905166745">
        <ele>579.4</ele>
      </trkpt>
      <trkpt lat="37.25630834698677" lon="128.15793994814157">
        <ele>578.8</ele>
      </trkpt>
      <trkpt lat="37.2562896553427" lon="128.15794908441603">
        <ele>578.2</ele>
      </trkpt>
      <trkpt lat="37.256268030032516" lon="128.15795863978565">
        <ele>577.6</ele>
      </trkpt>
      <trkpt lat="37.25624489597976" lon="128.1579680275172">
        <ele>577.0</ele>
      </trkpt>
      <trkpt lat="37.25622419267893" lon="128.15797716379166">
        <ele>576.4</ele>
      </trkpt>
      <trkpt lat="37.25620315410197" lon="128.15798931755126">
        <ele>575.8</ele>
      </trkpt>
      <trkpt lat="37.256183456629515" lon="128.1580031476915">
        <ele>575.2</ele>
      </trkpt>
      <trkpt lat="37.2561633400619" lon="128.15801697783172">
        <ele>574.6</ele>
      </trkpt>
      <trkpt lat="37.25614565424621" lon="128.1580287963152">
        <ele>574.2</ele>
      </trkpt>
      <trkpt lat="37.25612989626825" lon="128.1580404471606">
        <ele>573.8</ele>
      </trkpt>
      <trkpt lat="37.25611547939479" lon="128.15805193036795">
        <ele>573.4</ele>
      </trkpt>
      <trkpt lat="37.25610097870231" lon="128.1580631621182">
        <ele>572.8</ele>
      </trkpt>
      <trkpt lat="37.256086729466915" lon="128.15807590261102">
        <ele>572.4</ele>
      </trkpt>
      <trkpt lat="37.256074575707316" lon="128.15808654762805">
        <ele>572.2</ele>
      </trkpt>
      <trkpt lat="37.256063176319" lon="128.15809601917863">
        <ele>571.8</ele>
      </trkpt>
      <trkpt lat="37.2560528665781" lon="128.15810523927212">
        <ele>571.4</ele>
      </trkpt>
      <trkpt lat="37.2560425568372" lon="128.1581176444888">
        <ele>571.2</ele>
      </trkpt>
      <trkpt lat="37.25603308528662" lon="128.1581334862858">
        <ele>570.8</ele>
      </trkpt>
      <trkpt lat="37.25602529011667" lon="128.15815133973956">
        <ele>570.4</ele>
      </trkpt>
      <trkpt lat="37.25601791404188" lon="128.15817195922136">
        <ele>570.0</ele>
      </trkpt>
      <trkpt lat="37.25601087324321" lon="128.15819702111185">
        <ele>569.4</ele>
      </trkpt>
      <trkpt lat="37.25600542500615" lon="128.15822342410684">
        <ele>569.0</ele>
      </trkpt>
      <trkpt lat="37.256001653149724" lon="128.15825217403471">
        <ele>568.4</ele>
      </trkpt>
      <trkpt lat="37.256001234054565" lon="128.15827941522002">
        <ele>567.8</ele>
      </trkpt>
      <trkpt lat="37.256002156063914" lon="128.15830254927278">
        <ele>567.4</ele>
      </trkpt>
      <trkpt lat="37.25600492209196" lon="128.1583235040307">
        <ele>567.2</ele>
      </trkpt>
      <trkpt lat="37.25600785575807" lon="128.15834353677928">
        <ele>567.0</ele>
      </trkpt>
      <trkpt lat="37.25601229816675" lon="128.15836465917528">
        <ele>567.0</ele>
      </trkpt>
      <trkpt lat="37.25601699203253" lon="128.15838368609548">
        <ele>567.0</ele>
      </trkpt>
      <trkpt lat="37.256022775545716" lon="128.1584038026631">
        <ele>567.0</ele>
      </trkpt>
      <trkpt lat="37.256026631221175" lon="128.158422075212">
        <ele>566.8</ele>
      </trkpt>
      <trkpt lat="37.25602973252535" lon="128.15844068303704">
        <ele>566.8</ele>
      </trkpt>
      <trkpt lat="37.25603425875306" lon="128.15845912322402">
        <ele>566.6</ele>
      </trkpt>
      <trkpt lat="37.256039371713996" lon="128.15847898833454">
        <ele>566.6</ele>
      </trkpt>
      <trkpt lat="37.256044149398804" lon="128.15849751234055">
        <ele>566.4</ele>
      </trkpt>
      <trkpt lat="37.256050016731024" lon="128.15851788036525">
        <ele>566.4</ele>
      </trkpt>
      <trkpt lat="37.256054962053895" lon="128.15853657200933">
        <ele>566.2</ele>
      </trkpt>
      <trkpt lat="37.25605948828161" lon="128.1585547607392">
        <ele>566.0</ele>
      </trkpt>
      <trkpt lat="37.256064265966415" lon="128.15857102163136">
        <ele>565.8</ele>
      </trkpt>
      <trkpt lat="37.256068205460906" lon="128.15858719870448">
        <ele>565.8</ele>
      </trkpt>
      <trkpt lat="37.25607197731733" lon="128.15860236994922">
        <ele>565.6</ele>
      </trkpt>
      <trkpt lat="37.25607616826892" lon="128.15861678682268">
        <ele>565.4</ele>
      </trkpt>
      <trkpt lat="37.25608203560114" lon="128.15863254480064">
        <ele>565.4</ele>
      </trkpt>
      <trkpt lat="37.256089663133025" lon="128.15864897333086">
        <ele>565.4</ele>
      </trkpt>
      <trkpt lat="37.25609871558845" lon="128.1586649827659">
        <ele>565.2</ele>
      </trkpt>
      <trkpt lat="37.25610751658678" lon="128.15867906436324">
        <ele>565.2</ele>
      </trkpt>
      <trkpt lat="37.25611564703286" lon="128.15869205631316">
        <ele>565.2</ele>
      </trkpt>
      <trkpt lat="37.25612411275506" lon="128.158704880625">
        <ele>565.2</ele>
      </trkpt>
      <trkpt lat="37.25613282993436" lon="128.15871485508978">
        <ele>565.4</ele>
      </trkpt>
      <trkpt lat="37.25614154711366" lon="128.15872667357326">
        <ele>565.4</ele>
      </trkpt>
      <trkpt lat="37.256150180473924" lon="128.15873757004738">
        <ele>565.4</ele>
      </trkpt>
      <trkpt lat="37.256159065291286" lon="128.15874963998795">
        <ele>565.4</ele>
      </trkpt>
      <trkpt lat="37.256168285384774" lon="128.15876003354788">
        <ele>565.4</ele>
      </trkpt>
      <trkpt lat="37.25617675110698" lon="128.15876950509846">
        <ele>565.2</ele>
      </trkpt>
      <trkpt lat="37.25618479773402" lon="128.15877880901098">
        <ele>565.2</ele>
      </trkpt>
      <trkpt lat="37.256192760542035" lon="128.15878978930414">
        <ele>565.0</ele>
      </trkpt>
      <trkpt lat="37.25619996897876" lon="128.15879909321666">
        <ele>564.8</ele>
      </trkpt>
      <trkpt lat="37.25620633922517" lon="128.15880722366273">
        <ele>564.8</ele>
      </trkpt>
      <trkpt lat="37.25621111690998" lon="128.15881367772818">
        <ele>564.8</ele>
      </trkpt>
      <trkpt lat="37.2562188282609" lon="128.15882214345038">
        <ele>564.6</ele>
      </trkpt>
      <trkpt lat="37.256227461621165" lon="128.15883220173419">
        <ele>564.4</ele>
      </trkpt>
      <trkpt lat="37.256236178800464" lon="128.15884418785572">
        <ele>564.4</ele>
      </trkpt>
      <trkpt lat="37.256245985627174" lon="128.1588573474437">
        <ele>564.2</ele>
      </trkpt>
      <trkpt lat="37.25625394843519" lon="128.15886648371816">
        <ele>564.0</ele>
      </trkpt>
      <trkpt lat="37.25626149214804" lon="128.1588784698397">
        <ele>564.0</ele>
      </trkpt>
      <trkpt lat="37.256270460784435" lon="128.15889070741832">
        <ele>563.8</ele>
      </trkpt>
      <trkpt lat="37.2562793456018" lon="128.15890328027308">
        <ele>563.6</ele>
      </trkpt>
      <trkpt lat="37.25628873333335" lon="128.15891744568944">
        <ele>563.4</ele>
      </trkpt>
      <trkpt lat="37.256297366693616" lon="128.15893010236323">
        <ele>563.2</ele>
      </trkpt>
      <trkpt lat="37.25630457513034" lon="128.15894359722733">
        <ele>563.0</ele>
      </trkpt>
      <trkpt lat="37.2563118673861" lon="128.15895784646273">
        <ele>562.8</ele>
      </trkpt>
      <trkpt lat="37.256319243460894" lon="128.15897067077458">
        <ele>562.6</ele>
      </trkpt>
      <trkpt lat="37.25632737390697" lon="128.1589829083532">
        <ele>562.4</ele>
      </trkpt>
      <trkpt lat="37.256333995610476" lon="128.15899380482733">
        <ele>562.4</ele>
      </trkpt>
      <trkpt lat="37.2563396114856" lon="128.1590056233108">
        <ele>562.6</ele>
      </trkpt>
      <trkpt lat="37.256344221532345" lon="128.15901970490813">
        <ele>562.6</ele>
      </trkpt>
      <trkpt lat="37.25634749047458" lon="128.1590338703245">
        <ele>562.4</ele>
      </trkpt>
      <trkpt lat="37.256346652284265" lon="128.15904510207474">
        <ele>562.4</ele>
      </trkpt>
      <trkpt lat="37.25634061731398" lon="128.15905415453017">
        <ele>562.4</ele>
      </trkpt>
      <trkpt lat="37.256332570686936" lon="128.15906438045204">
        <ele>562.2</ele>
      </trkpt>
      <trkpt lat="37.25632393732667" lon="128.15907225944102">
        <ele>562.2</ele>
      </trkpt>
      <trkpt lat="37.256313879042864" lon="128.15907888114452">
        <ele>562.4</ele>
      </trkpt>
      <trkpt lat="37.25630097091198" lon="128.15908399410546">
        <ele>562.4</ele>
      </trkpt>
      <trkpt lat="37.25628890097141" lon="128.15908919088542">
        <ele>562.6</ele>
      </trkpt>
      <trkpt lat="37.25627792067826" lon="128.15909245982766">
        <ele>562.6</ele>
      </trkpt>
      <trkpt lat="37.25626518018544" lon="128.15909665077925">
        <ele>562.8</ele>
      </trkpt>
      <trkpt lat="37.25625260733068" lon="128.15910226665437">
        <ele>562.8</ele>
      </trkpt>
      <trkpt lat="37.256240621209145" lon="128.15910754725337">
        <ele>563.0</ele>
      </trkpt>
      <trkpt lat="37.25622964091599" lon="128.15911207348108">
        <ele>563.0</ele>
      </trkpt>
      <trkpt lat="37.256217151880264" lon="128.15911785699427">
        <ele>563.2</ele>
      </trkpt>
      <trkpt lat="37.25620583631098" lon="128.15912221558392">
        <ele>563.4</ele>
      </trkpt>
      <trkpt lat="37.256194185465574" lon="128.15912590362132">
        <ele>563.6</ele>
      </trkpt>
      <trkpt lat="37.2561826184392" lon="128.15912925638258">
        <ele>563.6</ele>
      </trkpt>
      <trkpt lat="37.25616803392768" lon="128.15913361497223">
        <ele>563.8</ele>
      </trkpt>
      <trkpt lat="37.2561532817781" lon="128.1591388117522">
        <ele>563.8</ele>
      </trkpt>
      <trkpt lat="37.25613978691399" lon="128.15914534963667">
        <ele>564.0</ele>
      </trkpt>
      <trkpt lat="37.256127214059234" lon="128.15915188752115">
        <ele>564.0</ele>
      </trkpt>
      <trkpt lat="37.256112629547715" lon="128.15915934741497">
        <ele>564.2</ele>
      </trkpt>
      <trkpt lat="37.25610156543553" lon="128.15916529856622">
        <ele>564.2</ele>
      </trkpt>
      <trkpt lat="37.2560890763998" lon="128.1591731775552">
        <ele>564.2</ele>
      </trkpt>
      <trkpt lat="37.256075497716665" lon="128.15918147563934">
        <ele>564.0</ele>
      </trkpt>
      <trkpt lat="37.25606066174805" lon="128.15919128246605">
        <ele>564.0</ele>
      </trkpt>
      <trkpt lat="37.25604699924588" lon="128.15920083783567">
        <ele>563.8</ele>
      </trkpt>
      <trkpt lat="37.2560338396579" lon="128.1592098902911">
        <ele>563.8</ele>
      </trkpt>
      <trkpt lat="37.2560203447938" lon="128.15921802073717">
        <ele>563.6</ele>
      </trkpt>
      <trkpt lat="37.25600651465356" lon="128.15922489389777">
        <ele>563.4</ele>
      </trkpt>
      <trkpt lat="37.255992935970426" lon="128.15923193469644">
        <ele>563.4</ele>
      </trkpt>
      <trkpt lat="37.25597994402051" lon="128.15923838876188">
        <ele>563.4</ele>
      </trkpt>
      <trkpt lat="37.255967957898974" lon="128.15924467518926">
        <ele>563.4</ele>
      </trkpt>
      <trkpt lat="37.25595421157777" lon="128.15925071015954">
        <ele>563.4</ele>
      </trkpt>
      <trkpt lat="37.255941135808825" lon="128.1592577509582">
        <ele>563.4</ele>
      </trkpt>
      <trkpt lat="37.25592579692602" lon="128.1592672225088">
        <ele>563.4</ele>
      </trkpt>
      <trkpt lat="37.255909284576774" lon="128.15927828662097">
        <ele>563.4</ele>
      </trkpt>
      <trkpt lat="37.25589453242719" lon="128.15928834490478">
        <ele>563.2</ele>
      </trkpt>
      <trkpt lat="37.25587969645858" lon="128.1592965591699">
        <ele>563.2</ele>
      </trkpt>
      <trkpt lat="37.25586377084255" lon="128.15930443815887">
        <ele>563.0</ele>
      </trkpt>
      <trkpt lat="37.25584985688329" lon="128.15931550227106">
        <ele>562.8</ele>
      </trkpt>
      <trkpt lat="37.25583627820015" lon="128.15932782366872">
        <ele>562.8</ele>
      </trkpt>
      <trkpt lat="37.255824292078614" lon="128.15933980979025">
        <ele>562.6</ele>
      </trkpt>
      <trkpt lat="37.25581004284322" lon="128.15935548394918">
        <ele>562.4</ele>
      </trkpt>
      <trkpt lat="37.255797972902656" lon="128.15937258303165">
        <ele>562.0</ele>
      </trkpt>
      <trkpt lat="37.255786657333374" lon="128.15939311869442">
        <ele>561.6</ele>
      </trkpt>
      <trkpt lat="37.25577861070633" lon="128.1594173423946">
        <ele>561.2</ele>
      </trkpt>
      <trkpt lat="37.25577215664089" lon="128.1594450864941">
        <ele>560.8</ele>
      </trkpt>
      <trkpt lat="37.2557663731277" lon="128.15947383642197">
        <ele>560.2</ele>
      </trkpt>
      <trkpt lat="37.25576260127127" lon="128.1595009099692">
        <ele>559.6</ele>
      </trkpt>
      <trkpt lat="37.25576142780483" lon="128.1595246307552">
        <ele>559.0</ele>
      </trkpt>
      <trkpt lat="37.255764696747065" lon="128.159547932446">
        <ele>558.6</ele>
      </trkpt>
      <trkpt lat="37.25577039644122" lon="128.1595674622804">
        <ele>558.0</ele>
      </trkpt>
      <trkpt lat="37.2557785268873" lon="128.15958607010543">
        <ele>557.6</ele>
      </trkpt>
      <trkpt lat="37.25578925572336" lon="128.15960568375885">
        <ele>557.2</ele>
      </trkpt>
      <trkpt lat="37.25580065511167" lon="128.15962521359324">
        <ele>556.8</ele>
      </trkpt>
      <trkpt lat="37.25581322796643" lon="128.15964826382697">
        <ele>556.4</ele>
      </trkpt>
      <trkpt lat="37.25582789629698" lon="128.15967441536486">
        <ele>555.8</ele>
      </trkpt>
      <trkpt lat="37.25584348663688" lon="128.15970257855952">
        <ele>555.4</ele>
      </trkpt>
      <trkpt lat="37.25586008280516" lon="128.15973065793514">
        <ele>554.8</ele>
      </trkpt>
      <trkpt lat="37.255876092240214" lon="128.1597556360066">
        <ele>554.4</ele>
      </trkpt>
      <trkpt lat="37.255892269313335" lon="128.15978069789708">
        <ele>554.0</ele>
      </trkpt>
      <trkpt lat="37.25590819492936" lon="128.15980290994048">
        <ele>553.6</ele>
      </trkpt>
      <trkpt lat="37.25592412054539" lon="128.15982294268906">
        <ele>553.4</ele>
      </trkpt>
      <trkpt lat="37.25594029761851" lon="128.15984247252345">
        <ele>553.2</ele>
      </trkpt>
      <trkpt lat="37.25595748052001" lon="128.1598592363298">
        <ele>553.0</ele>
      </trkpt>
      <trkpt lat="37.255975250154734" lon="128.15987423993647">
        <ele>553.0</ele>
      </trkpt>
      <trkpt lat="37.255994444713" lon="128.1598904170096">
        <ele>552.8</ele>
      </trkpt>
      <trkpt lat="37.256013471633196" lon="128.1599060073495">
        <ele>552.6</ele>
      </trkpt>
      <trkpt lat="37.2560322470963" lon="128.15992201678455">
        <ele>552.4</ele>
      </trkpt>
      <trkpt lat="37.25605068728328" lon="128.15993743948638">
        <ele>552.2</ele>
      </trkpt>
      <trkpt lat="37.256068708375096" lon="128.15994976088405">
        <ele>552.2</ele>
      </trkpt>
      <trkpt lat="37.25608488544822" lon="128.1599604897201">
        <ele>552.0</ele>
      </trkpt>
      <trkpt lat="37.256098883226514" lon="128.15997138619423">
        <ele>552.0</ele>
      </trkpt>
      <trkpt lat="37.25611237809062" lon="128.15998337231576">
        <ele>552.0</ele>
      </trkpt>
      <trkpt lat="37.256125872954726" lon="128.15999569371343">
        <ele>552.0</ele>
      </trkpt>
      <trkpt lat="37.25614037364721" lon="128.16000868566334">
        <ele>552.0</ele>
      </trkpt>
      <trkpt lat="37.256153617054224" lon="128.16002050414681">
        <ele>551.8</ele>
      </trkpt>
      <trkpt lat="37.25616853684187" lon="128.160031568259">
        <ele>551.6</ele>
      </trkpt>
      <trkpt lat="37.25618320517242" lon="128.16004254855216">
        <ele>551.2</ele>
      </trkpt>
      <trkpt lat="37.256196113303304" lon="128.1600537803024">
        <ele>551.0</ele>
      </trkpt>
      <trkpt lat="37.256206925958395" lon="128.16006316803396">
        <ele>550.8</ele>
      </trkpt>
      <trkpt lat="37.25621933117509" lon="128.1600735615939">
        <ele>550.6</ele>
      </trkpt>
      <trkpt lat="37.25623148493469" lon="128.1600841227919">
        <ele>550.4</ele>
      </trkpt>
      <trkpt lat="37.256244057789445" lon="128.160095019266">
        <ele>550.2</ele>
      </trkpt>
      <trkpt lat="37.25625763647258" lon="128.16010725684464">
        <ele>550.2</ele>
      </trkpt>
      <trkpt lat="37.25626937113702" lon="128.16012075170875">
        <ele>550.0</ele>
      </trkpt>
      <trkpt lat="37.25628152489662" lon="128.1601322349161">
        <ele>549.8</ele>
      </trkpt>
      <trkpt lat="37.25629216991365" lon="128.16014346666634">
        <ele>549.6</ele>
      </trkpt>
      <trkpt lat="37.256303736940026" lon="128.1601546984166">
        <ele>549.4</ele>
      </trkpt>
      <trkpt lat="37.25631522014737" lon="128.1601652596146">
        <ele>549.2</ele>
      </trkpt>
      <trkpt lat="37.25632477551699" lon="128.16017489880323">
        <ele>549.2</ele>
      </trkpt>
      <trkpt lat="37.25633751600981" lon="128.16018797457218">
        <ele>549.0</ele>
      </trkpt>
      <trkpt lat="37.256349585950375" lon="128.16020222380757">
        <ele>549.0</ele>
      </trkpt>
      <trkpt lat="37.256361320614815" lon="128.16022099927068">
        <ele>548.6</ele>
      </trkpt>
      <trkpt lat="37.25637531839311" lon="128.1602408643812">
        <ele>548.2</ele>
      </trkpt>
      <trkpt lat="37.256391160190105" lon="128.16026324406266">
        <ele>547.8</ele>
      </trkpt>
      <trkpt lat="37.25640767253935" lon="128.16028973087668">
        <ele>547.2</ele>
      </trkpt>
      <trkpt lat="37.256426280364394" lon="128.1603167206049">
        <ele>546.4</ele>
      </trkpt>
      <trkpt lat="37.256442960351706" lon="128.16034153103828">
        <ele>545.8</ele>
      </trkpt>
      <trkpt lat="37.25645746104419" lon="128.16036424599588">
        <ele>545.2</ele>
      </trkpt>
      <trkpt lat="37.256466932594776" lon="128.16038235090673">
        <ele>544.8</ele>
      </trkpt>
      <trkpt lat="37.2564709559083" lon="128.16039718687534">
        <ele>544.6</ele>
      </trkpt>
      <trkpt lat="37.256470285356045" lon="128.16041202284396">
        <ele>544.4</ele>
      </trkpt>
      <trkpt lat="37.25646500475705" lon="128.16042576916516">
        <ele>544.2</ele>
      </trkpt>
      <trkpt lat="37.25645385682583" lon="128.16043683327734">
        <ele>544.0</ele>
      </trkpt>
      <trkpt lat="37.256438601762056" lon="128.16044856794178">
        <ele>543.8</ele>
      </trkpt>
      <trkpt lat="37.25641965866089" lon="128.16046005114913">
        <ele>543.4</ele>
      </trkpt>
      <trkpt lat="37.25639870390296" lon="128.16046994179487">
        <ele>542.8</ele>
      </trkpt>
      <trkpt lat="37.256375486031175" lon="128.16048117354512">
        <ele>542.2</ele>
      </trkpt>
      <trkpt lat="37.25635117851198" lon="128.16049332730472">
        <ele>541.6</ele>
      </trkpt>
      <trkpt lat="37.2563277091831" lon="128.16050657071173">
        <ele>540.8</ele>
      </trkpt>
      <trkpt lat="37.25630432367325" lon="128.16052140668035">
        <ele>540.2</ele>
      </trkpt>
      <trkpt lat="37.25627959705889" lon="128.16053942777216">
        <ele>539.8</ele>
      </trkpt>
      <trkpt lat="37.25625445134938" lon="128.16056105308235">
        <ele>539.0</ele>
      </trkpt>
      <trkpt lat="37.256230898201466" lon="128.1605849415064">
        <ele>538.6</ele>
      </trkpt>
      <trkpt lat="37.256210781633854" lon="128.16061000339687">
        <ele>538.0</ele>
      </trkpt>
      <trkpt lat="37.25619401782751" lon="128.16063816659153">
        <ele>537.6</ele>
      </trkpt>
      <trkpt lat="37.25618186406791" lon="128.1606716942042">
        <ele>537.0</ele>
      </trkpt>
      <trkpt lat="37.25617331452668" lon="128.16070580855012">
        <ele>536.6</ele>
      </trkpt>
      <trkpt lat="37.256167279556394" lon="128.16074084490538">
        <ele>536.2</ele>
      </trkpt>
      <trkpt lat="37.256163926795125" lon="128.16078141331673">
        <ele>535.6</ele>
      </trkpt>
      <trkpt lat="37.25616501644254" lon="128.16082038916647">
        <ele>535.2</ele>
      </trkpt>
      <trkpt lat="37.256168788298965" lon="128.16085785627365">
        <ele>534.6</ele>
      </trkpt>
      <trkpt lat="37.25617381744087" lon="128.1608920544386">
        <ele>534.2</ele>
      </trkpt>
      <trkpt lat="37.256180020049214" lon="128.1609232351184">
        <ele>533.8</ele>
      </trkpt>
      <trkpt lat="37.25618680939078" lon="128.16095332615077">
        <ele>533.4</ele>
      </trkpt>
      <trkpt lat="37.25619485601783" lon="128.1609824951738">
        <ele>533.2</ele>
      </trkpt>
      <trkpt lat="37.25620365701616" lon="128.16101216711104">
        <ele>532.8</ele>
      </trkpt>
      <trkpt lat="37.256213212385774" lon="128.16104100085795">
        <ele>532.4</ele>
      </trkpt>
      <trkpt lat="37.25622276775539" lon="128.16106958314776">
        <ele>532.0</ele>
      </trkpt>
      <trkpt lat="37.256230814382434" lon="128.16109783016145">
        <ele>531.4</ele>
      </trkpt>
      <trkpt lat="37.25623902864754" lon="128.16112641245127">
        <ele>531.0</ele>
      </trkpt>
      <trkpt lat="37.256247997283936" lon="128.16115499474108">
        <ele>530.6</ele>
      </trkpt>
      <trkpt lat="37.25625403225422" lon="128.16118290647864">
        <ele>530.2</ele>
      </trkpt>
      <trkpt lat="37.25625646300614" lon="128.16120595671237">
        <ele>529.8</ele>
      </trkpt>
      <trkpt lat="37.25625495426357" lon="128.16122733056545">
        <ele>529.6</ele>
      </trkpt>
      <trkpt lat="37.25624757818878" lon="128.16124945878983">
        <ele>529.2</ele>
      </trkpt>
      <trkpt lat="37.25623399950564" lon="128.16127041354775">
        <ele>528.8</ele>
      </trkpt>
      <trkpt lat="37.25621488876641" lon="128.16129120066762">
        <ele>528.4</ele>
      </trkpt>
      <trkpt lat="37.256193682551384" lon="128.1613130774349">
        <ele>527.8</ele>
      </trkpt>
      <trkpt lat="37.25617256015539" lon="128.16133696585894">
        <ele>527.0</ele>
      </trkpt>
      <trkpt lat="37.25615227594972" lon="128.16136286593974">
        <ele>526.4</ele>
      </trkpt>
      <trkpt lat="37.25613433867693" lon="128.16139379516244">
        <ele>525.8</ele>
      </trkpt>
      <trkpt lat="37.25611774250865" lon="128.16142841242254">
        <ele>525.2</ele>
      </trkpt>
      <trkpt lat="37.25610324181616" lon="128.16146470606327">
        <ele>524.6</ele>
      </trkpt>
      <trkpt lat="37.256093099713326" lon="128.1614959705621">
        <ele>524.0</ele>
      </trkpt>
      <trkpt lat="37.256085220724344" lon="128.16152128390968">
        <ele>523.6</ele>
      </trkpt>
      <trkpt lat="37.25607759319246" lon="128.1615408975631">
        <ele>523.4</ele>
      </trkpt>
      <trkpt lat="37.25606954656541" lon="128.16155875101686">
        <ele>523.4</ele>
      </trkpt>
      <trkpt lat="37.25606149993837" lon="128.1615739222616">
        <ele>523.6</ele>
      </trkpt>
      <trkpt lat="37.25605269894004" lon="128.1615879200399">
        <ele>523.8</ele>
      </trkpt>
      <trkpt lat="37.25604456849396" lon="128.16160200163722">
        <ele>523.8</ele>
      </trkpt>
      <trkpt lat="37.25603467784822" lon="128.16161633469164">
        <ele>524.0</ele>
      </trkpt>
      <trkpt lat="37.2560253739357" lon="128.1616289075464">
        <ele>524.0</ele>
      </trkpt>
      <trkpt lat="37.25601674057543" lon="128.16164114512503">
        <ele>524.0</ele>
      </trkpt>
      <trkpt lat="37.2560079395771" lon="128.16165438853204">
        <ele>524.0</ele>
      </trkpt>
      <trkpt lat="37.25599888712168" lon="128.161667464301">
        <ele>523.8</ele>
      </trkpt>
      <trkpt lat="37.25598924793303" lon="128.16167953424156">
        <ele>523.8</ele>
      </trkpt>
      <trkpt lat="37.25597910583019" lon="128.16169277764857">
        <ele>523.8</ele>
      </trkpt>
      <trkpt lat="37.255967538803816" lon="128.16170560196042">
        <ele>523.8</ele>
      </trkpt>
      <trkpt lat="37.25595555268228" lon="128.16171993501484">
        <ele>523.8</ele>
      </trkpt>
      <trkpt lat="37.25594365037978" lon="128.16173368133605">
        <ele>523.8</ele>
      </trkpt>
      <trkpt lat="37.25593116134405" lon="128.1617475952953">
        <ele>523.8</ele>
      </trkpt>
      <trkpt lat="37.25592034868896" lon="128.1617589108646">
        <ele>523.8</ele>
      </trkpt>
      <trkpt lat="37.25590945221484" lon="128.1617703102529">
        <ele>523.8</ele>
      </trkpt>
      <trkpt lat="37.25589981302619" lon="128.1617803685367">
        <ele>524.0</ele>
      </trkpt>
      <trkpt lat="37.255889754742384" lon="128.1617911811918">
        <ele>524.0</ele>
      </trkpt>
      <trkpt lat="37.25587793625891" lon="128.161802245304">
        <ele>524.2</ele>
      </trkpt>
      <trkpt lat="37.25586561486125" lon="128.161815488711">
        <ele>524.2</ele>
      </trkpt>
      <trkpt lat="37.25585639476776" lon="128.16182680428028">
        <ele>524.4</ele>
      </trkpt>
      <trkpt lat="37.25584574975073" lon="128.16183862276375">
        <ele>524.4</ele>
      </trkpt>
      <trkpt lat="37.255835104733706" lon="128.1618487648666">
        <ele>524.6</ele>
      </trkpt>
      <trkpt lat="37.25582404062152" lon="128.1618583202362">
        <ele>524.8</ele>
      </trkpt>
      <trkpt lat="37.25581272505224" lon="128.16186904907227">
        <ele>524.8</ele>
      </trkpt>
      <trkpt lat="37.25580124184489" lon="128.16188413649797">
        <ele>524.8</ele>
      </trkpt>
      <trkpt lat="37.255791602656245" lon="128.16190207377076">
        <ele>525.0</ele>
      </trkpt>
      <trkpt lat="37.25578296929598" lon="128.1619209330529">
        <ele>525.0</ele>
      </trkpt>
      <trkpt lat="37.2557766828686" lon="128.16194063052535">
        <ele>524.8</ele>
      </trkpt>
      <trkpt lat="37.25577224045992" lon="128.16196259111166">
        <ele>524.8</ele>
      </trkpt>
      <trkpt lat="37.25576888769865" lon="128.16198522225022">
        <ele>524.6</ele>
      </trkpt>
      <trkpt lat="37.2557663731277" lon="128.16200776956975">
        <ele>524.6</ele>
      </trkpt>
      <trkpt lat="37.255764193832874" lon="128.16202973015606">
        <ele>524.6</ele>
      </trkpt>
      <trkpt lat="37.25576310418546" lon="128.1620501819998">
        <ele>524.6</ele>
      </trkpt>
      <trkpt lat="37.25576343946159" lon="128.1620710529387">
        <ele>524.6</ele>
      </trkpt>
      <trkpt lat="37.25576545111835" lon="128.16209318116307">
        <ele>524.8</ele>
      </trkpt>
      <trkpt lat="37.25576830096543" lon="128.1621154770255">
        <ele>525.0</ele>
      </trkpt>
      <trkpt lat="37.2557716537267" lon="128.16213123500347">
        <ele>525.2</ele>
      </trkpt>
      <trkpt lat="37.25577659904957" lon="128.16214866936207">
        <ele>525.4</ele>
      </trkpt>
      <trkpt lat="37.255781292915344" lon="128.16216710954905">
        <ele>525.8</ele>
      </trkpt>
      <trkpt lat="37.255786741152406" lon="128.16218554973602">
        <ele>525.8</ele>
      </trkpt>
      <trkpt lat="37.25579084828496" lon="128.1622055824846">
        <ele>526.0</ele>
      </trkpt>
      <trkpt lat="37.25579579360783" lon="128.16222611814737">
        <ele>526.0</ele>
      </trkpt>
      <trkpt lat="37.25580115802586" lon="128.16224648617208">
        <ele>526.0</ele>
      </trkpt>
      <trkpt lat="37.25580685772002" lon="128.1622642558068">
        <ele>526.0</ele>
      </trkpt>
      <trkpt lat="37.25581180304289" lon="128.1622803490609">
        <ele>526.0</ele>
      </trkpt>
      <trkpt lat="37.25581876002252" lon="128.1622956879437">
        <ele>526.2</ele>
      </trkpt>
      <trkpt lat="37.25582613609731" lon="128.16231060773134">
        <ele>526.4</ele>
      </trkpt>
      <trkpt lat="37.25583585910499" lon="128.16232535988092">
        <ele>526.4</ele>
      </trkpt>
      <trkpt lat="37.25584759376943" lon="128.1623406149447">
        <ele>526.6</ele>
      </trkpt>
      <trkpt lat="37.255858490243554" lon="128.1623543612659">
        <ele>526.8</ele>
      </trkpt>
      <trkpt lat="37.255869302898645" lon="128.1623694486916">
        <ele>526.8</ele>
      </trkpt>
      <trkpt lat="37.25588045082986" lon="128.16238311119378">
        <ele>526.8</ele>
      </trkpt>
      <trkpt lat="37.25589235313237" lon="128.1623961031437">
        <ele>527.0</ele>
      </trkpt>
      <trkpt lat="37.25590366870165" lon="128.16240976564586">
        <ele>527.0</ele>
      </trkpt>
      <trkpt lat="37.25591498427093" lon="128.1624235957861">
        <ele>527.0</ele>
      </trkpt>
      <trkpt lat="37.25592613220215" lon="128.16243650391698">
        <ele>527.0</ele>
      </trkpt>
      <trkpt lat="37.25593761540949" lon="128.16244832240045">
        <ele>527.0</ele>
      </trkpt>
      <trkpt lat="37.25594960153103" lon="128.16246072761714">
        <ele>527.0</ele>
      </trkpt>
      <trkpt lat="37.2559598274529" lon="128.16247229464352">
        <ele>527.0</ele>
      </trkpt>
      <trkpt lat="37.25596929900348" lon="128.16248428076506">
        <ele>527.0</ele>
      </trkpt>
      <trkpt lat="37.255974831059575" lon="128.1624960154295">
        <ele>527.0</ele>
      </trkpt>
      <trkpt lat="37.255980195477605" lon="128.1625081691891">
        <ele>526.8</ele>
      </trkpt>
      <trkpt lat="37.25598354823887" lon="128.16252082586288">
        <ele>526.6</ele>
      </trkpt>
      <trkpt lat="37.2559854760766" lon="128.16253339871764">
        <ele>526.6</ele>
      </trkpt>
      <trkpt lat="37.2559854760766" lon="128.1625462230295">
        <ele>526.4</ele>
      </trkpt>
      <trkpt lat="37.255982710048556" lon="128.16255753859878">
        <ele>526.4</ele>
      </trkpt>
      <trkpt lat="37.255976842716336" lon="128.1625697761774">
        <ele>526.4</ele>
      </trkpt>
      <trkpt lat="37.25596812553704" lon="128.16258226521313">
        <ele>526.2</ele>
      </trkpt>
      <trkpt lat="37.255957229062915" lon="128.16259634681046">
        <ele>526.0</ele>
      </trkpt>
      <trkpt lat="37.25594289600849" lon="128.1626126077026">
        <ele>525.6</ele>
      </trkpt>
      <trkpt lat="37.25592386908829" lon="128.16263255663216">
        <ele>525.2</ele>
      </trkpt>
      <trkpt lat="37.255901573225856" lon="128.1626553554088">
        <ele>524.4</ele>
      </trkpt>
      <trkpt lat="37.25587734952569" lon="128.16267773509026">
        <ele>523.6</ele>
      </trkpt>
      <trkpt lat="37.255853125825524" lon="128.16270221024752">
        <ele>522.6</ele>
      </trkpt>
      <trkpt lat="37.25582982413471" lon="128.1627270206809">
        <ele>521.4</ele>
      </trkpt>
      <trkpt lat="37.25580744445324" lon="128.16275283694267">
        <ele>520.4</ele>
      </trkpt>
      <trkpt lat="37.25578590296209" lon="128.16278108395636">
        <ele>519.4</ele>
      </trkpt>
      <trkpt lat="37.25576788187027" lon="128.1628113426268">
        <ele>518.8</ele>
      </trkpt>
      <trkpt lat="37.25575380027294" lon="128.16284369677305">
        <ele>518.0</ele>
      </trkpt>
      <trkpt lat="37.25574818439782" lon="128.16287797875702">
        <ele>517.4</ele>
      </trkpt>
      <trkpt lat="37.2557489387691" lon="128.16290865652263">
        <ele>517.0</ele>
      </trkpt>
      <trkpt lat="37.25575799122453" lon="128.1629349756986">
        <ele>516.8</ele>
      </trkpt>
      <trkpt lat="37.2557766828686" lon="128.16295836120844">
        <ele>516.4</ele>
      </trkpt>
      <trkpt lat="37.2557991463691" lon="128.1629738677293">
        <ele>516.2</ele>
      </trkpt>
      <trkpt lat="37.25582420825958" lon="128.1629812438041">
        <ele>516.0</ele>
      </trkpt>
      <trkpt lat="37.25584868341684" lon="128.16297579556704">
        <ele>515.6</ele>
      </trkpt>
      <trkpt lat="37.255870308727026" lon="128.1629608757794">
        <ele>515.0</ele>
      </trkpt>
      <trkpt lat="37.255888748914" lon="128.16294260323048">
        <ele>514.4</ele>
      </trkpt>
      <trkpt lat="37.25590475834906" lon="128.16292407922447">
        <ele>513.8</ele>
      </trkpt>
      <trkpt lat="37.25591682828963" lon="128.16291586495936">
        <ele>513.2</ele>
      </trkpt>
      <trkpt lat="37.25592873059213" lon="128.16291284747422">
        <ele>513.0</ele>
      </trkpt>
      <trkpt lat="37.255938621237874" lon="128.16291896626353">
        <ele>512.6</ele>
      </trkpt>
      <trkpt lat="37.2559476736933" lon="128.16294352523983">
        <ele>512.2</ele>
      </trkpt>
      <trkpt lat="37.25595463067293" lon="128.16297872923315">
        <ele>511.8</ele>
      </trkpt>
      <trkpt lat="37.25595949217677" lon="128.1630156096071">
        <ele>511.4</ele>
      </trkpt>
      <trkpt lat="37.25596443749964" lon="128.16304989159107">
        <ele>510.8</ele>
      </trkpt>
      <trkpt lat="37.255972400307655" lon="128.16307579167187">
        <ele>510.6</ele>
      </trkpt>
      <trkpt lat="37.255980195477605" lon="128.16309691406786">
        <ele>510.8</ele>
      </trkpt>
      <trkpt lat="37.255986984819174" lon="128.1631139293313">
        <ele>511.0</ele>
      </trkpt>
      <trkpt lat="37.25599117577076" lon="128.16313044168055">
        <ele>511.4</ele>
      </trkpt>
      <trkpt lat="37.255994444713" lon="128.1631485465914">
        <ele>511.8</ele>
      </trkpt>
      <trkpt lat="37.25599670782685" lon="128.16316472366452">
        <ele>512.0</ele>
      </trkpt>
      <trkpt lat="37.25599737837911" lon="128.16318056546152">
        <ele>512.2</ele>
      </trkpt>
      <trkpt lat="37.25599612109363" lon="128.16319573670626">
        <ele>512.4</ele>
      </trkpt>
      <trkpt lat="37.25599427707493" lon="128.1632119975984">
        <ele>512.4</ele>
      </trkpt>
      <trkpt lat="37.255991008132696" lon="128.16322666592896">
        <ele>512.2</ele>
      </trkpt>
      <trkpt lat="37.25598623044789" lon="128.16324007697403">
        <ele>512.2</ele>
      </trkpt>
      <trkpt lat="37.255980195477605" lon="128.16325700841844">
        <ele>512.0</ele>
      </trkpt>
      <trkpt lat="37.25597223266959" lon="128.16327393986285">
        <ele>511.6</ele>
      </trkpt>
      <trkpt lat="37.25596083328128" lon="128.16329296678305">
        <ele>511.2</ele>
      </trkpt>
      <trkpt lat="37.2559460811317" lon="128.16331710666418">
        <ele>510.8</ele>
      </trkpt>
      <trkpt lat="37.25593065842986" lon="128.16334233619273">
        <ele>510.2</ele>
      </trkpt>
      <trkpt lat="37.25591339170933" lon="128.1633681524545">
        <ele>509.4</ele>
      </trkpt>
      <trkpt lat="37.255896208807826" lon="128.16339279524982">
        <ele>508.6</ele>
      </trkpt>
      <trkpt lat="37.25587835535407" lon="128.16341701894999">
        <ele>507.6</ele>
      </trkpt>
      <trkpt lat="37.255861423909664" lon="128.1634437572211">
        <ele>506.8</ele>
      </trkpt>
      <trkpt lat="37.25584348663688" lon="128.16347116604447">
        <ele>506.2</ele>
      </trkpt>
      <trkpt lat="37.255824878811836" lon="128.1635031849146">
        <ele>505.4</ele>
      </trkpt>
      <trkpt lat="37.25580794736743" lon="128.16353629343212">
        <ele>505.0</ele>
      </trkpt>
      <trkpt lat="37.25579327903688" lon="128.16357359290123">
        <ele>504.4</ele>
      </trkpt>
      <trkpt lat="37.2557835560292" lon="128.1636094674468">
        <ele>504.0</ele>
      </trkpt>
      <trkpt lat="37.25577995181084" lon="128.16364550963044">
        <ele>503.6</ele>
      </trkpt>
      <trkpt lat="37.255786657333374" lon="128.1636818870902">
        <ele>503.2</ele>
      </trkpt>
      <trkpt lat="37.25579964928329" lon="128.1637144088745">
        <ele>503.0</ele>
      </trkpt>
      <trkpt lat="37.25581708364189" lon="128.16374408081174">
        <ele>502.8</ele>
      </trkpt>
      <trkpt lat="37.25583636201918" lon="128.16377073526382">
        <ele>502.4</ele>
      </trkpt>
      <trkpt lat="37.255854634568095" lon="128.16379487514496">
        <ele>502.2</ele>
      </trkpt>
      <trkpt lat="37.25587164983153" lon="128.16381633281708">
        <ele>502.0</ele>
      </trkpt>
      <trkpt lat="37.255889251828194" lon="128.16383636556566">
        <ele>502.0</ele>
      </trkpt>
      <trkpt lat="37.25590568035841" lon="128.16385413520038">
        <ele>502.0</ele>
      </trkpt>
      <trkpt lat="37.25592043250799" lon="128.16386947408319">
        <ele>502.2</ele>
      </trkpt>
      <trkpt lat="37.25593417882919" lon="128.16388363949955">
        <ele>502.2</ele>
      </trkpt>
      <trkpt lat="37.255947422236204" lon="128.1638962123543">
        <ele>502.0</ele>
      </trkpt>
      <trkpt lat="37.25595890544355" lon="128.1639081146568">
        <ele>502.0</ele>
      </trkpt>
      <trkpt lat="37.255969382822514" lon="128.16391993314028">
        <ele>501.8</ele>
      </trkpt>
      <trkpt lat="37.25597902201116" lon="128.1639308296144">
        <ele>501.8</ele>
      </trkpt>
      <trkpt lat="37.25598815828562" lon="128.1639411393553">
        <ele>501.6</ele>
      </trkpt>
      <trkpt lat="37.25599695928395" lon="128.1639527902007">
        <ele>501.6</ele>
      </trkpt>
      <trkpt lat="37.256003664806485" lon="128.1639636028558">
        <ele>501.4</ele>
      </trkpt>
      <trkpt lat="37.25601037032902" lon="128.1639755051583">
        <ele>501.4</ele>
      </trkpt>
      <trkpt lat="37.256016908213496" lon="128.16398807801306">
        <ele>501.4</ele>
      </trkpt>
      <trkpt lat="37.25602344609797" lon="128.16400182433426">
        <ele>501.4</ele>
      </trkpt>
      <trkpt lat="37.256029564887285" lon="128.16401557065547">
        <ele>501.4</ele>
      </trkpt>
      <trkpt lat="37.25603308528662" lon="128.16402956843376">
        <ele>501.4</ele>
      </trkpt>
      <trkpt lat="37.25603526458144" lon="128.164046080783">
        <ele>501.4</ele>
      </trkpt>
      <trkpt lat="37.25603652186692" lon="128.16406250931323">
        <ele>501.4</ele>
      </trkpt>
      <trkpt lat="37.25603375583887" lon="128.16408036276698">
        <ele>501.2</ele>
      </trkpt>
      <trkpt lat="37.2560306545347" lon="128.16410081461072">
        <ele>501.0</ele>
      </trkpt>
      <trkpt lat="37.25602495484054" lon="128.1641258765012">
        <ele>500.8</ele>
      </trkpt>
      <trkpt lat="37.256016321480274" lon="128.16415219567716">
        <ele>500.2</ele>
      </trkpt>
      <trkpt lat="37.25600534118712" lon="128.1641811132431">
        <ele>499.6</ele>
      </trkpt>
      <trkpt lat="37.255990924313664" lon="128.16421447321773">
        <ele>498.8</ele>
      </trkpt>
      <trkpt lat="37.25597843527794" lon="128.16425001248717">
        <ele>498.0</ele>
      </trkpt>
      <trkpt lat="37.25596435368061" lon="128.16428756341338">
        <ele>497.0</ele>
      </trkpt>
      <trkpt lat="37.255950355902314" lon="128.16432863473892">
        <ele>496.2</ele>
      </trkpt>
      <trkpt lat="37.255938956514" lon="128.16437020897865">
        <ele>495.6</ele>
      </trkpt>
      <trkpt lat="37.2559302393347" lon="128.16441010683775">
        <ele>495.0</ele>
      </trkpt>
      <trkpt lat="37.25592370145023" lon="128.1644485797733">
        <ele>494.6</ele>
      </trkpt>
      <trkpt lat="37.25591791793704" lon="128.16448227502406">
        <ele>494.4</ele>
      </trkpt>
      <trkpt lat="37.25591347552836" lon="128.16451320424676">
        <ele>494.4</ele>
      </trkpt>
      <trkpt lat="37.25590970367193" lon="128.16453910432756">
        <ele>494.4</ele>
      </trkpt>
      <trkpt lat="37.25590584799647" lon="128.1645590532571">
        <ele>494.6</ele>
      </trkpt>
      <trkpt lat="37.255901573225856" lon="128.16457556560636">
        <ele>494.8</ele>
      </trkpt>
      <trkpt lat="37.2558977175504" lon="128.16458922810853">
        <ele>495.0</ele>
      </trkpt>
      <trkpt lat="37.25589260458946" lon="128.1646015495062">
        <ele>495.0</ele>
      </trkpt>
      <trkpt lat="37.25588598288596" lon="128.16461068578064">
        <ele>495.2</ele>
      </trkpt>
      <trkpt lat="37.255878606811166" lon="128.16461831331253">
        <ele>495.4</ele>
      </trkpt>
      <trkpt lat="37.25586938671768" lon="128.16462342627347">
        <ele>495.6</ele>
      </trkpt>
      <trkpt lat="37.255858071148396" lon="128.16462820395827">
        <ele>496.0</ele>
      </trkpt>
      <trkpt lat="37.255845833569765" lon="128.16463281400502">
        <ele>496.2</ele>
      </trkpt>
      <trkpt lat="37.25583418272436" lon="128.16463951952755">
        <ele>496.6</ele>
      </trkpt>
      <trkpt lat="37.25582177750766" lon="128.16464873962104">
        <ele>496.8</ele>
      </trkpt>
      <trkpt lat="37.255812138319016" lon="128.16466039046645">
        <ele>497.2</ele>
      </trkpt>
      <trkpt lat="37.255804175511" lon="128.16467723809183">
        <ele>497.6</ele>
      </trkpt>
      <trkpt lat="37.255801325663924" lon="128.1646945886314">
        <ele>498.0</ele>
      </trkpt>
      <trkpt lat="37.25580023601651" lon="128.16471143625677">
        <ele>498.2</ele>
      </trkpt>
      <trkpt lat="37.25580149330199" lon="128.16472618840635">
        <ele>498.6</ele>
      </trkpt>
      <trkpt lat="37.255804846063256" lon="128.16473968327045">
        <ele>499.0</ele>
      </trkpt>
      <trkpt lat="37.25580878555775" lon="128.16475150175393">
        <ele>499.4</ele>
      </trkpt>
      <trkpt lat="37.25581398233771" lon="128.16476239822805">
        <ele>499.8</ele>
      </trkpt>
      <trkpt lat="37.25581825710833" lon="128.16477027721703">
        <ele>500.2</ele>
      </trkpt>
      <trkpt lat="37.25582261569798" lon="128.16477790474892">
        <ele>500.6</ele>
      </trkpt>
      <trkpt lat="37.25582596845925" lon="128.16478746011853">
        <ele>501.0</ele>
      </trkpt>
      <trkpt lat="37.25582940503955" lon="128.1647971831262">
        <ele>501.4</ele>
      </trkpt>
      <trkpt lat="37.25583418272436" lon="128.16480606794357">
        <ele>501.6</ele>
      </trkpt>
      <trkpt lat="37.255837954580784" lon="128.16481369547546">
        <ele>502.0</ele>
      </trkpt>
      <trkpt lat="37.255841977894306" lon="128.16482073627412">
        <ele>502.2</ele>
      </trkpt>
      <trkpt lat="37.255845330655575" lon="128.16482794471085">
        <ele>502.6</ele>
      </trkpt>
      <trkpt lat="37.2558509465307" lon="128.16483397968113">
        <ele>502.8</ele>
      </trkpt>
      <trkpt lat="37.25585379637778" lon="128.16483934409916">
        <ele>503.2</ele>
      </trkpt>
      <trkpt lat="37.255855556577444" lon="128.16484269686043">
        <ele>503.4</ele>
      </trkpt>
      <trkpt lat="37.25585740059614" lon="128.1648465525359">
        <ele>503.8</ele>
      </trkpt>
      <trkpt lat="37.25586134009063" lon="128.16485065966845">
        <ele>504.2</ele>
      </trkpt>
      <trkpt lat="37.255864860489964" lon="128.16485728137195">
        <ele>504.6</ele>
      </trkpt>
      <trkpt lat="37.255867877975106" lon="128.16486314870417">
        <ele>505.0</ele>
      </trkpt>
      <trkpt lat="37.255870224907994" lon="128.16486868076026">
        <ele>505.4</ele>
      </trkpt>
      <trkpt lat="37.255873661488295" lon="128.16487496718764">
        <ele>505.8</ele>
      </trkpt>
      <trkpt lat="37.25587584078312" lon="128.16488133743405">
        <ele>506.2</ele>
      </trkpt>
      <trkpt lat="37.255877098068595" lon="128.16488921642303">
        <ele>506.6</ele>
      </trkpt>
      <trkpt lat="37.25587785243988" lon="128.16489801742136">
        <ele>506.8</ele>
      </trkpt>
      <trkpt lat="37.25587768480182" lon="128.16490782424808">
        <ele>507.2</ele>
      </trkpt>
      <trkpt lat="37.25587818771601" lon="128.16491788253188">
        <ele>507.4</ele>
      </trkpt>
      <trkpt lat="37.255878020077944" lon="128.16492601297796">
        <ele>507.6</ele>
      </trkpt>
      <trkpt lat="37.25587701424956" lon="128.16493632271886">
        <ele>508.0</ele>
      </trkpt>
      <trkpt lat="37.25587491877377" lon="128.16494470462203">
        <ele>508.4</ele>
      </trkpt>
      <trkpt lat="37.2558715660125" lon="128.16495241597295">
        <ele>508.8</ele>
      </trkpt>
      <trkpt lat="37.255867877975106" lon="128.16496012732387">
        <ele>509.0</ele>
      </trkpt>
      <trkpt lat="37.25586276501417" lon="128.16496859304607">
        <ele>509.4</ele>
      </trkpt>
      <trkpt lat="37.2558562271297" lon="128.16497563384473">
        <ele>509.6</ele>
      </trkpt>
      <trkpt lat="37.255848264321685" lon="128.16498150117695">
        <ele>510.0</ele>
      </trkpt>
      <trkpt lat="37.255840888246894" lon="128.1649858597666">
        <ele>510.2</ele>
      </trkpt>
      <trkpt lat="37.25583393126726" lon="128.16499021835625">
        <ele>510.4</ele>
      </trkpt>
      <trkpt lat="37.25582647137344" lon="128.16499424166977">
        <ele>510.6</ele>
      </trkpt>
      <trkpt lat="37.25581867620349" lon="128.1649993546307">
        <ele>511.0</ele>
      </trkpt>
      <trkpt lat="37.25580937229097" lon="128.16500497050583">
        <ele>511.2</ele>
      </trkpt>
      <trkpt lat="37.25579956546426" lon="128.16500974819064">
        <ele>511.4</ele>
      </trkpt>
      <trkpt lat="37.25578841753304" lon="128.16501259803772">
        <ele>511.6</ele>
      </trkpt>
      <trkpt lat="37.2557785268873" lon="128.16501578316092">
        <ele>512.0</ele>
      </trkpt>
      <trkpt lat="37.255767630413175" lon="128.165018633008">
        <ele>512.2</ele>
      </trkpt>
      <trkpt lat="37.25575824268162" lon="128.16502131521702">
        <ele>512.4</ele>
      </trkpt>
      <trkpt lat="37.25574784912169" lon="128.16502475179732">
        <ele>512.6</ele>
      </trkpt>
      <trkpt lat="37.25573619827628" lon="128.16502936184406">
        <ele>513.0</ele>
      </trkpt>
      <trkpt lat="37.25572429597378" lon="128.16503506153822">
        <ele>513.2</ele>
      </trkpt>
      <trkpt lat="37.255712393671274" lon="128.165039755404">
        <ele>513.4</ele>
      </trkpt>
      <trkpt lat="37.255700742825866" lon="128.16504553891718">
        <ele>513.8</ele>
      </trkpt>
      <trkpt lat="37.255689427256584" lon="128.16505073569715">
        <ele>514.0</ele>
      </trkpt>
      <trkpt lat="37.255679955706" lon="128.16505526192486">
        <ele>514.2</ele>
      </trkpt>
      <trkpt lat="37.255671825259924" lon="128.16505936905742">
        <ele>514.4</ele>
      </trkpt>
      <trkpt lat="37.25566143169999" lon="128.16506448201835">
        <ele>514.6</ele>
      </trkpt>
      <trkpt lat="37.25565019994974" lon="128.16507051698864">
        <ele>514.8</ele>
      </trkpt>
      <trkpt lat="37.25563695654273" lon="128.16507697105408">
        <ele>515.0</ele>
      </trkpt>
      <trkpt lat="37.255623545497656" lon="128.16508317366242">
        <ele>515.2</ele>
      </trkpt>
      <trkpt lat="37.25561164319515" lon="128.16508954390883">
        <ele>515.2</ele>
      </trkpt>
      <trkpt lat="37.25559932179749" lon="128.16509759053588">
        <ele>515.4</ele>
      </trkpt>
      <trkpt lat="37.25558968260884" lon="128.16510672681034">
        <ele>515.4</ele>
      </trkpt>
      <trkpt lat="37.25557912141085" lon="128.1651172041893">
        <ele>515.4</ele>
      </trkpt>
      <trkpt lat="37.25556772202253" lon="128.1651282683015">
        <ele>515.4</ele>
      </trkpt>
      <trkpt lat="37.2555573284626" lon="128.1651394162327">
        <ele>515.4</ele>
      </trkpt>
      <trkpt lat="37.255546348169446" lon="128.1651515699923">
        <ele>515.6</ele>
      </trkpt>
      <trkpt lat="37.25553335621953" lon="128.16516439430416">
        <ele>515.6</ele>
      </trkpt>
      <trkpt lat="37.25551969371736" lon="128.16517738625407">
        <ele>515.6</ele>
      </trkpt>
      <trkpt lat="37.25550611503422" lon="128.16519046202302">
        <ele>515.6</ele>
      </trkpt>
      <trkpt lat="37.25549421273172" lon="128.1652041245252">
        <ele>515.6</ele>
      </trkpt>
      <trkpt lat="37.255482226610184" lon="128.16522046923637">
        <ele>515.6</ele>
      </trkpt>
      <trkpt lat="37.25546982139349" lon="128.16523907706141">
        <ele>515.6</ele>
      </trkpt>
      <trkpt lat="37.255457919090986" lon="128.16526112146676">
        <ele>515.6</ele>
      </trkpt>
      <trkpt lat="37.25545037537813" lon="128.16528593190014">
        <ele>515.4</ele>
      </trkpt>
      <trkpt lat="37.255447106435895" lon="128.16531468182802">
        <ele>515.4</ele>
      </trkpt>
      <trkpt lat="37.25544819608331" lon="128.16534854471684">
        <ele>515.0</ele>
      </trkpt>
      <trkpt lat="37.2554521355778" lon="128.16538609564304">
        <ele>514.4</ele>
      </trkpt>
      <trkpt lat="37.25545674562454" lon="128.16542523913085">
        <ele>513.8</ele>
      </trkpt>
      <trkpt lat="37.255460266023874" lon="128.16545952111483">
        <ele>513.4</ele>
      </trkpt>
      <trkpt lat="37.25546211004257" lon="128.16548860631883">
        <ele>513.0</ele>
      </trkpt>
      <trkpt lat="37.25546294823289" lon="128.16551065072417">
        <ele>513.0</ele>
      </trkpt>
      <trkpt lat="37.255463786423206" lon="128.16553118638694">
        <ele>513.4</ele>
      </trkpt>
      <trkpt lat="37.255463702604175" lon="128.1655513867736">
        <ele>513.8</ele>
      </trkpt>
      <trkpt lat="37.255463702604175" lon="128.1655685696751">
        <ele>514.2</ele>
      </trkpt>
      <trkpt lat="37.25546102039516" lon="128.16558265127242">
        <ele>514.6</ele>
      </trkpt>
      <trkpt lat="37.255459846928716" lon="128.16559539176524">
        <ele>514.8</ele>
      </trkpt>
      <trkpt lat="37.25545817054808" lon="128.16560796462">
        <ele>515.2</ele>
      </trkpt>
      <trkpt lat="37.255455404520035" lon="128.16561735235155">
        <ele>515.6</ele>
      </trkpt>
      <trkpt lat="37.25545255467296" lon="128.16562531515956">
        <ele>515.8</ele>
      </trkpt>
      <trkpt lat="37.25545062683523" lon="128.1656325235963">
        <ele>516.2</ele>
      </trkpt>
      <trkpt lat="37.255449034273624" lon="128.16564350388944">
        <ele>516.6</ele>
      </trkpt>
      <trkpt lat="37.25544677115977" lon="128.16565381363034">
        <ele>516.8</ele>
      </trkpt>
      <trkpt lat="37.2554434183985" lon="128.1656652968377">
        <ele>517.2</ele>
      </trkpt>
      <trkpt lat="37.25543964654207" lon="128.16567820496857">
        <ele>517.6</ele>
      </trkpt>
      <trkpt lat="37.25543478503823" lon="128.16568968817592">
        <ele>518.0</ele>
      </trkpt>
      <trkpt lat="37.25542958825827" lon="128.165700500831">
        <ele>518.4</ele>
      </trkpt>
      <trkpt lat="37.25542522966862" lon="128.16571047529578">
        <ele>518.6</ele>
      </trkpt>
      <trkpt lat="37.25542196072638" lon="128.16572078503668">
        <ele>518.8</ele>
      </trkpt>
      <trkpt lat="37.255419278517365" lon="128.1657324358821">
        <ele>519.2</ele>
      </trkpt>
      <trkpt lat="37.255415339022875" lon="128.16574626602232">
        <ele>519.4</ele>
      </trkpt>
      <trkpt lat="37.25541181862354" lon="128.16575841978192">
        <ele>519.6</ele>
      </trkpt>
      <trkpt lat="37.255406621843576" lon="128.16576898097992">
        <ele>519.8</ele>
      </trkpt>
      <trkpt lat="37.25540041923523" lon="128.16577945835888">
        <ele>520.0</ele>
      </trkpt>
      <trkpt lat="37.2553932107985" lon="128.16578834317625">
        <ele>520.0</ele>
      </trkpt>
      <trkpt lat="37.255383655428886" lon="128.165798233822">
        <ele>520.0</ele>
      </trkpt>
      <trkpt lat="37.25537016056478" lon="128.16580820828676">
        <ele>519.8</ele>
      </trkpt>
      <trkpt lat="37.255356162786484" lon="128.1658215355128">
        <ele>519.6</ele>
      </trkpt>
      <trkpt lat="37.25533998571336" lon="128.16583670675755">
        <ele>519.0</ele>
      </trkpt>
      <trkpt lat="37.25532313808799" lon="128.16585154272616">
        <ele>518.6</ele>
      </trkpt>
      <trkpt lat="37.25530561991036" lon="128.16586730070412">
        <ele>518.0</ele>
      </trkpt>
      <trkpt lat="37.255286844447255" lon="128.16588297486305">
        <ele>517.6</ele>
      </trkpt>
      <trkpt lat="37.25526748225093" lon="128.1659008283168">
        <ele>517.2</ele>
      </trkpt>
      <trkpt lat="37.25524954497814" lon="128.165919855237">
        <ele>516.8</ele>
      </trkpt>
      <trkpt lat="37.255231104791164" lon="128.16594164818525">
        <ele>516.2</ele>
      </trkpt>
      <trkpt lat="37.25521367043257" lon="128.16596570424736">
        <ele>515.6</ele>
      </trkpt>
      <trkpt lat="37.25520051084459" lon="128.16598950885236">
        <ele>515.2</ele>
      </trkpt>
      <trkpt lat="37.2551896981895" lon="128.16601264290512">
        <ele>514.6</ele>
      </trkpt>
      <trkpt lat="37.25518332794309" lon="128.1660363636911">
        <ele>514.2</ele>
      </trkpt>
      <trkpt lat="37.25518064573407" lon="128.16606050357223">
        <ele>513.8</ele>
      </trkpt>
      <trkpt lat="37.255178382620215" lon="128.16608648747206">
        <ele>513.2</ele>
      </trkpt>
      <trkpt lat="37.255174946039915" lon="128.16611129790545">
        <ele>512.8</ele>
      </trkpt>
      <trkpt lat="37.25516966544092" lon="128.16613753326237">
        <ele>512.0</ele>
      </trkpt>
      <trkpt lat="37.25516547448933" lon="128.16616913303733">
        <ele>511.2</ele>
      </trkpt>
      <trkpt lat="37.25516404956579" lon="128.1662004813552">
        <ele>510.4</ele>
      </trkpt>
      <trkpt lat="37.25516245700419" lon="128.1662306562066">
        <ele>509.6</ele>
      </trkpt>
      <trkpt lat="37.25515918806195" lon="128.16625831648707">
        <ele>508.8</ele>
      </trkpt>
      <trkpt lat="37.255153404548764" lon="128.16628857515752">
        <ele>508.2</ele>
      </trkpt>
      <trkpt lat="37.25514200516045" lon="128.1663191691041">
        <ele>507.6</ele>
      </trkpt>
      <trkpt lat="37.25512691773474" lon="128.16635093651712">
        <ele>507.0</ele>
      </trkpt>
      <trkpt lat="37.2551119979471" lon="128.16638697870076">
        <ele>506.2</ele>
      </trkpt>
      <trkpt lat="37.25510193966329" lon="128.1664264574647">
        <ele>505.4</ele>
      </trkpt>
      <trkpt lat="37.25509791634977" lon="128.16646467894316">
        <ele>504.6</ele>
      </trkpt>
      <trkpt lat="37.25509699434042" lon="128.16650373861194">
        <ele>503.8</ele>
      </trkpt>
      <trkpt lat="37.25509598851204" lon="128.16654548048973">
        <ele>503.2</ele>
      </trkpt>
      <trkpt lat="37.255095234140754" lon="128.1665821094066">
        <ele>502.6</ele>
      </trkpt>
      <trkpt lat="37.25509305484593" lon="128.16661689430475">
        <ele>502.2</ele>
      </trkpt>
      <trkpt lat="37.255090959370136" lon="128.16664698533714">
        <ele>502.0</ele>
      </trkpt>
      <trkpt lat="37.2550895344466" lon="128.16667447797954">
        <ele>502.0</ele>
      </trkpt>
      <trkpt lat="37.25508869625628" lon="128.16669803112745">
        <ele>502.0</ele>
      </trkpt>
      <trkpt lat="37.25508777424693" lon="128.16671856679022">
        <ele>502.2</ele>
      </trkpt>
      <trkpt lat="37.2550858464092" lon="128.1667380966246">
        <ele>502.4</ele>
      </trkpt>
      <trkpt lat="37.25508182309568" lon="128.16675729118288">
        <ele>502.6</ele>
      </trkpt>
      <trkpt lat="37.25507805123925" lon="128.16677355207503">
        <ele>502.6</ele>
      </trkpt>
      <trkpt lat="37.25507310591638" lon="128.16678822040558">
        <ele>502.8</ele>
      </trkpt>
      <trkpt lat="37.255066484212875" lon="128.16680188290775">
        <ele>502.8</ele>
      </trkpt>
      <trkpt lat="37.255058689042926" lon="128.1668133661151">
        <ele>502.6</ele>
      </trkpt>
      <trkpt lat="37.25505072623491" lon="128.1668279506266">
        <ele>502.4</ele>
      </trkpt>
      <trkpt lat="37.25504066795111" lon="128.16684706136584">
        <ele>502.0</ele>
      </trkpt>
      <trkpt lat="37.25503119640052" lon="128.1668694410473">
        <ele>501.6</ele>
      </trkpt>
      <trkpt lat="37.25502013228834" lon="128.1668942514807">
        <ele>501.0</ele>
      </trkpt>
      <trkpt lat="37.255009235814214" lon="128.16692157648504">
        <ele>500.2</ele>
      </trkpt>
      <trkpt lat="37.25500018335879" lon="128.1669526733458">
        <ele>499.6</ele>
      </trkpt>
      <trkpt lat="37.25499230436981" lon="128.16698712296784">
        <ele>498.6</ele>
      </trkpt>
      <trkpt lat="37.25498543120921" lon="128.1670266855508">
        <ele>497.8</ele>
      </trkpt>
      <trkpt lat="37.254981994628906" lon="128.16706507466733">
        <ele>497.0</ele>
      </trkpt>
      <trkpt lat="37.25498082116246" lon="128.16709633916616">
        <ele>496.4</ele>
      </trkpt>
      <trkpt lat="37.254980904981494" lon="128.16712332889438">
        <ele>496.0</ele>
      </trkpt>
      <trkpt lat="37.254982246086" lon="128.16714721731842">
        <ele>496.0</ele>
      </trkpt>
      <trkpt lat="37.25498375482857" lon="128.167167250067">
        <ele>496.2</ele>
      </trkpt>
      <trkpt lat="37.25498417392373" lon="128.16718384623528">
        <ele>496.8</ele>
      </trkpt>
      <trkpt lat="37.25498476065695" lon="128.16720169968903">
        <ele>497.2</ele>
      </trkpt>
      <trkpt lat="37.25498509593308" lon="128.16722131334245">
        <ele>497.6</ele>
      </trkpt>
      <trkpt lat="37.25498551502824" lon="128.16724478267133">
        <ele>497.8</ele>
      </trkpt>
      <trkpt lat="37.254987861961126" lon="128.1672690063715">
        <ele>498.0</ele>
      </trkpt>
      <trkpt lat="37.254991214722395" lon="128.16729264333844">
        <ele>498.0</ele>
      </trkpt>
      <trkpt lat="37.25499699823558" lon="128.16731728613377">
        <ele>497.8</ele>
      </trkpt>
      <trkpt lat="37.255004961043596" lon="128.16734360530972">
        <ele>497.4</ele>
      </trkpt>
      <trkpt lat="37.25501384586096" lon="128.16736766137183">
        <ele>497.2</ele>
      </trkpt>
      <trkpt lat="37.25502222776413" lon="128.16739046014845">
        <ele>496.6</ele>
      </trkpt>
      <trkpt lat="37.255030274391174" lon="128.16741560585797">
        <ele>496.2</ele>
      </trkpt>
      <trkpt lat="37.25503597408533" lon="128.16744175739586">
        <ele>495.8</ele>
      </trkpt>
      <trkpt lat="37.25503974594176" lon="128.16746656782925">
        <ele>495.4</ele>
      </trkpt>
      <trkpt lat="37.255044020712376" lon="128.16749012097716">
        <ele>495.2</ele>
      </trkpt>
      <trkpt lat="37.25504720583558" lon="128.16751308739185">
        <ele>495.0</ele>
      </trkpt>
      <trkpt lat="37.25504863075912" lon="128.16753504797816">
        <ele>494.8</ele>
      </trkpt>
      <trkpt lat="37.255047457292676" lon="128.1675586849451">
        <ele>494.6</ele>
      </trkpt>
      <trkpt lat="37.25504376925528" lon="128.16758626140654">
        <ele>494.4</ele>
      </trkpt>
      <trkpt lat="37.255038069561124" lon="128.16761501133442">
        <ele>493.8</ele>
      </trkpt>
      <trkpt lat="37.255032453686" lon="128.1676474492997">
        <ele>493.4</ele>
      </trkpt>
      <trkpt lat="37.25502725690603" lon="128.16768147982657">
        <ele>492.8</ele>
      </trkpt>
      <trkpt lat="37.255021557211876" lon="128.16772020421922">
        <ele>492.2</ele>
      </trkpt>
      <trkpt lat="37.25501778535545" lon="128.16776068881154">
        <ele>491.8</ele>
      </trkpt>
      <trkpt lat="37.255015689879656" lon="128.16780016757548">
        <ele>491.4</ele>
      </trkpt>
      <trkpt lat="37.25501443259418" lon="128.16784098744392">
        <ele>490.8</ele>
      </trkpt>
      <trkpt lat="37.25501351058483" lon="128.16787937656045">
        <ele>490.4</ele>
      </trkpt>
      <trkpt lat="37.25501166656613" lon="128.1679210346192">
        <ele>489.8</ele>
      </trkpt>
      <trkpt lat="37.25501007400453" lon="128.16796135157347">
        <ele>489.4</ele>
      </trkpt>
      <trkpt lat="37.25501292385161" lon="128.1679963041097">
        <ele>488.8</ele>
      </trkpt>
      <trkpt lat="37.255018539726734" lon="128.16802622750401">
        <ele>488.4</ele>
      </trkpt>
      <trkpt lat="37.255026334896684" lon="128.16805388778448">
        <ele>488.0</ele>
      </trkpt>
      <trkpt lat="37.2550340462476" lon="128.16807911731303">
        <ele>487.6</ele>
      </trkpt>
      <trkpt lat="37.25504259578884" lon="128.16810275427997">
        <ele>487.4</ele>
      </trkpt>
      <trkpt lat="37.25505257025361" lon="128.16812798380852">
        <ele>487.0</ele>
      </trkpt>
      <trkpt lat="37.255064053460956" lon="128.1681525427848">
        <ele>486.6</ele>
      </trkpt>
      <trkpt lat="37.25507746450603" lon="128.16817559301853">
        <ele>486.2</ele>
      </trkpt>
      <trkpt lat="37.255092384293675" lon="128.16819730214775">
        <ele>485.4</ele>
      </trkpt>
      <trkpt lat="37.25510889664292" lon="128.16822052001953">
        <ele>484.8</ele>
      </trkpt>
      <trkpt lat="37.255124151706696" lon="128.16824390552938">
        <ele>484.2</ele>
      </trkpt>
      <trkpt lat="37.2551394905895" lon="128.16826519556344">
        <ele>483.6</ele>
      </trkpt>
      <trkpt lat="37.25515424273908" lon="128.16828564740717">
        <ele>483.0</ele>
      </trkpt>
      <trkpt lat="37.255168575793505" lon="128.16830568015575">
        <ele>482.2</ele>
      </trkpt>
      <trkpt lat="37.25518357940018" lon="128.16832319833338">
        <ele>481.8</ele>
      </trkpt>
      <trkpt lat="37.2551965713501" lon="128.16833769902587">
        <ele>481.2</ele>
      </trkpt>
      <trkpt lat="37.25520562380552" lon="128.16834960132837">
        <ele>480.6</ele>
      </trkpt>
      <trkpt lat="37.25520906038582" lon="128.16836116835475">
        <ele>480.2</ele>
      </trkpt>
      <trkpt lat="37.25520436652005" lon="128.16836980171502">
        <ele>479.8</ele>
      </trkpt>
      <trkpt lat="37.25518877618015" lon="128.16836879588664">
        <ele>479.4</ele>
      </trkpt>
      <trkpt lat="37.25516941398382" lon="128.16836351528764">
        <ele>478.8</ele>
      </trkpt>
      <trkpt lat="37.255146531388164" lon="128.16835504956543">
        <ele>478.2</ele>
      </trkpt>
      <trkpt lat="37.25512146949768" lon="128.16834557801485">
        <ele>477.6</ele>
      </trkpt>
      <trkpt lat="37.255093893036246" lon="128.1683356873691">
        <ele>477.0</ele>
      </trkpt>
      <trkpt lat="37.255064472556114" lon="128.16832420416176">
        <ele>476.4</ele>
      </trkpt>
      <trkpt lat="37.255032788962126" lon="128.16831154748797">
        <ele>475.6</ele>
      </trkpt>
      <trkpt lat="37.25499934516847" lon="128.16829696297646">
        <ele>475.0</ele>
      </trkpt>
      <trkpt lat="37.25496640428901" lon="128.16828212700784">
        <ele>474.4</ele>
      </trkpt>
      <trkpt lat="37.254934469237924" lon="128.16826846450567">
        <ele>474.0</ele>
      </trkpt>
      <trkpt lat="37.25490337237716" lon="128.16825580783188">
        <ele>473.8</ele>
      </trkpt>
      <trkpt lat="37.25487479008734" lon="128.16824440844357">
        <ele>473.4</ele>
      </trkpt>
      <trkpt lat="37.25484570488334" lon="128.16823409870267">
        <ele>473.4</ele>
      </trkpt>
      <trkpt lat="37.254817290231586" lon="128.16822613589466">
        <ele>473.2</ele>
      </trkpt>
      <trkpt lat="37.25479021668434" lon="128.16822119057178">
        <ele>473.0</ele>
      </trkpt>
      <trkpt lat="37.25476381368935" lon="128.16821800544858">
        <ele>472.8</ele>
      </trkpt>
      <trkpt lat="37.254738165065646" lon="128.16821901127696">
        <ele>472.8</ele>
      </trkpt>
      <trkpt lat="37.2547145280987" lon="128.1682241242379">
        <ele>472.6</ele>
      </trkpt>
      <trkpt lat="37.25469382479787" lon="128.16823686473072">
        <ele>472.2</ele>
      </trkpt>
      <trkpt lat="37.25468066520989" lon="128.16825631074607">
        <ele>471.6</ele>
      </trkpt>
      <trkpt lat="37.254678988829255" lon="128.1682801991701">
        <ele>471.2</ele>
      </trkpt>
      <trkpt lat="37.254691226407886" lon="128.16830433905125">
        <ele>470.4</ele>
      </trkpt>
      <trkpt lat="37.25471092388034" lon="128.1683256290853">
        <ele>469.8</ele>
      </trkpt>
      <trkpt lat="37.25473497994244" lon="128.1683465000242">
        <ele>469.4</ele>
      </trkpt>
      <trkpt lat="37.2547612991184" lon="128.1683673709631">
        <ele>469.0</ele>
      </trkpt>
      <trkpt lat="37.25478862412274" lon="128.16838731989264">
        <ele>468.6</ele>
      </trkpt>
      <trkpt lat="37.254813853651285" lon="128.16840659826994">
        <ele>468.2</ele>
      </trkpt>
      <trkpt lat="37.25483790971339" lon="128.16842596046627">
        <ele>467.8</ele>
      </trkpt>
      <trkpt lat="37.25486037321389" lon="128.16844582557678">
        <ele>467.4</ele>
      </trkpt>
      <trkpt lat="37.25487805902958" lon="128.1684620026499">
        <ele>467.2</ele>
      </trkpt>
      <trkpt lat="37.254888536408544" lon="128.16848002374172">
        <ele>466.8</ele>
      </trkpt>
      <trkpt lat="37.25488987751305" lon="128.1684984639287">
        <ele>466.6</ele>
      </trkpt>
      <trkpt lat="37.25488099269569" lon="128.16851573064923">
        <ele>466.2</ele>
      </trkpt>
      <trkpt lat="37.254865653812885" lon="128.16852746531367">
        <ele>465.8</ele>
      </trkpt>
      <trkpt lat="37.25484679453075" lon="128.16854213364422">
        <ele>465.4</ele>
      </trkpt>
      <trkpt lat="37.254826594144106" lon="128.16855613142252">
        <ele>464.8</ele>
      </trkpt>
      <trkpt lat="37.2548096626997" lon="128.16857339814305">
        <ele>464.2</ele>
      </trkpt>
      <trkpt lat="37.25479692220688" lon="128.16859435290098">
        <ele>463.4</ele>
      </trkpt>
      <trkpt lat="37.254791893064976" lon="128.16862016916275">
        <ele>462.4</ele>
      </trkpt>
      <trkpt lat="37.25480220280588" lon="128.16864824853837">
        <ele>461.6</ele>
      </trkpt>
      <trkpt lat="37.254823157563806" lon="128.16866358742118">
        <ele>460.8</ele>
      </trkpt>
      <trkpt lat="37.254847465083" lon="128.16867255605757">
        <ele>460.2</ele>
      </trkpt>
      <trkpt lat="37.25487085059285" lon="128.16867716610432">
        <ele>459.8</ele>
      </trkpt>
      <trkpt lat="37.25489675067365" lon="128.16868152469397">
        <ele>459.6</ele>
      </trkpt>
      <trkpt lat="37.25492005236447" lon="128.1686861347407">
        <ele>459.4</ele>
      </trkpt>
      <trkpt lat="37.25494360551238" lon="128.16869317553937">
        <ele>459.0</ele>
      </trkpt>
      <trkpt lat="37.25496305152774" lon="128.16870625130832">
        <ele>458.6</ele>
      </trkpt>
      <trkpt lat="37.25498174317181" lon="128.1687241885811">
        <ele>458.0</ele>
      </trkpt>
      <trkpt lat="37.254998087882996" lon="128.1687482446432">
        <ele>457.6</ele>
      </trkpt>
      <trkpt lat="37.25501485168934" lon="128.16877556964755">
        <ele>457.2</ele>
      </trkpt>
      <trkpt lat="37.25502960383892" lon="128.16880675032735">
        <ele>456.8</ele>
      </trkpt>
      <trkpt lat="37.25504267960787" lon="128.1688386015594">
        <ele>456.4</ele>
      </trkpt>
      <trkpt lat="37.25505399517715" lon="128.16886944696307">
        <ele>456.2</ele>
      </trkpt>
      <trkpt lat="37.25506732240319" lon="128.1688996218145">
        <ele>456.0</ele>
      </trkpt>
      <trkpt lat="37.25508148781955" lon="128.16893046721816">
        <ele>455.8</ele>
      </trkpt>
      <trkpt lat="37.25509439595044" lon="128.16896206699312">
        <ele>455.8</ele>
      </trkpt>
      <trkpt lat="37.25510629825294" lon="128.16899249330163">
        <ele>455.8</ele>
      </trkpt>
      <trkpt lat="37.25511794909835" lon="128.16902317106724">
        <ele>456.0</ele>
      </trkpt>
      <trkpt lat="37.255129013210535" lon="128.1690529268235">
        <ele>456.0</ele>
      </trkpt>
      <trkpt lat="37.255139239132404" lon="128.1690799165517">
        <ele>456.0</ele>
      </trkpt>
      <trkpt lat="37.2551498003304" lon="128.1691058166325">
        <ele>456.0</ele>
      </trkpt>
      <trkpt lat="37.255158349871635" lon="128.1691298726946">
        <ele>456.0</ele>
      </trkpt>
      <trkpt lat="37.25516631267965" lon="128.1691509950906">
        <ele>456.0</ele>
      </trkpt>
      <trkpt lat="37.25517326965928" lon="128.16916985437274">
        <ele>456.2</ele>
      </trkpt>
      <trkpt lat="37.25517871789634" lon="128.16918552853167">
        <ele>456.2</ele>
      </trkpt>
      <trkpt lat="37.25518492050469" lon="128.16919994540513">
        <ele>456.0</ele>
      </trkpt>
      <trkpt lat="37.25519045256078" lon="128.16921193152666">
        <ele>456.0</ele>
      </trkpt>
      <trkpt lat="37.25519749335945" lon="128.16922584548593">
        <ele>456.0</ele>
      </trkpt>
      <trkpt lat="37.255205288529396" lon="128.16923808306456">
        <ele>456.0</ele>
      </trkpt>
      <trkpt lat="37.25521316751838" lon="128.16925057210028">
        <ele>456.0</ele>
      </trkpt>
      <trkpt lat="37.25522263906896" lon="128.16926322877407">
        <ele>456.0</ele>
      </trkpt>
      <trkpt lat="37.25523076951504" lon="128.16927395761013">
        <ele>456.0</ele>
      </trkpt>
      <trkpt lat="37.25523831322789" lon="128.1692844349891">
        <ele>455.8</ele>
      </trkpt>
      <trkpt lat="37.255244851112366" lon="128.16929097287357">
        <ele>455.6</ele>
      </trkpt>
      <trkpt lat="37.25524451583624" lon="128.16929440945387">
        <ele>455.4</ele>
      </trkpt>
      <trkpt lat="37.25523672066629" lon="128.16929407417774">
        <ele>455.0</ele>
      </trkpt>
      <trkpt lat="37.25522448308766" lon="128.16928778775036">
        <ele>454.8</ele>
      </trkpt>
      <trkpt lat="37.2552103176713" lon="128.16927286796272">
        <ele>454.4</ele>
      </trkpt>
      <trkpt lat="37.25519372150302" lon="128.169252499938">
        <ele>454.0</ele>
      </trkpt>
      <trkpt lat="37.25517477840185" lon="128.16922584548593">
        <ele>453.4</ele>
      </trkpt>
      <trkpt lat="37.25515516474843" lon="128.16919600591063">
        <ele>452.8</ele>
      </trkpt>
      <trkpt lat="37.25513597019017" lon="128.16916407085955">
        <ele>452.0</ele>
      </trkpt>
      <trkpt lat="37.2551151830703" lon="128.16913205198944">
        <ele>451.4</ele>
      </trkpt>
      <trkpt lat="37.25509548559785" lon="128.16910187713802">
        <ele>451.0</ele>
      </trkpt>
      <trkpt lat="37.255078218877316" lon="128.1690732948482">
        <ele>450.6</ele>
      </trkpt>
      <trkpt lat="37.2550633829087" lon="128.16904798150063">
        <ele>450.4</ele>
      </trkpt>
      <trkpt lat="37.25504946894944" lon="128.16902644000947">
        <ele>450.4</ele>
      </trkpt>
      <trkpt lat="37.25503781810403" lon="128.16900833509862">
        <ele>450.4</ele>
      </trkpt>
      <trkpt lat="37.255026921629906" lon="128.16899391822517">
        <ele>450.4</ele>
      </trkpt>
      <trkpt lat="37.255013678222895" lon="128.1689818482846">
        <ele>450.6</ele>
      </trkpt>
      <trkpt lat="37.25500009953976" lon="128.16897120326757">
        <ele>450.6</ele>
      </trkpt>
      <trkpt lat="37.25498526357114" lon="128.16896265372634">
        <ele>450.4</ele>
      </trkpt>
      <trkpt lat="37.25496958941221" lon="128.1689546070993">
        <ele>450.2</ele>
      </trkpt>
      <trkpt lat="37.25495383143425" lon="128.16894605755806">
        <ele>450.2</ele>
      </trkpt>
      <trkpt lat="37.25493622943759" lon="128.1689385138452">
        <ele>450.0</ele>
      </trkpt>
      <trkpt lat="37.254918878898025" lon="128.1689308024943">
        <ele>449.8</ele>
      </trkpt>
      <trkpt lat="37.2548992652446" lon="128.16892334260046">
        <ele>449.6</ele>
      </trkpt>
      <trkpt lat="37.25487847812474" lon="128.1689170561731">
        <ele>449.4</ele>
      </trkpt>
      <trkpt lat="37.25485668517649" lon="128.16891370341182">
        <ele>449.2</ele>
      </trkpt>
      <trkpt lat="37.25483598187566" lon="128.1689147092402">
        <ele>449.0</ele>
      </trkpt>
      <trkpt lat="37.25481661967933" lon="128.16892074421048">
        <ele>448.6</ele>
      </trkpt>
      <trkpt lat="37.254800107330084" lon="128.1689334847033">
        <ele>448.2</ele>
      </trkpt>
      <trkpt lat="37.254786528646946" lon="128.16895678639412">
        <ele>447.6</ele>
      </trkpt>
      <trkpt lat="37.25478468462825" lon="128.1689860392362">
        <ele>447.0</ele>
      </trkpt>
      <trkpt lat="37.25479273125529" lon="128.16901453770697">
        <ele>446.4</ele>
      </trkpt>
      <trkpt lat="37.25480865687132" lon="128.16904085688293">
        <ele>445.8</ele>
      </trkpt>
      <trkpt lat="37.254827013239264" lon="128.16906600259244">
        <ele>445.2</ele>
      </trkpt>
      <trkpt lat="37.25484821945429" lon="128.1690888851881">
        <ele>445.0</ele>
      </trkpt>
      <trkpt lat="37.25487059913576" lon="128.16910983994603">
        <ele>445.0</ele>
      </trkpt>
      <trkpt lat="37.25489021278918" lon="128.16913263872266">
        <ele>445.2</ele>
      </trkpt>
      <trkpt lat="37.254911502823234" lon="128.1691544316709">
        <ele>445.2</ele>
      </trkpt>
      <trkpt lat="37.25493078120053" lon="128.16917672753334">
        <ele>445.2</ele>
      </trkpt>
      <trkpt lat="37.254950227215886" lon="128.16919893957675">
        <ele>445.2</ele>
      </trkpt>
      <trkpt lat="37.25497160106897" lon="128.16922115162015">
        <ele>445.2</ele>
      </trkpt>
      <trkpt lat="37.25499180145562" lon="128.16924068145454">
        <ele>445.4</ele>
      </trkpt>
      <trkpt lat="37.25500990636647" lon="128.16925819963217">
        <ele>445.2</ele>
      </trkpt>
      <trkpt lat="37.25502960383892" lon="128.16927831619978">
        <ele>445.2</ele>
      </trkpt>
      <trkpt lat="37.25504879839718" lon="128.16929943859577">
        <ele>445.2</ele>
      </trkpt>
      <trkpt lat="37.255065981298685" lon="128.1693233270198">
        <ele>445.0</ele>
      </trkpt>
      <trkpt lat="37.255081068724394" lon="128.16934897564352">
        <ele>444.8</ele>
      </trkpt>
      <trkpt lat="37.255094815045595" lon="128.16937646828592">
        <ele>444.8</ele>
      </trkpt>
      <trkpt lat="37.25511007010937" lon="128.16940345801413">
        <ele>444.6</ele>
      </trkpt>
      <trkpt lat="37.25512666627765" lon="128.16943002864718">
        <ele>444.6</ele>
      </trkpt>
      <trkpt lat="37.25514301098883" lon="128.16945710219443">
        <ele>444.6</ele>
      </trkpt>
      <trkpt lat="37.25515910424292" lon="128.16948367282748">
        <ele>444.4</ele>
      </trkpt>
      <trkpt lat="37.25517419166863" lon="128.16950772888958">
        <ele>444.4</ele>
      </trkpt>
      <trkpt lat="37.25518701598048" lon="128.1695286836475">
        <ele>444.4</ele>
      </trkpt>
      <trkpt lat="37.25519808009267" lon="128.169548464939">
        <ele>444.4</ele>
      </trkpt>
      <trkpt lat="37.25520612671971" lon="128.16956372000277">
        <ele>444.6</ele>
      </trkpt>
      <trkpt lat="37.25521241314709" lon="128.16957629285753">
        <ele>444.8</ele>
      </trkpt>
      <trkpt lat="37.255217023193836" lon="128.16958819516003">
        <ele>445.0</ele>
      </trkpt>
      <trkpt lat="37.25522045977414" lon="128.16960169002414">
        <ele>445.2</ele>
      </trkpt>
      <trkpt lat="37.25522154942155" lon="128.1696161068976">
        <ele>445.2</ele>
      </trkpt>
      <trkpt lat="37.25522004067898" lon="128.16963111050427">
        <ele>445.2</ele>
      </trkpt>
      <trkpt lat="37.255216017365456" lon="128.1696470361203">
        <ele>444.8</ele>
      </trkpt>
      <trkpt lat="37.25520679727197" lon="128.1696586869657">
        <ele>444.4</ele>
      </trkpt>
      <trkpt lat="37.25519724190235" lon="128.16966086626053">
        <ele>443.8</ele>
      </trkpt>
      <trkpt lat="37.25518743507564" lon="128.16964779049158">
        <ele>443.0</ele>
      </trkpt>
      <trkpt lat="37.25517804734409" lon="128.16962465643883">
        <ele>442.4</ele>
      </trkpt>
      <trkpt lat="37.25516933016479" lon="128.1695968285203">
        <ele>441.8</ele>
      </trkpt>
      <trkpt lat="37.25515910424292" lon="128.16956631839275">
        <ele>441.2</ele>
      </trkpt>
      <trkpt lat="37.25514921359718" lon="128.16953907720745">
        <ele>440.8</ele>
      </trkpt>
      <trkpt lat="37.25513848476112" lon="128.1695154402405">
        <ele>440.4</ele>
      </trkpt>
      <trkpt lat="37.2551254928112" lon="128.16949381493032">
        <ele>440.2</ele>
      </trkpt>
      <trkpt lat="37.25511367432773" lon="128.1694762967527">
        <ele>440.0</ele>
      </trkpt>
      <trkpt lat="37.25510093383491" lon="128.1694609578699">
        <ele>439.8</ele>
      </trkpt>
      <trkpt lat="37.25508668459952" lon="128.1694475468248">
        <ele>439.8</ele>
      </trkpt>
      <trkpt lat="37.25507101044059" lon="128.16943941637874">
        <ele>439.6</ele>
      </trkpt>
      <trkpt lat="37.25505240261555" lon="128.16943648271263">
        <ele>439.4</ele>
      </trkpt>
      <trkpt lat="37.255035722628236" lon="128.16943832673132">
        <ele>439.2</ele>
      </trkpt>
      <trkpt lat="37.25502306595445" lon="128.1694472115487">
        <ele>438.8</ele>
      </trkpt>
      <trkpt lat="37.25501694716513" lon="128.16946330480278">
        <ele>438.4</ele>
      </trkpt>
      <trkpt lat="37.25501258857548" lon="128.16948576830328">
        <ele>438.0</ele>
      </trkpt>
      <trkpt lat="37.255009822547436" lon="128.16951108165085">
        <ele>437.8</ele>
      </trkpt>
      <trkpt lat="37.25500906817615" lon="128.16953538917005">
        <ele>437.6</ele>
      </trkpt>
      <trkpt lat="37.255010828375816" lon="128.1695622112602">
        <ele>437.2</ele>
      </trkpt>
      <trkpt lat="37.255012672394514" lon="128.16959255374968">
        <ele>436.8</ele>
      </trkpt>
      <trkpt lat="37.25501359440386" lon="128.16962532699108">
        <ele>436.4</ele>
      </trkpt>
      <trkpt lat="37.25501460023224" lon="128.16966245882213">
        <ele>435.8</ele>
      </trkpt>
      <trkpt lat="37.25501736626029" lon="128.16970244050026">
        <ele>435.0</ele>
      </trkpt>
      <trkpt lat="37.25502423942089" lon="128.1697416678071">
        <ele>434.4</ele>
      </trkpt>
      <trkpt lat="37.25503362715244" lon="128.1697739381343">
        <ele>434.0</ele>
      </trkpt>
      <trkpt lat="37.25504309870303" lon="128.16980176605284">
        <ele>433.8</ele>
      </trkpt>
      <trkpt lat="37.25505349226296" lon="128.16982531920075">
        <ele>433.8</ele>
      </trkpt>
      <trkpt lat="37.25506279617548" lon="128.1698420830071">
        <ele>434.2</ele>
      </trkpt>
      <trkpt lat="37.25507117807865" lon="128.16985574550927">
        <ele>434.8</ele>
      </trkpt>
      <trkpt lat="37.2550808172673" lon="128.1698698271066">
        <ele>435.2</ele>
      </trkpt>
      <trkpt lat="37.25509154610336" lon="128.1698856689036">
        <ele>435.4</ele>
      </trkpt>
      <trkpt lat="37.255101688206196" lon="128.16990243270993">
        <ele>435.8</ele>
      </trkpt>
      <trkpt lat="37.25511250086129" lon="128.1699200347066">
        <ele>436.0</ele>
      </trkpt>
      <trkpt lat="37.25512398406863" lon="128.1699383072555">
        <ele>436.0</ele>
      </trkpt>
      <trkpt lat="37.255135383456945" lon="128.16995607689023">
        <ele>436.2</ele>
      </trkpt>
      <trkpt lat="37.25514586083591" lon="128.1699720863253">
        <ele>436.2</ele>
      </trkpt>
      <trkpt lat="37.255157344043255" lon="128.16998658701777">
        <ele>436.4</ele>
      </trkpt>
      <trkpt lat="37.25517083890736" lon="128.17000024951994">
        <ele>436.4</ele>
      </trkpt>
      <trkpt lat="37.255188608542085" lon="128.17001349292696">
        <ele>436.4</ele>
      </trkpt>
      <trkpt lat="37.2552084736526" lon="128.17002346739173">
        <ele>436.4</ele>
      </trkpt>
      <trkpt lat="37.25522615946829" lon="128.17002941854298">
        <ele>436.4</ele>
      </trkpt>
      <trkpt lat="37.255243845283985" lon="128.17003101110458">
        <ele>436.4</ele>
      </trkpt>
      <trkpt lat="37.255265889689326" lon="128.1700260657817">
        <ele>436.4</ele>
      </trkpt>
      <trkpt lat="37.25528567098081" lon="128.17001340910792">
        <ele>436.4</ele>
      </trkpt>
      <trkpt lat="37.25530226714909" lon="128.16999865695834">
        <ele>436.4</ele>
      </trkpt>
      <trkpt lat="37.255320539698005" lon="128.16997963003814">
        <ele>436.2</ele>
      </trkpt>
      <trkpt lat="37.25533579476178" lon="128.16995909437537">
        <ele>436.2</ele>
      </trkpt>
      <trkpt lat="37.2553501278162" lon="128.1699374690652">
        <ele>435.8</ele>
      </trkpt>
      <trkpt lat="37.255364963784814" lon="128.16991257481277">
        <ele>435.6</ele>
      </trkpt>
      <trkpt lat="37.2553794644773" lon="128.16988642327487">
        <ele>435.2</ele>
      </trkpt>
      <trkpt lat="37.255393294617534" lon="128.1698616128415">
        <ele>434.8</ele>
      </trkpt>
      <trkpt lat="37.25540729239583" lon="128.169839149341">
        <ele>434.4</ele>
      </trkpt>
      <trkpt lat="37.25542187690735" lon="128.1698177754879">
        <ele>434.0</ele>
      </trkpt>
      <trkpt lat="37.25543914362788" lon="128.16979589872062">
        <ele>433.6</ele>
      </trkpt>
      <trkpt lat="37.255457332357764" lon="128.16977410577238">
        <ele>433.0</ele>
      </trkpt>
      <trkpt lat="37.25547560490668" lon="128.16975289955735">
        <ele>432.6</ele>
      </trkpt>
      <trkpt lat="37.25549555383623" lon="128.16973051987588">
        <ele>432.0</ele>
      </trkpt>
      <trkpt lat="37.255516508594155" lon="128.16970746964216">
        <ele>431.6</ele>
      </trkpt>
      <trkpt lat="37.25553721189499" lon="128.16968601197004">
        <ele>431.2</ele>
      </trkpt>
      <trkpt lat="37.25555925630033" lon="128.16966354846954">
        <ele>430.8</ele>
      </trkpt>
      <trkpt lat="37.25557870231569" lon="128.16964217461646">
        <ele>430.4</ele>
      </trkpt>
      <trkpt lat="37.25559781305492" lon="128.16961862146854">
        <ele>430.0</ele>
      </trkpt>
      <trkpt lat="37.255614157766104" lon="128.16959456540644">
        <ele>429.8</ele>
      </trkpt>
      <trkpt lat="37.255629329010844" lon="128.16956874914467">
        <ele>429.4</ele>
      </trkpt>
      <trkpt lat="37.25564181804657" lon="128.16954117268324">
        <ele>429.2</ele>
      </trkpt>
      <trkpt lat="37.25565296597779" lon="128.16951242275536">
        <ele>428.8</ele>
      </trkpt>
      <trkpt lat="37.25566143169999" lon="128.16948275081813">
        <ele>428.6</ele>
      </trkpt>
      <trkpt lat="37.255667047575116" lon="128.16945659928024">
        <ele>428.4</ele>
      </trkpt>
      <trkpt lat="37.25567006506026" lon="128.1694311182946">
        <ele>428.2</ele>
      </trkpt>
      <trkpt lat="37.25567207671702" lon="128.16941066645086">
        <ele>428.2</ele>
      </trkpt>
      <trkpt lat="37.25567417219281" lon="128.16939365118742">
        <ele>428.2</ele>
      </trkpt>
      <trkpt lat="37.25567735731602" lon="128.16937889903784">
        <ele>428.4</ele>
      </trkpt>
      <trkpt lat="37.25568003952503" lon="128.1693637277931">
        <ele>428.6</ele>
      </trkpt>
      <trkpt lat="37.25568221881986" lon="128.16934897564352">
        <ele>428.6</ele>
      </trkpt>
      <trkpt lat="37.25568372756243" lon="128.1693359836936">
        <ele>429.0</ele>
      </trkpt>
      <trkpt lat="37.25568473339081" lon="128.16932081244886">
        <ele>429.2</ele>
      </trkpt>
      <trkpt lat="37.25568540394306" lon="128.16930538974702">
        <ele>429.2</ele>
      </trkpt>
      <trkpt lat="37.25568615831435" lon="128.16928904503584">
        <ele>429.4</ele>
      </trkpt>
      <trkpt lat="37.255686577409506" lon="128.16927487961948">
        <ele>429.8</ele>
      </trkpt>
      <trkpt lat="37.25568716414273" lon="128.16925970837474">
        <ele>430.0</ele>
      </trkpt>
      <trkpt lat="37.255687499418855" lon="128.16924487240613">
        <ele>430.0</ele>
      </trkpt>
      <trkpt lat="37.255688924342394" lon="128.16923087462783">
        <ele>430.2</ele>
      </trkpt>
      <trkpt lat="37.255691355094314" lon="128.169218134135">
        <ele>430.4</ele>
      </trkpt>
      <trkpt lat="37.255694288760424" lon="128.16920690238476">
        <ele>430.6</ele>
      </trkpt>
      <trkpt lat="37.25569789297879" lon="128.1691945809871">
        <ele>430.8</ele>
      </trkpt>
      <trkpt lat="37.25570283830166" lon="128.1691821757704">
        <ele>431.0</ele>
      </trkpt>
      <trkpt lat="37.255707113072276" lon="128.16916809417307">
        <ele>431.2</ele>
      </trkpt>
      <trkpt lat="37.255711890757084" lon="128.1691567786038">
        <ele>431.4</ele>
      </trkpt>
      <trkpt lat="37.255715914070606" lon="128.16914923489094">
        <ele>431.6</ele>
      </trkpt>
      <trkpt lat="37.255720775574446" lon="128.16914211027324">
        <ele>431.8</ele>
      </trkpt>
      <trkpt lat="37.25572630763054" lon="128.16913163289428">
        <ele>432.0</ele>
      </trkpt>
      <trkpt lat="37.255731420591474" lon="128.1691211555153">
        <ele>432.2</ele>
      </trkpt>
      <trkpt lat="37.25573762319982" lon="128.1691116001457">
        <ele>432.4</ele>
      </trkpt>
      <trkpt lat="37.255743658170104" lon="128.16910271532834">
        <ele>432.6</ele>
      </trkpt>
      <trkpt lat="37.255749609321356" lon="128.16909676417708">
        <ele>432.8</ele>
      </trkpt>
      <trkpt lat="37.255756901577115" lon="128.16909198649228">
        <ele>433.0</ele>
      </trkpt>
      <trkpt lat="37.25576603785157" lon="128.16908653825521">
        <ele>433.4</ele>
      </trkpt>
      <trkpt lat="37.255775006487966" lon="128.1690804194659">
        <ele>433.6</ele>
      </trkpt>
      <trkpt lat="37.25578489713371" lon="128.16907371394336">
        <ele>433.8</ele>
      </trkpt>
      <trkpt lat="37.25579428486526" lon="128.16906399093568">
        <ele>434.0</ele>
      </trkpt>
      <trkpt lat="37.255803756415844" lon="128.1690547708422">
        <ele>434.4</ele>
      </trkpt>
      <trkpt lat="37.25581414997578" lon="128.16904496401548">
        <ele>434.6</ele>
      </trkpt>
      <trkpt lat="37.25582370534539" lon="128.16903482191265">
        <ele>435.0</ele>
      </trkpt>
      <trkpt lat="37.255833093076944" lon="128.16902342252433">
        <ele>435.2</ele>
      </trkpt>
      <trkpt lat="37.25584164261818" lon="128.16900967620313">
        <ele>435.4</ele>
      </trkpt>
      <trkpt lat="37.25584868341684" lon="128.16899567842484">
        <ele>435.6</ele>
      </trkpt>
      <trkpt lat="37.255855137482285" lon="128.16898117773235">
        <ele>435.8</ele>
      </trkpt>
      <trkpt lat="37.255862010642886" lon="128.1689667608589">
        <ele>436.0</ele>
      </trkpt>
      <trkpt lat="37.25586955435574" lon="128.1689522601664">
        <ele>436.2</ele>
      </trkpt>
      <trkpt lat="37.255875589326024" lon="128.1689419504255">
        <ele>436.4</ele>
      </trkpt>
      <trkpt lat="37.255882546305656" lon="128.16893247887492">
        <ele>436.4</ele>
      </trkpt>
      <trkpt lat="37.255888748914" lon="128.16892074421048">
        <ele>436.6</ele>
      </trkpt>
      <trkpt lat="37.2558977175504" lon="128.16890875808895">
        <ele>436.6</ele>
      </trkpt>
      <trkpt lat="37.255905931815505" lon="128.1688967719674">
        <ele>436.8</ele>
      </trkpt>
      <trkpt lat="37.255912218242884" lon="128.16888453438878">
        <ele>436.8</ele>
      </trkpt>
      <trkpt lat="37.25591825321317" lon="128.16887305118144">
        <ele>436.8</ele>
      </trkpt>
      <trkpt lat="37.255925042554736" lon="128.16886165179312">
        <ele>436.8</ele>
      </trkpt>
      <trkpt lat="37.255931328982115" lon="128.1688502524048">
        <ele>436.8</ele>
      </trkpt>
      <trkpt lat="37.25593904033303" lon="128.16884061321616">
        <ele>436.6</ele>
      </trkpt>
      <trkpt lat="37.255948008969426" lon="128.16883206367493">
        <ele>436.4</ele>
      </trkpt>
      <trkpt lat="37.255957229062915" lon="128.1688232626766">
        <ele>436.2</ele>
      </trkpt>
      <trkpt lat="37.255967454984784" lon="128.16881513223052">
        <ele>435.8</ele>
      </trkpt>
      <trkpt lat="37.25597617216408" lon="128.1688055768609">
        <ele>435.6</ele>
      </trkpt>
      <trkpt lat="37.255984051153064" lon="128.16879493184388">
        <ele>435.4</ele>
      </trkpt>
      <trkpt lat="37.255992433056235" lon="128.16878328099847">
        <ele>435.2</ele>
      </trkpt>
      <trkpt lat="37.256002239882946" lon="128.16876995377243">
        <ele>435.0</ele>
      </trkpt>
      <trkpt lat="37.2560113761574" lon="128.1687577161938">
        <ele>434.8</ele>
      </trkpt>
      <trkpt lat="37.25602394901216" lon="128.16874648444355">
        <ele>434.6</ele>
      </trkpt>
      <trkpt lat="37.256036438047886" lon="128.16873592324555">
        <ele>434.4</ele>
      </trkpt>
      <trkpt lat="37.256048591807485" lon="128.1687257811427">
        <ele>434.4</ele>
      </trkpt>
      <trkpt lat="37.25606074556708" lon="128.16871521994472">
        <ele>434.2</ele>
      </trkpt>
      <trkpt lat="37.25607382133603" lon="128.1687040720135">
        <ele>434.0</ele>
      </trkpt>
      <trkpt lat="37.25608689710498" lon="128.16869418136775">
        <ele>433.8</ele>
      </trkpt>
      <trkpt lat="37.25610005669296" lon="128.16868437454104">
        <ele>433.6</ele>
      </trkpt>
      <trkpt lat="37.25611195899546" lon="128.16867322660983">
        <ele>433.4</ele>
      </trkpt>
      <trkpt lat="37.256124867126346" lon="128.16866191104054">
        <ele>433.2</ele>
      </trkpt>
      <trkpt lat="37.256137020885944" lon="128.16864757798612">
        <ele>433.0</ele>
      </trkpt>
      <trkpt lat="37.25614892318845" lon="128.16863173618913">
        <ele>433.0</ele>
      </trkpt>
      <trkpt lat="37.25616082549095" lon="128.1686165649444">
        <ele>432.8</ele>
      </trkpt>
      <trkpt lat="37.256172224879265" lon="128.16859988495708">
        <ele>432.6</ele>
      </trkpt>
      <trkpt lat="37.25618521682918" lon="128.16858085803688">
        <ele>432.4</ele>
      </trkpt>
      <trkpt lat="37.25619737058878" lon="128.1685594841838">
        <ele>432.0</ele>
      </trkpt>
      <trkpt lat="37.25620994344354" lon="128.16853475756943">
        <ele>431.6</ele>
      </trkpt>
      <trkpt lat="37.25622234866023" lon="128.1685069296509">
        <ele>431.4</ele>
      </trkpt>
      <trkpt lat="37.25623358041048" lon="128.16847457550466">
        <ele>431.0</ele>
      </trkpt>
      <trkpt lat="37.256243135780096" lon="128.16844071261585">
        <ele>430.4</ele>
      </trkpt>
      <trkpt lat="37.25624883547425" lon="128.168404083699">
        <ele>429.8</ele>
      </trkpt>
      <trkpt lat="37.256251936778426" lon="128.1683647725731">
        <ele>429.2</ele>
      </trkpt>
      <trkpt lat="37.256253361701965" lon="128.16832160577178">
        <ele>428.6</ele>
      </trkpt>
      <trkpt lat="37.25625218823552" lon="128.1682793609798">
        <ele>427.8</ele>
      </trkpt>
      <trkpt lat="37.25624958984554" lon="128.1682381220162">
        <ele>427.2</ele>
      </trkpt>
      <trkpt lat="37.25624464452267" lon="128.16820157691836">
        <ele>427.0</ele>
      </trkpt>
      <trkpt lat="37.25624137558043" lon="128.16816595382988">
        <ele>426.6</ele>
      </trkpt>
      <trkpt lat="37.25623902864754" lon="128.1681321747601">
        <ele>426.6</ele>
      </trkpt>
      <trkpt lat="37.25623710080981" lon="128.16810384392738">
        <ele>426.8</ele>
      </trkpt>
      <trkpt lat="37.25623643025756" lon="128.16808230243623">
        <ele>426.8</ele>
      </trkpt>
      <trkpt lat="37.256237268447876" lon="128.16806486807764">
        <ele>427.0</ele>
      </trkpt>
      <trkpt lat="37.25623877719045" lon="128.16804726608098">
        <ele>427.2</ele>
      </trkpt>
      <trkpt lat="37.25624003447592" lon="128.16803075373173">
        <ele>427.4</ele>
      </trkpt>
      <trkpt lat="37.25624271668494" lon="128.16801382228732">
        <ele>427.6</ele>
      </trkpt>
      <trkpt lat="37.25624665617943" lon="128.16799823194742">
        <ele>427.8</ele>
      </trkpt>
      <trkpt lat="37.256251350045204" lon="128.16798163577914">
        <ele>428.0</ele>
      </trkpt>
      <trkpt lat="37.25625696592033" lon="128.1679669674486">
        <ele>428.4</ele>
      </trkpt>
      <trkpt lat="37.256263084709644" lon="128.16795171238482">
        <ele>428.8</ele>
      </trkpt>
      <trkpt lat="37.256270376965404" lon="128.16793679259717">
        <ele>429.0</ele>
      </trkpt>
      <trkpt lat="37.25627817213535" lon="128.16792589612305">
        <ele>429.4</ele>
      </trkpt>
      <trkpt lat="37.256286134943366" lon="128.16791499964893">
        <ele>429.6</ele>
      </trkpt>
      <trkpt lat="37.25629367865622" lon="128.16790468990803">
        <ele>430.0</ele>
      </trkpt>
      <trkpt lat="37.25630197674036" lon="128.16789329051971">
        <ele>430.4</ele>
      </trkpt>
      <trkpt lat="37.25630926899612" lon="128.16787853837013">
        <ele>430.6</ele>
      </trkpt>
      <trkpt lat="37.25631463341415" lon="128.16786345094442">
        <ele>431.0</ele>
      </trkpt>
      <trkpt lat="37.256318321451545" lon="128.1678514648229">
        <ele>431.4</ele>
      </trkpt>
      <trkpt lat="37.25632159039378" lon="128.1678372155875">
        <ele>431.8</ele>
      </trkpt>
      <trkpt lat="37.25632502697408" lon="128.1678218767047">
        <ele>432.2</ele>
      </trkpt>
      <trkpt lat="37.256328044459224" lon="128.16780452616513">
        <ele>432.4</ele>
      </trkpt>
      <trkpt lat="37.25632921792567" lon="128.1677851639688">
        <ele>432.8</ele>
      </trkpt>
      <trkpt lat="37.25632997229695" lon="128.1677663885057">
        <ele>433.0</ele>
      </trkpt>
      <trkpt lat="37.256329637020826" lon="128.16774568520486">
        <ele>433.2</ele>
      </trkpt>
      <trkpt lat="37.25632879883051" lon="128.16772506572306">
        <ele>433.4</ele>
      </trkpt>
      <trkpt lat="37.25632720626891" lon="128.16770302131772">
        <ele>433.4</ele>
      </trkpt>
      <trkpt lat="37.25632309913635" lon="128.1676804739982">
        <ele>433.4</ele>
      </trkpt>
      <trkpt lat="37.25631756708026" lon="128.167658848688">
        <ele>433.4</ele>
      </trkpt>
      <trkpt lat="37.25631077773869" lon="128.16763931885362">
        <ele>433.4</ele>
      </trkpt>
      <trkpt lat="37.25630147382617" lon="128.16761903464794">
        <ele>433.4</ele>
      </trkpt>
      <trkpt lat="37.25629225373268" lon="128.16760059446096">
        <ele>433.4</ele>
      </trkpt>
      <trkpt lat="37.25628454238176" lon="128.1675837468356">
        <ele>433.4</ele>
      </trkpt>
      <trkpt lat="37.25627649575472" lon="128.1675676535815">
        <ele>433.4</ele>
      </trkpt>
      <trkpt lat="37.256267527118325" lon="128.1675497163087">
        <ele>433.4</ele>
      </trkpt>
      <trkpt lat="37.25625788792968" lon="128.16753228195012">
        <ele>433.2</ele>
      </trkpt>
      <trkpt lat="37.25624958984554" lon="128.16751652397215">
        <ele>433.2</ele>
      </trkpt>
      <trkpt lat="37.25624221377075" lon="128.1675010174513">
        <ele>433.2</ele>
      </trkpt>
      <trkpt lat="37.256236178800464" lon="128.16748777404428">
        <ele>433.0</ele>
      </trkpt>
      <trkpt lat="37.25623148493469" lon="128.16747603937984">
        <ele>433.0</ele>
      </trkpt>
      <trkpt lat="37.25622771307826" lon="128.16746556200087">
        <ele>433.0</ele>
      </trkpt>
      <trkpt lat="37.256225030869246" lon="128.16745567135513">
        <ele>433.0</ele>
      </trkpt>
      <trkpt lat="37.25622469559312" lon="128.16744703799486">
        <ele>433.2</ele>
      </trkpt>
      <trkpt lat="37.256224527955055" lon="128.16743848845363">
        <ele>433.4</ele>
      </trkpt>
      <trkpt lat="37.25622444413602" lon="128.16742985509336">
        <ele>433.8</ele>
      </trkpt>
      <trkpt lat="37.2562257014215" lon="128.16742029972374">
        <ele>434.0</ele>
      </trkpt>
      <trkpt lat="37.256227461621165" lon="128.1674093194306">
        <ele>434.4</ele>
      </trkpt>
      <trkpt lat="37.256230814382434" lon="128.1673961598426">
        <ele>434.6</ele>
      </trkpt>
      <trkpt lat="37.256236262619495" lon="128.16738274879754">
        <ele>435.0</ele>
      </trkpt>
      <trkpt lat="37.25624280050397" lon="128.16736875101924">
        <ele>435.2</ele>
      </trkpt>
      <trkpt lat="37.25625126622617" lon="128.16735533997416">
        <ele>435.4</ele>
      </trkpt>
      <trkpt lat="37.256260151043534" lon="128.1673432700336">
        <ele>435.6</ele>
      </trkpt>
      <trkpt lat="37.25626987405121" lon="128.16733304411173">
        <ele>435.8</ele>
      </trkpt>
      <trkpt lat="37.25627867504954" lon="128.16732122562826">
        <ele>435.8</ele>
      </trkpt>
      <trkpt lat="37.25628722459078" lon="128.1673107482493">
        <ele>436.0</ele>
      </trkpt>
      <trkpt lat="37.256296863779426" lon="128.1673010252416">
        <ele>436.0</ele>
      </trkpt>
      <trkpt lat="37.256307592615485" lon="128.1672912184149">
        <ele>436.0</ele>
      </trkpt>
      <trkpt lat="37.25631656125188" lon="128.16728317178786">
        <ele>436.0</ele>
      </trkpt>
      <trkpt lat="37.256324691697955" lon="128.16727554425597">
        <ele>436.2</ele>
      </trkpt>
      <trkpt lat="37.25633181631565" lon="128.1672669108957">
        <ele>436.2</ele>
      </trkpt>
      <trkpt lat="37.25633919239044" lon="128.16725836135447">
        <ele>436.2</ele>
      </trkpt>
      <trkpt lat="37.25634631700814" lon="128.16725190728903">
        <ele>436.2</ele>
      </trkpt>
      <trkpt lat="37.256355537101626" lon="128.16724587231874">
        <ele>436.4</ele>
      </trkpt>
      <trkpt lat="37.25636467337608" lon="128.16723858006299">
        <ele>436.4</ele>
      </trkpt>
      <trkpt lat="37.25637590512633" lon="128.1672298628837">
        <ele>436.4</ele>
      </trkpt>
      <trkpt lat="37.256389651447535" lon="128.167220139876">
        <ele>436.4</ele>
      </trkpt>
      <trkpt lat="37.25640113465488" lon="128.1672114226967">
        <ele>436.4</ele>
      </trkpt>
      <trkpt lat="37.256414629518986" lon="128.1672045495361">
        <ele>436.6</ele>
      </trkpt>
      <trkpt lat="37.25642410106957" lon="128.16720010712743">
        <ele>436.6</ele>
      </trkpt>
      <trkpt lat="37.25643441081047" lon="128.167196335271">
        <ele>436.8</ele>
      </trkpt>
      <trkpt lat="37.25644622929394" lon="128.16719273105264">
        <ele>437.0</ele>
      </trkpt>
      <trkpt lat="37.256458634510636" lon="128.1671897135675">
        <ele>437.2</ele>
      </trkpt>
      <trkpt lat="37.256471710279584" lon="128.1671871151775">
        <ele>437.4</ele>
      </trkpt>
      <trkpt lat="37.25648579187691" lon="128.16718376241624">
        <ele>437.8</ele>
      </trkpt>
      <trkpt lat="37.25649987347424" lon="128.167180493474">
        <ele>438.2</ele>
      </trkpt>
      <trkpt lat="37.25651504471898" lon="128.16717647016048">
        <ele>438.4</ele>
      </trkpt>
      <trkpt lat="37.25653004832566" lon="128.16717186011374">
        <ele>438.8</ele>
      </trkpt>
      <trkpt lat="37.25654538720846" lon="128.16716691479087">
        <ele>439.0</ele>
      </trkpt>
      <trkpt lat="37.256560726091266" lon="128.16716188564897">
        <ele>439.4</ele>
      </trkpt>
      <trkpt lat="37.25657505914569" lon="128.16715652123094">
        <ele>439.6</ele>
      </trkpt>
      <trkpt lat="37.25659023039043" lon="128.1671503186226">
        <ele>439.6</ele>
      </trkpt>
      <trkpt lat="37.25660540163517" lon="128.16714227199554">
        <ele>440.0</ele>
      </trkpt>
      <trkpt lat="37.25662157870829" lon="128.16713296808302">
        <ele>440.2</ele>
      </trkpt>
      <trkpt lat="37.25663683377206" lon="128.16712140105665">
        <ele>440.2</ele>
      </trkpt>
      <trkpt lat="37.256652507930994" lon="128.16710405051708">
        <ele>440.4</ele>
      </trkpt>
      <trkpt lat="37.25666658952832" lon="128.1670845206827">
        <ele>440.2</ele>
      </trkpt>
      <trkpt lat="37.25668100640178" lon="128.16706264391541">
        <ele>440.2</ele>
      </trkpt>
      <trkpt lat="37.25669617764652" lon="128.16703649237752">
        <ele>440.2</ele>
      </trkpt>
      <trkpt lat="37.25671009160578" lon="128.16701193340123">
        <ele>440.2</ele>
      </trkpt>
      <trkpt lat="37.256725430488586" lon="128.16698309965432">
        <ele>440.2</ele>
      </trkpt>
      <trkpt lat="37.25673892535269" lon="128.16695359535515">
        <ele>440.2</ele>
      </trkpt>
      <trkpt lat="37.2567505761981" lon="128.1669196486473">
        <ele>440.2</ele>
      </trkpt>
      <trkpt lat="37.25675971247256" lon="128.16688377410173">
        <ele>440.2</ele>
      </trkpt>
      <trkpt lat="37.25676666945219" lon="128.166847480461">
        <ele>440.0</ele>
      </trkpt>
      <trkpt lat="37.25677060894668" lon="128.16681135445833">
        <ele>440.0</ele>
      </trkpt>
      <trkpt lat="37.256774716079235" lon="128.16677514463663">
        <ele>440.0</ele>
      </trkpt>
      <trkpt lat="37.25678066723049" lon="128.16673977300525">
        <ele>439.8</ele>
      </trkpt>
      <trkpt lat="37.256792234256864" lon="128.16670775413513">
        <ele>439.4</ele>
      </trkpt>
      <trkpt lat="37.256806986406446" lon="128.166678333655">
        <ele>439.0</ele>
      </trkpt>
      <trkpt lat="37.2568229958415" lon="128.16665670834482">
        <ele>438.8</ele>
      </trkpt>
      <trkpt lat="37.256841184571385" lon="128.1666370946914">
        <ele>438.6</ele>
      </trkpt>
      <trkpt lat="37.25685912184417" lon="128.16661706194282">
        <ele>438.6</ele>
      </trkpt>
      <trkpt lat="37.256877813488245" lon="128.16659811884165">
        <ele>438.6</ele>
      </trkpt>
      <trkpt lat="37.25689600221813" lon="128.16657749935985">
        <ele>438.8</ele>
      </trkpt>
      <trkpt lat="37.256913017481565" lon="128.16655771806836">
        <ele>439.0</ele>
      </trkpt>
      <trkpt lat="37.25692877545953" lon="128.1665364280343">
        <ele>439.0</ele>
      </trkpt>
      <trkpt lat="37.256939923390746" lon="128.16651228815317">
        <ele>439.0</ele>
      </trkpt>
      <trkpt lat="37.256946712732315" lon="128.16648202948272">
        <ele>439.0</ele>
      </trkpt>
      <trkpt lat="37.25694847293198" lon="128.166451016441">
        <ele>438.8</ele>
      </trkpt>
      <trkpt lat="37.25694646127522" lon="128.16641866229475">
        <ele>438.8</ele>
      </trkpt>
      <trkpt lat="37.25694159977138" lon="128.16638454794884">
        <ele>438.6</ele>
      </trkpt>
      <trkpt lat="37.25693430751562" lon="128.16635185852647">
        <ele>438.4</ele>
      </trkpt>
      <trkpt lat="37.25692743435502" lon="128.16631858237088">
        <ele>438.4</ele>
      </trkpt>
      <trkpt lat="37.256921818479896" lon="128.16628865897655">
        <ele>438.2</ele>
      </trkpt>
      <trkpt lat="37.25692064501345" lon="128.16625873558223">
        <ele>438.0</ele>
      </trkpt>
      <trkpt lat="37.25692357867956" lon="128.1662300694734">
        <ele>437.8</ele>
      </trkpt>
      <trkpt lat="37.25693078711629" lon="128.16620442084968">
        <ele>437.4</ele>
      </trkpt>
      <trkpt lat="37.25694017484784" lon="128.16617977805436">
        <ele>437.0</ele>
      </trkpt>
      <trkpt lat="37.25695283152163" lon="128.1661563925445">
        <ele>436.6</ele>
      </trkpt>
      <trkpt lat="37.25696892477572" lon="128.16613703034818">
        <ele>436.2</ele>
      </trkpt>
      <trkpt lat="37.25698853842914" lon="128.1661225296557">
        <ele>435.8</ele>
      </trkpt>
      <trkpt lat="37.25701007992029" lon="128.1661112140864">
        <ele>435.4</ele>
      </trkpt>
      <trkpt lat="37.25702910684049" lon="128.16610392183065">
        <ele>435.0</ele>
      </trkpt>
      <trkpt lat="37.25705190561712" lon="128.16609755158424">
        <ele>434.8</ele>
      </trkpt>
      <trkpt lat="37.25707068108022" lon="128.1660934444517">
        <ele>434.4</ele>
      </trkpt>
      <trkpt lat="37.25708618760109" lon="128.16609235480428">
        <ele>434.2</ele>
      </trkpt>
      <trkpt lat="37.25710345432162" lon="128.16609520465136">
        <ele>434.0</ele>
      </trkpt>
      <trkpt lat="37.25712239742279" lon="128.16609889268875">
        <ele>433.8</ele>
      </trkpt>
      <trkpt lat="37.25714586675167" lon="128.16609973087907">
        <ele>433.6</ele>
      </trkpt>
      <trkpt lat="37.257170006632805" lon="128.16609855741262">
        <ele>433.4</ele>
      </trkpt>
      <trkpt lat="37.257192553952336" lon="128.16609327681363">
        <ele>433.2</ele>
      </trkpt>
      <trkpt lat="37.257215436547995" lon="128.166075758636">
        <ele>433.0</ele>
      </trkpt>
      <trkpt lat="37.257232032716274" lon="128.1660482659936">
        <ele>432.6</ele>
      </trkpt>
      <trkpt lat="37.257245695218444" lon="128.16601825878024">
        <ele>432.2</ele>
      </trkpt>
      <trkpt lat="37.25725877098739" lon="128.16598741337657">
        <ele>431.8</ele>
      </trkpt>
      <trkpt lat="37.257269667461514" lon="128.16596075892448">
        <ele>431.4</ele>
      </trkpt>
      <trkpt lat="37.257277462631464" lon="128.1659386307001">
        <ele>431.2</ele>
      </trkpt>
      <trkpt lat="37.25728374905884" lon="128.16591834649444">
        <ele>431.0</ele>
      </trkpt>
      <trkpt lat="37.257290706038475" lon="128.16589873284101">
        <ele>430.8</ele>
      </trkpt>
      <trkpt lat="37.257299507036805" lon="128.16588113084435">
        <ele>430.8</ele>
      </trkpt>
      <trkpt lat="37.25730696693063" lon="128.16586419939995">
        <ele>430.8</ele>
      </trkpt>
      <trkpt lat="37.257314091548324" lon="128.1658487766981">
        <ele>430.8</ele>
      </trkpt>
      <trkpt lat="37.257321467623115" lon="128.16583192907274">
        <ele>430.8</ele>
      </trkpt>
      <trkpt lat="37.25732850842178" lon="128.16581550054252">
        <ele>430.8</ele>
      </trkpt>
      <trkpt lat="37.257334711030126" lon="128.16580208949745">
        <ele>431.0</ele>
      </trkpt>
      <trkpt lat="37.25734191946685" lon="128.165790354833">
        <ele>431.0</ele>
      </trkpt>
      <trkpt lat="37.25734854117036" lon="128.1657792069018">
        <ele>431.0</ele>
      </trkpt>
      <trkpt lat="37.25735558196902" lon="128.16576747223735">
        <ele>431.2</ele>
      </trkpt>
      <trkpt lat="37.25736279040575" lon="128.16575364209712">
        <ele>431.4</ele>
      </trkpt>
      <trkpt lat="37.25736999884248" lon="128.16574081778526">
        <ele>431.4</ele>
      </trkpt>
      <trkpt lat="37.25737737491727" lon="128.16572673618793">
        <ele>431.4</ele>
      </trkpt>
      <trkpt lat="37.25738491863012" lon="128.16571533679962">
        <ele>431.4</ele>
      </trkpt>
      <trkpt lat="37.2573930490762" lon="128.16570117138326">
        <ele>431.4</ele>
      </trkpt>
      <trkpt lat="37.25740076042712" lon="128.16568784415722">
        <ele>431.2</ele>
      </trkpt>
      <trkpt lat="37.25740964524448" lon="128.16567527130246">
        <ele>431.4</ele>
      </trkpt>
      <trkpt lat="37.25741987116635" lon="128.16566328518093">
        <ele>431.4</ele>
      </trkpt>
      <trkpt lat="37.25742917507887" lon="128.16565347835422">
        <ele>431.4</ele>
      </trkpt>
      <trkpt lat="37.25744090974331" lon="128.1656418275088">
        <ele>431.2</ele>
      </trkpt>
      <trkpt lat="37.257452392950654" lon="128.16562933847308">
        <ele>431.2</ele>
      </trkpt>
      <trkpt lat="37.25746504962444" lon="128.1656143348664">
        <ele>431.2</ele>
      </trkpt>
      <trkpt lat="37.25747720338404" lon="128.1655992474407">
        <ele>431.0</ele>
      </trkpt>
      <trkpt lat="37.257490614429116" lon="128.1655839085579">
        <ele>430.8</ele>
      </trkpt>
      <trkpt lat="37.25750452838838" lon="128.16556722857058">
        <ele>430.6</ele>
      </trkpt>
      <trkpt lat="37.25751919671893" lon="128.16554317250848">
        <ele>430.4</ele>
      </trkpt>
      <trkpt lat="37.25753294304013" lon="128.16551459021866">
        <ele>430.0</ele>
      </trkpt>
      <trkpt lat="37.25754593499005" lon="128.16548340953887">
        <ele>429.8</ele>
      </trkpt>
      <trkpt lat="37.25755725055933" lon="128.165454659611">
        <ele>429.4</ele>
      </trkpt>
      <trkpt lat="37.25756789557636" lon="128.1654234789312">
        <ele>428.8</ele>
      </trkpt>
      <trkpt lat="37.257577953860164" lon="128.16539397463202">
        <ele>428.4</ele>
      </trkpt>
      <trkpt lat="37.25758717395365" lon="128.16536078229547">
        <ele>427.8</ele>
      </trkpt>
      <trkpt lat="37.25759421475232" lon="128.16532842814922">
        <ele>427.4</ele>
      </trkpt>
      <trkpt lat="37.25760033354163" lon="128.16529464907944">
        <ele>427.0</ele>
      </trkpt>
      <trkpt lat="37.257606368511915" lon="128.16526128910482">
        <ele>426.4</ele>
      </trkpt>
      <trkpt lat="37.257612654939294" lon="128.16522910259664">
        <ele>426.0</ele>
      </trkpt>
      <trkpt lat="37.25761885754764" lon="128.1651978380978">
        <ele>425.4</ele>
      </trkpt>
      <trkpt lat="37.25762673653662" lon="128.16516959108412">
        <ele>425.0</ele>
      </trkpt>
      <trkpt lat="37.2576364595443" lon="128.16514218226075">
        <ele>424.4</ele>
      </trkpt>
      <trkpt lat="37.25764802657068" lon="128.1651151087135">
        <ele>424.0</ele>
      </trkpt>
      <trkpt lat="37.2576642036438" lon="128.16508686169982">
        <ele>423.6</ele>
      </trkpt>
      <trkpt lat="37.257684068754315" lon="128.16506297327578">
        <ele>422.8</ele>
      </trkpt>
      <trkpt lat="37.25770594552159" lon="128.165039755404">
        <ele>422.2</ele>
      </trkpt>
      <trkpt lat="37.25773067213595" lon="128.16501050256193">
        <ele>421.4</ele>
      </trkpt>
      <trkpt lat="37.257754392921925" lon="128.16497881896794">
        <ele>420.4</ele>
      </trkpt>
      <trkpt lat="37.2577765211463" lon="128.16494453698397">
        <ele>419.6</ele>
      </trkpt>
      <trkpt lat="37.25779772736132" lon="128.1649054773152">
        <ele>419.0</ele>
      </trkpt>
      <trkpt lat="37.25781574845314" lon="128.16486448980868">
        <ele>418.4</ele>
      </trkpt>
      <trkpt lat="37.2578299138695" lon="128.16482475958765">
        <ele>418.0</ele>
      </trkpt>
      <trkpt lat="37.257842402905226" lon="128.16478536464274">
        <ele>417.6</ele>
      </trkpt>
      <trkpt lat="37.25785338319838" lon="128.16474865190685">
        <ele>417.6</ele>
      </trkpt>
      <trkpt lat="37.257863860577345" lon="128.16471110098064">
        <ele>417.4</ele>
      </trkpt>
      <trkpt lat="37.257872661575675" lon="128.16467447206378">
        <ele>417.4</ele>
      </trkpt>
      <trkpt lat="37.257879450917244" lon="128.16463968716562">
        <ele>417.6</ele>
      </trkpt>
      <trkpt lat="37.257886743173" lon="128.16460599191487">
        <ele>417.6</ele>
      </trkpt>
      <trkpt lat="37.25789294578135" lon="128.16457229666412">
        <ele>417.6</ele>
      </trkpt>
      <trkpt lat="37.25789831019938" lon="128.16453826613724">
        <ele>417.8</ele>
      </trkpt>
      <trkpt lat="37.25790308788419" lon="128.16450607962906">
        <ele>417.8</ele>
      </trkpt>
      <trkpt lat="37.25790702737868" lon="128.16447489894927">
        <ele>418.0</ele>
      </trkpt>
      <trkpt lat="37.25791088305414" lon="128.16444522701204">
        <ele>418.0</ele>
      </trkpt>
      <trkpt lat="37.25791390053928" lon="128.16441404633224">
        <ele>418.4</ele>
      </trkpt>
      <trkpt lat="37.25791440345347" lon="128.16438420675695">
        <ele>418.6</ele>
      </trkpt>
      <trkpt lat="37.257914654910564" lon="128.16435302607715">
        <ele>419.0</ele>
      </trkpt>
      <trkpt lat="37.25791457109153" lon="128.1643222644925">
        <ele>419.2</ele>
      </trkpt>
      <trkpt lat="37.25791339762509" lon="128.1642920896411">
        <ele>419.4</ele>
      </trkpt>
      <trkpt lat="37.25791138596833" lon="128.16426157951355">
        <ele>419.8</ele>
      </trkpt>
      <trkpt lat="37.2579094581306" lon="128.1642347574234">
        <ele>420.0</ele>
      </trkpt>
      <trkpt lat="37.25790744647384" lon="128.1642086058855">
        <ele>420.2</ele>
      </trkpt>
      <trkpt lat="37.25790610536933" lon="128.16418220289052">
        <ele>420.6</ele>
      </trkpt>
      <trkpt lat="37.257906440645456" lon="128.16415957175195">
        <ele>420.8</ele>
      </trkpt>
      <trkpt lat="37.257905853912234" lon="128.164138533175">
        <ele>421.2</ele>
      </trkpt>
      <trkpt lat="37.25790526717901" lon="128.1641176622361">
        <ele>421.4</ele>
      </trkpt>
      <trkpt lat="37.25790426135063" lon="128.16409561783075">
        <ele>421.6</ele>
      </trkpt>
      <trkpt lat="37.25790367461741" lon="128.1640759203583">
        <ele>421.8</ele>
      </trkpt>
      <trkpt lat="37.2579041775316" lon="128.16405563615263">
        <ele>422.0</ele>
      </trkpt>
      <trkpt lat="37.25790501572192" lon="128.16403619013727">
        <ele>422.4</ele>
      </trkpt>
      <trkpt lat="37.25790610536933" lon="128.16401842050254">
        <ele>422.6</ele>
      </trkpt>
      <trkpt lat="37.25790845230222" lon="128.164001153782">
        <ele>422.8</ele>
      </trkpt>
      <trkpt lat="37.25791205652058" lon="128.1639844737947">
        <ele>423.2</ele>
      </trkpt>
      <trkpt lat="37.257915157824755" lon="128.16396980546415">
        <ele>423.4</ele>
      </trkpt>
      <trkpt lat="37.25791926495731" lon="128.16395664587617">
        <ele>423.6</ele>
      </trkpt>
      <trkpt lat="37.257923539727926" lon="128.16394625231624">
        <ele>423.8</ele>
      </trkpt>
      <trkpt lat="37.2579282335937" lon="128.16393644548953">
        <ele>424.2</ele>
      </trkpt>
      <trkpt lat="37.25793259218335" lon="128.16392663866282">
        <ele>424.4</ele>
      </trkpt>
      <trkpt lat="37.25793728604913" lon="128.16391641274095">
        <ele>424.6</ele>
      </trkpt>
      <trkpt lat="37.257941979914904" lon="128.16390551626682">
        <ele>424.8</ele>
      </trkpt>
      <trkpt lat="37.25794700905681" lon="128.16389386542141">
        <ele>425.2</ele>
      </trkpt>
      <trkpt lat="37.25795321166515" lon="128.1638803705573">
        <ele>425.4</ele>
      </trkpt>
      <trkpt lat="37.257960084825754" lon="128.163866372779">
        <ele>425.4</ele>
      </trkpt>
      <trkpt lat="37.257966957986355" lon="128.16385162062943">
        <ele>425.6</ele>
      </trkpt>
      <trkpt lat="37.25797299295664" lon="128.1638361979276">
        <ele>425.8</ele>
      </trkpt>
      <trkpt lat="37.25797978229821" lon="128.16382253542542">
        <ele>426.0</ele>
      </trkpt>
      <trkpt lat="37.25798539817333" lon="128.1638095434755">
        <ele>426.2</ele>
      </trkpt>
      <trkpt lat="37.25799000822008" lon="128.16379512660205">
        <ele>426.2</ele>
      </trkpt>
      <trkpt lat="37.25799545645714" lon="128.1637802068144">
        <ele>426.4</ele>
      </trkpt>
      <trkpt lat="37.25800149142742" lon="128.16376470029354">
        <ele>426.4</ele>
      </trkpt>
      <trkpt lat="37.25800685584545" lon="128.16374919377267">
        <ele>426.4</ele>
      </trkpt>
      <trkpt lat="37.258011884987354" lon="128.1637325976044">
        <ele>426.4</ele>
      </trkpt>
      <trkpt lat="37.25801691412926" lon="128.1637172587216">
        <ele>426.6</ele>
      </trkpt>
      <trkpt lat="37.258022613823414" lon="128.1637006625533">
        <ele>426.6</ele>
      </trkpt>
      <trkpt lat="37.25802822969854" lon="128.1636828929186">
        <ele>426.8</ele>
      </trkpt>
      <trkpt lat="37.25803409703076" lon="128.16366369836032">
        <ele>427.0</ele>
      </trkpt>
      <trkpt lat="37.25803853943944" lon="128.16364349797368">
        <ele>427.0</ele>
      </trkpt>
      <trkpt lat="37.25804306566715" lon="128.16362329758704">
        <ele>427.2</ele>
      </trkpt>
      <trkpt lat="37.25804725661874" lon="128.16360326483846">
        <ele>427.2</ele>
      </trkpt>
      <trkpt lat="37.258049603551626" lon="128.16358205862343">
        <ele>427.2</ele>
      </trkpt>
      <trkpt lat="37.258051950484514" lon="128.16355934366584">
        <ele>427.4</ele>
      </trkpt>
      <trkpt lat="37.25805412977934" lon="128.16353763453662">
        <ele>427.6</ele>
      </trkpt>
      <trkpt lat="37.258057398721576" lon="128.16351726651192">
        <ele>427.8</ele>
      </trkpt>
      <trkpt lat="37.258060751482844" lon="128.16349756903946">
        <ele>428.0</ele>
      </trkpt>
      <trkpt lat="37.25806393660605" lon="128.16347979940474">
        <ele>428.0</ele>
      </trkpt>
      <trkpt lat="37.25806837901473" lon="128.1634641252458">
        <ele>428.2</ele>
      </trkpt>
      <trkpt lat="37.25807374343276" lon="128.16345004364848">
        <ele>428.2</ele>
      </trkpt>
      <trkpt lat="37.258079359307885" lon="128.16343445330858">
        <ele>428.0</ele>
      </trkpt>
      <trkpt lat="37.25808262825012" lon="128.1634167674929">
        <ele>427.8</ele>
      </trkpt>
      <trkpt lat="37.258086148649454" lon="128.1634027697146">
        <ele>427.8</ele>
      </trkpt>
      <trkpt lat="37.25809067487717" lon="128.16338659264147">
        <ele>427.8</ele>
      </trkpt>
      <trkpt lat="37.25809327326715" lon="128.16336932592094">
        <ele>427.8</ele>
      </trkpt>
      <trkpt lat="37.258097380399704" lon="128.1633539032191">
        <ele>428.0</ele>
      </trkpt>
      <trkpt lat="37.258102744817734" lon="128.16333889961243">
        <ele>428.0</ele>
      </trkpt>
      <trkpt lat="37.25810903124511" lon="128.16332498565316">
        <ele>428.2</ele>
      </trkpt>
      <trkpt lat="37.258115569129586" lon="128.1633129157126">
        <ele>428.0</ele>
      </trkpt>
      <trkpt lat="37.25812302902341" lon="128.16330134868622">
        <ele>428.0</ele>
      </trkpt>
      <trkpt lat="37.258132165297866" lon="128.1632917933166">
        <ele>428.0</ele>
      </trkpt>
    </trkseg>
  </trk>
</gpx>
